<?xml version='1.0' encoding='utf-8'?>
<osm version="0.6" generator="Filtered OSM reference, downloaded 2026-10-04"><node id="121844681" lat="25.3767609" lon="51.5558392" /><node id="121847183" lat="25.3620865" lon="51.5560106" /><node id="121847187" lat="25.3750669" lon="51.5628424" /><node id="121847189" lat="25.3642985" lon="51.5555562" /><node id="1352293777" lat="25.3617058" lon="51.5429512" /><node id="1352293803" lat="25.3623390" lon="51.5445134" /><node id="1352293823" lat="25.3636463" lon="51.5423821" /><node id="1352293956" lat="25.3647560" lon="51.5395582" /><node id="1352294001" lat="25.3646779" lon="51.5424436" /><node id="1352294087" lat="25.3659875" lon="51.5412390" /><node id="1352294137" lat="25.3643721" lon="51.5375807" /><node id="1352294158" lat="25.3652448" lon="51.5429308" /><node id="1352294365" lat="25.3663095" lon="51.5411863" /><node id="1352294516" lat="25.3637169" lon="51.5541219" /><node id="1352294548" lat="25.3794748" lon="51.5512678" /><node id="1352294624" lat="25.3732279" lon="51.5506031" /><node id="1352294750" lat="25.3737471" lon="51.5495192" /><node id="1352294802" lat="25.3745037" lon="51.5357027" /><node id="1352294820" lat="25.3740900" lon="51.5369429" /><node id="1352294851" lat="25.3746089" lon="51.5484490" /><node id="1352294941" lat="25.3754002" lon="51.5471354" /><node id="1352294971" lat="25.3745919" lon="51.5410535" /><node id="1352295022" lat="25.3775037" lon="51.5411635" /><node id="1352295033" lat="25.3786645" lon="51.5488366" /><node id="1352295036" lat="25.3807558" lon="51.5482405" /><node id="1474198515" lat="25.3639213" lon="51.5382006" /><node id="1474198536" lat="25.3639926" lon="51.5387870" /><node id="1474198552" lat="25.3650655" lon="51.5376153" /><node id="1474198575" lat="25.3656260" lon="51.5379885" /><node id="1474198593" lat="25.3661826" lon="51.5373903" /><node id="1474198612" lat="25.3661317" lon="51.5366604" /><node id="1474198633" lat="25.3659000" lon="51.5379346" /><node id="1474198659" lat="25.3664854" lon="51.5361644" /><node id="1474198936" lat="25.3607533" lon="51.5576000" /><node id="1474198976" lat="25.3612817" lon="51.5584785" /><node id="1474199064" lat="25.3609696" lon="51.5563897" /><node id="1474199068" lat="25.3607521" lon="51.5596747" /><node id="1474199075" lat="25.3691287" lon="51.5652244" /><node id="1474199079" lat="25.3610393" lon="51.5620411" /><node id="1474199081" lat="25.3611568" lon="51.5606779" /><node id="1474199084" lat="25.3611035" lon="51.5631106" /><node id="1474199088" lat="25.3718285" lon="51.5648193" /><node id="1474199089" lat="25.3627116" lon="51.5563890" /><node id="1474199096" lat="25.3640568" lon="51.5568383" /><node id="1474199112" lat="25.3739549" lon="51.5638309" /><node id="1474199116" lat="25.3744237" lon="51.5487787" /><node id="1474199117" lat="25.3754971" lon="51.5470912" /><node id="1474199118" lat="25.3772686" lon="51.5473339" /><node id="1474199119" lat="25.3751195" lon="51.5502014" /><node id="1474199120" lat="25.3752826" lon="51.5488091" /><node id="1474199121" lat="25.3751231" lon="51.5506678" /><node id="1474199122" lat="25.3756037" lon="51.5485208" /><node id="1474199123" lat="25.3774007" lon="51.5487763" /><node id="1474199124" lat="25.3757261" lon="51.5484738" /><node id="1474199135" lat="25.3765658" lon="51.5483960" /><node id="1474199151" lat="25.3799882" lon="51.5498612" /><node id="1474199155" lat="25.3783022" lon="51.5426373" /><node id="1474199156" lat="25.3747225" lon="51.5521008" /><node id="1474199157" lat="25.3800186" lon="51.5534544" /><node id="1474199158" lat="25.3798144" lon="51.5437833" /><node id="1474199159" lat="25.3749140" lon="51.5522136" /><node id="1474199160" lat="25.3796072" lon="51.5451620" /><node id="1474199161" lat="25.3756682" lon="51.5523709" /><node id="1585646358" lat="25.3641117" lon="51.5431736" /><node id="1628752153" lat="25.3564002" lon="51.5698296" /><node id="1628752193" lat="25.3566293" lon="51.5664607" /><node id="1628752234" lat="25.3579539" lon="51.5645014" /><node id="1628752250" lat="25.3590130" lon="51.5649641" /><node id="1628752260" lat="25.3595093" lon="51.5696849" /><node id="1628752269" lat="25.3597844" lon="51.5637081" /><node id="1628752290" lat="25.3613253" lon="51.5698658" /><node id="1628752307" lat="25.3620251" lon="51.5678478" /><node id="1628752329" lat="25.3622948" lon="51.5537886" /><node id="1628752349" lat="25.3628310" lon="51.5681278" /><node id="1628752358" lat="25.3637897" lon="51.5662828" /><node id="1628752368" lat="25.3648981" lon="51.5670153" /><node id="1628752378" lat="25.3652662" lon="51.5410984" /><node id="1628752397" lat="25.3658576" lon="51.5654786" /><node id="1628752420" lat="25.3672284" lon="51.5663943" /><node id="1628752427" lat="25.3683481" lon="51.5646455" /><node id="1628752475" lat="25.3709434" lon="51.5639421" /><node id="1628752485" lat="25.3733125" lon="51.5501961" /><node id="1628752507" lat="25.3736904" lon="51.5635344" /><node id="1628752527" lat="25.3741149" lon="51.5353146" /><node id="1628752545" lat="25.3744780" lon="51.5340907" /><node id="1628752563" lat="25.3743137" lon="51.5373893" /><node id="1628752569" lat="25.3751469" lon="51.5622792" /><node id="1628752582" lat="25.3764041" lon="51.5417274" /><node id="1628752600" lat="25.3765477" lon="51.5595688" /><node id="1628752611" lat="25.3767936" lon="51.5608469" /><node id="1628752612" lat="25.3774286" lon="51.5584315" /><node id="1628752613" lat="25.3776509" lon="51.5425931" /><node id="1628752619" lat="25.3801207" lon="51.5520817" /><node id="1628752620" lat="25.3809285" lon="51.5460586" /><node id="1630386892" lat="25.3771599" lon="51.5505269" /><node id="1630386896" lat="25.3673602" lon="51.5589532" /><node id="1630386899" lat="25.3769974" lon="51.5377862" /><node id="1630386904" lat="25.3835921" lon="51.5435776" /><node id="1630386907" lat="25.3658781" lon="51.5562764" /><node id="1630386927" lat="25.3732181" lon="51.5328848" /><node id="1630386929" lat="25.3821480" lon="51.5445994" /><node id="1630386934" lat="25.3674789" lon="51.5562268" /><node id="1630386936" lat="25.3751568" lon="51.5345638" /><node id="1630386938" lat="25.3731051" lon="51.5322341" /><node id="1630386943" lat="25.3680606" lon="51.5570958" /><node id="1630386968" lat="25.3663483" lon="51.5557306" /><node id="1630386971" lat="25.3668185" lon="51.5590310" /><node id="1630386973" lat="25.3665967" lon="51.5561128" /><node id="1630386989" lat="25.3660890" lon="51.5579568" /><node id="1630387003" lat="25.3680436" lon="51.5568852" /><node id="1630387004" lat="25.3776164" lon="51.5492143" /><node id="1630387005" lat="25.3757565" lon="51.5511050" /><node id="1630387008" lat="25.3676874" lon="51.5579742" /><node id="1630387010" lat="25.3747737" lon="51.5311307" /><node id="1630387034" lat="25.3771186" lon="51.5495193" /><node id="1630387053" lat="25.3726020" lon="51.5327686" /><node id="1630387057" lat="25.3756807" lon="51.5399868" /><node id="1630387059" lat="25.3738916" lon="51.5312594" /><node id="1630387061" lat="25.3752731" lon="51.5348482" /><node id="1630387068" lat="25.3831755" lon="51.5424456" /><node id="1630387072" lat="25.3752463" lon="51.5316135" /><node id="1630387075" lat="25.3824340" lon="51.5449575" /><node id="1630387081" lat="25.3747976" lon="51.5340724" /><node id="1630387096" lat="25.3674095" lon="51.5584305" /><node id="1630387101" lat="25.3732567" lon="51.5322997" /><node id="1630387108" lat="25.3833500" lon="51.5444317" /><node id="1630387116" lat="25.3795066" lon="51.5413693" /><node id="1630387123" lat="25.3755833" lon="51.5360713" /><node id="1630387126" lat="25.3830543" lon="51.5460183" /><node id="1630387136" lat="25.3813919" lon="51.5437625" /><node id="1630387159" lat="25.3661993" lon="51.5566801" /><node id="1630387160" lat="25.3657582" lon="51.5559290" /><node id="1630387161" lat="25.3664198" lon="51.5585925" /><node id="1630387162" lat="25.3671154" lon="51.5591202" /><node id="1630387166" lat="25.3765631" lon="51.5371345" /><node id="1630387172" lat="25.3830046" lon="51.5457205" /><node id="1630387184" lat="25.3758061" lon="51.5403441" /><node id="1630387195" lat="25.3760701" lon="51.5366968" /><node id="1630387197" lat="25.3677092" lon="51.5562093" /><node id="1630387215" lat="25.3659908" lon="51.5570301" /><node id="1630387217" lat="25.3835164" lon="51.5434979" /><node id="1643219934" lat="25.3673481" lon="51.5601575" /><node id="1643219935" lat="25.3730868" lon="51.5432978" /><node id="1643219936" lat="25.3626357" lon="51.5562985" /><node id="1643219939" lat="25.3654830" lon="51.5432383" /><node id="1643219942" lat="25.3679346" lon="51.5543935" /><node id="1643219944" lat="25.3647354" lon="51.5398492" /><node id="1643219949" lat="25.3658972" lon="51.5442728" /><node id="1643219953" lat="25.3694663" lon="51.5561423" /><node id="1643219955" lat="25.3721220" lon="51.5455895" /><node id="1643219962" lat="25.3649258" lon="51.5426085" /><node id="1643219966" lat="25.3685114" lon="51.5596023" /><node id="1643219969" lat="25.3689046" lon="51.5479964" /><node id="1643219970" lat="25.3690367" lon="51.5396098" /><node id="1643219971" lat="25.3723466" lon="51.5431429" /><node id="1643219974" lat="25.3661348" lon="51.5463915" /><node id="1643219975" lat="25.3658272" lon="51.5412915" /><node id="1643219977" lat="25.3717988" lon="51.5461048" /><node id="1643219980" lat="25.3687101" lon="51.5549138" /><node id="1643219982" lat="25.3673820" lon="51.5401469" /><node id="1643219992" lat="25.3662914" lon="51.5450621" /><node id="1643219994" lat="25.3714626" lon="51.5472581" /><node id="1643219997" lat="25.3648632" lon="51.5404212" /><node id="1643220001" lat="25.3708660" lon="51.5409292" /><node id="1643220008" lat="25.3695850" lon="51.5566653" /><node id="1643220010" lat="25.3668136" lon="51.5543138" /><node id="1643220013" lat="25.3662071" lon="51.5553235" /><node id="1643220014" lat="25.3659939" lon="51.5447100" /><node id="1643220016" lat="25.3696202" lon="51.5570904" /><node id="1643220017" lat="25.3696074" lon="51.5404835" /><node id="1643220019" lat="25.3711794" lon="51.5468427" /><node id="1643220021" lat="25.3685931" lon="51.5479474" /><node id="1643220023" lat="25.3695462" lon="51.5578696" /><node id="1643220030" lat="25.3683696" lon="51.5597190" /><node id="1643220031" lat="25.3629588" lon="51.5425117" /><node id="1643220033" lat="25.3690131" lon="51.5552464" /><node id="1643220035" lat="25.3650638" lon="51.5552008" /><node id="1643220037" lat="25.3636969" lon="51.5564454" /><node id="1643220039" lat="25.3649044" lon="51.5404332" /><node id="1643220042" lat="25.3714018" lon="51.5404310" /><node id="1643220044" lat="25.3660199" lon="51.5553148" /><node id="1643220048" lat="25.3677383" lon="51.5600583" /><node id="1643220050" lat="25.3647687" lon="51.5397305" /><node id="1643220052" lat="25.3660732" lon="51.5600905" /><node id="1643220055" lat="25.3686416" lon="51.5476792" /><node id="1643220058" lat="25.3716638" lon="51.5462756" /><node id="1643220063" lat="25.3655097" lon="51.5411246" /><node id="1643220068" lat="25.3704145" lon="51.5478328" /><node id="1643220074" lat="25.3639513" lon="51.5549520" /><node id="1643220076" lat="25.3689137" lon="51.5592188" /><node id="1643220077" lat="25.3678837" lon="51.5398894" /><node id="1643220079" lat="25.3720420" lon="51.5422623" /><node id="1643220083" lat="25.3644246" lon="51.5555958" /><node id="1643220085" lat="25.3653559" lon="51.5597284" /><node id="1643220087" lat="25.3711823" lon="51.5402842" /><node id="1643220089" lat="25.3650965" lon="51.5595004" /><node id="1643220097" lat="25.3683151" lon="51.5545920" /><node id="1643220098" lat="25.3726468" lon="51.5418766" /><node id="1643220099" lat="25.3640350" lon="51.5552209" /><node id="1643220100" lat="25.3655461" lon="51.5551016" /><node id="1643220101" lat="25.3730325" lon="51.5449622" /><node id="1643220103" lat="25.3643921" lon="51.5423443" /><node id="1643220108" lat="25.3641137" lon="51.5570328" /><node id="1643220110" lat="25.3719813" lon="51.5409325" /><node id="1643220118" lat="25.3661738" lon="51.5551753" /><node id="1643220120" lat="25.3649535" lon="51.5408403" /><node id="1643220128" lat="25.3662586" lon="51.5409160" /><node id="1643220132" lat="25.3625227" lon="51.5561774" /><node id="1643220133" lat="25.3665728" lon="51.5469795" /><node id="1643220134" lat="25.3647378" lon="51.5591209" /><node id="1643220136" lat="25.3645803" lon="51.5399263" /><node id="1643220137" lat="25.3663222" lon="51.5548555" /><node id="1643220138" lat="25.3641440" lon="51.5575545" /><node id="1643220139" lat="25.3669373" lon="51.5601951" /><node id="1643220140" lat="25.3622226" lon="51.5560244" /><node id="1643220144" lat="25.3649038" lon="51.5406733" /><node id="1643220150" lat="25.3652298" lon="51.5551190" /><node id="1643220154" lat="25.3665265" lon="51.5601803" /><node id="1643220156" lat="25.3662462" lon="51.5550058" /><node id="1643220157" lat="25.3691609" lon="51.5588701" /><node id="1643220160" lat="25.3664718" lon="51.5546292" /><node id="1643220162" lat="25.3659321" lon="51.5552893" /><node id="1643220164" lat="25.3694057" lon="51.5583631" /><node id="1643220165" lat="25.3670160" lon="51.5542191" /><node id="1643220170" lat="25.3693111" lon="51.5557453" /><node id="1643220172" lat="25.3675928" lon="51.5542527" /><node id="1643220173" lat="25.3727080" lon="51.5459414" /><node id="1643220178" lat="25.3730167" lon="51.5429545" /><node id="1643220179" lat="25.3639659" lon="51.5566733" /><node id="1643220181" lat="25.3620524" lon="51.5438336" /><node id="1643220185" lat="25.3665634" lon="51.5457172" /><node id="1643220187" lat="25.3731045" lon="51.5445149" /><node id="1643220189" lat="25.3696698" lon="51.5396239" /><node id="1643220191" lat="25.3684217" lon="51.5397090" /><node id="1643220197" lat="25.3723975" lon="51.5414578" /><node id="1643220202" lat="25.3654110" lon="51.5409744" /><node id="1643220221" lat="25.3656999" lon="51.5436280" /><node id="1643220228" lat="25.3670961" lon="51.5474628" /><node id="1643220230" lat="25.3645403" lon="51.5588205" /><node id="1643220233" lat="25.3656031" lon="51.5412064" /><node id="1643220240" lat="25.3649099" lon="51.5553336" /><node id="1643220241" lat="25.3666326" lon="51.5544427" /><node id="1643220242" lat="25.3658145" lon="51.5439188" /><node id="1643220244" lat="25.3656915" lon="51.5551512" /><node id="1643220245" lat="25.3667612" lon="51.5405663" /><node id="1643220248" lat="25.3633018" lon="51.5539187" /><node id="1643220249" lat="25.3640833" lon="51.5423269" /><node id="1643220251" lat="25.3656709" lon="51.5599242" /><node id="1643220253" lat="25.3618019" lon="51.5429175" /><node id="1643220255" lat="25.3659692" lon="51.5460966" /><node id="1643220262" lat="25.3679655" lon="51.5474341" /><node id="1643220282" lat="25.3672681" lon="51.5541963" /><node id="1643220284" lat="25.3638483" lon="51.5565459" /><node id="1643220298" lat="25.3646263" lon="51.5555240" /><node id="1643220300" lat="25.3640733" lon="51.5547652" /><node id="1643220303" lat="25.3650590" lon="51.5409878" /><node id="1643220309" lat="25.3647887" lon="51.5404527" /><node id="1643220315" lat="25.3623756" lon="51.5560806" /><node id="1643220323" lat="25.3635587" lon="51.5564024" /><node id="1643220324" lat="25.3661138" lon="51.5451130" /><node id="1643220338" lat="25.3709503" lon="51.5476029" /><node id="1643220341" lat="25.3623184" lon="51.5427096" /><node id="1643220345" lat="25.3642143" lon="51.5580627" /><node id="1643223039" lat="25.3641331" lon="51.5572554" /><node id="1643227808" lat="25.3621796" lon="51.5474747" /><node id="1643227809" lat="25.3623440" lon="51.5518738" /><node id="1643227815" lat="25.3615026" lon="51.5525911" /><node id="1643227820" lat="25.3621493" lon="51.5449534" /><node id="1643227839" lat="25.3618840" lon="51.5536411" /><node id="1643227843" lat="25.3624087" lon="51.5503997" /><node id="1643227846" lat="25.3627898" lon="51.5487687" /><node id="1643227849" lat="25.3619518" lon="51.5493818" /><node id="1643227850" lat="25.3619979" lon="51.5537041" /><node id="1643227851" lat="25.3627576" lon="51.5488848" /><node id="1643227869" lat="25.3620136" lon="51.5454161" /><node id="1643227880" lat="25.3615516" lon="51.5524419" /><node id="1643227884" lat="25.3627771" lon="51.5484108" /><node id="1643227889" lat="25.3621229" lon="51.5427883" /><node id="1643227903" lat="25.3620870" lon="51.5519165" /><node id="1643227907" lat="25.3627965" lon="51.5485324" /><node id="1643227915" lat="25.3623626" lon="51.5478355" /><node id="1643227919" lat="25.3620476" lon="51.5470751" /><node id="1643227921" lat="25.3616502" lon="51.5522593" /><node id="1643227922" lat="25.3621784" lon="51.5498820" /><node id="1643227925" lat="25.3626359" lon="51.5481587" /><node id="1643227927" lat="25.3624814" lon="51.5507027" /><node id="1643227931" lat="25.3619312" lon="51.5459901" /><node id="1643227932" lat="25.3625747" lon="51.5516549" /><node id="1643227940" lat="25.3624935" lon="51.5480018" /><node id="1643227946" lat="25.3619361" lon="51.5464836" /><node id="1643227947" lat="25.3619119" lon="51.5520040" /><node id="1643227950" lat="25.3617167" lon="51.5534855" /><node id="1643227953" lat="25.3615277" lon="51.5531543" /><node id="1643227954" lat="25.3614771" lon="51.5529672" /><node id="1643227955" lat="25.3625468" lon="51.5510622" /><node id="1643227958" lat="25.3621969" lon="51.5518891" /><node id="1643227959" lat="25.3626859" lon="51.5490228" /><node id="1643227961" lat="25.3624899" lon="51.5518655" /><node id="1643227966" lat="25.3625735" lon="51.5513492" /><node id="1643227968" lat="25.3614720" lon="51.5528074" /><node id="1643227975" lat="25.3625536" lon="51.5491600" /><node id="1643227982" lat="25.3616452" lon="51.5533876" /><node id="1643227983" lat="25.3617343" lon="51.5521544" /><node id="1643227984" lat="25.3627407" lon="51.5483109" /><node id="1643227987" lat="25.3619862" lon="51.5519579" /><node id="1643227991" lat="25.3618076" lon="51.5535834" /><node id="1643227993" lat="25.3621106" lon="51.5537524" /><node id="1643227997" lat="25.3626929" lon="51.5482358" /><node id="1643227999" lat="25.3628034" lon="51.5486300" /><node id="1643228001" lat="25.3615761" lon="51.5532669" /><node id="1643233523" lat="25.3562948" lon="51.5669167" /><node id="1643233549" lat="25.3606697" lon="51.5570697" /><node id="1643247718" lat="25.3595644" lon="51.5642674" /><node id="1643247720" lat="25.3608454" lon="51.5595634" /><node id="1643247723" lat="25.3611265" lon="51.5619063" /><node id="1643247726" lat="25.3602328" lon="51.5635224" /><node id="1643247728" lat="25.3601474" lon="51.5635016" /><node id="1643247730" lat="25.3612017" lon="51.5590069" /><node id="1643247732" lat="25.3575182" lon="51.5644444" /><node id="1643247734" lat="25.3609593" lon="51.5591960" /><node id="1643247746" lat="25.3600716" lon="51.5636250" /><node id="1643247748" lat="25.3612968" lon="51.5607771" /><node id="1643247750" lat="25.3608321" lon="51.5600234" /><node id="1643247752" lat="25.3606648" lon="51.5634754" /><node id="1643247754" lat="25.3570892" lon="51.5649419" /><node id="1643247755" lat="25.3610344" lon="51.5591598" /><node id="1643247757" lat="25.3610926" lon="51.5624093" /><node id="1643247761" lat="25.3600128" lon="51.5636692" /><node id="1643247762" lat="25.3567917" lon="51.5658545" /><node id="1643247771" lat="25.3585489" lon="51.5649976" /><node id="1643247774" lat="25.3610247" lon="51.5632535" /><node id="1643247777" lat="25.3607278" lon="51.5574995" /><node id="1643247780" lat="25.3571110" lon="51.5647642" /><node id="1643247787" lat="25.3609048" lon="51.5594079" /><node id="1643247789" lat="25.3606418" lon="51.5572634" /><node id="1643247791" lat="25.3611078" lon="51.5606651" /><node id="1643247793" lat="25.3609326" lon="51.5592362" /><node id="1643247814" lat="25.3608914" lon="51.5602829" /><node id="1643247825" lat="25.3604370" lon="51.5635693" /><node id="1643247829" lat="25.3607678" lon="51.5634687" /><node id="1643247833" lat="25.3606672" lon="51.5573721" /><node id="1643247836" lat="25.3595723" lon="51.5643800" /><node id="1643247839" lat="25.3608030" lon="51.5577905" /><node id="1643247840" lat="25.3591791" lon="51.5648983" /><node id="1643247841" lat="25.3569122" lon="51.5650418" /><node id="1643247853" lat="25.3594118" lon="51.5647280" /><node id="1643247855" lat="25.3608151" lon="51.5598665" /><node id="1643247860" lat="25.3582084" lon="51.5646985" /><node id="1643247867" lat="25.3612659" lon="51.5588325" /><node id="1643247871" lat="25.3609339" lon="51.5633869" /><node id="1643247882" lat="25.3572808" lon="51.5646769" /><node id="1643247887" lat="25.3574337" lon="51.5646454" /><node id="1643247892" lat="25.3597341" lon="51.5638389" /><node id="1643247894" lat="25.3610217" lon="51.5604579" /><node id="1643247904" lat="25.3611005" lon="51.5623274" /><node id="1643247907" lat="25.3608636" lon="51.5578093" /><node id="1643247910" lat="25.3605461" lon="51.5635090" /><node id="1643247918" lat="25.3586471" lon="51.5650325" /><node id="1643247922" lat="25.3617114" lon="51.5560707" /><node id="1643247930" lat="25.3608224" lon="51.5602601" /><node id="1643247933" lat="25.3610193" lon="51.5605337" /><node id="1643247951" lat="25.3610920" lon="51.5622275" /><node id="1643247953" lat="25.3603631" lon="51.5635760" /><node id="1643247959" lat="25.3607520" lon="51.5567824" /><node id="1643247962" lat="25.3607957" lon="51.5600844" /><node id="1643247965" lat="25.3608610" lon="51.5565284" /><node id="1643247971" lat="25.3611205" lon="51.5627177" /><node id="1643247990" lat="25.3610393" lon="51.5578522" /><node id="1643247992" lat="25.3610526" lon="51.5621323" /><node id="1643248000" lat="25.3584883" lon="51.5649453" /><node id="1643248002" lat="25.3571649" lon="51.5646744" /><node id="1643248005" lat="25.3608830" lon="51.5595031" /><node id="1643248010" lat="25.3595869" lon="51.5640716" /><node id="1643248012" lat="25.3619149" lon="51.5560190" /><node id="1643248015" lat="25.3596893" lon="51.5639891" /><node id="1643248027" lat="25.3610587" lon="51.5624723" /><node id="1643248030" lat="25.3568438" lon="51.5652792" /><node id="1643248033" lat="25.3612574" lon="51.5616100" /><node id="1643248036" lat="25.3613762" lon="51.5611526" /><node id="1643248039" lat="25.3608333" lon="51.5599443" /><node id="1643248041" lat="25.3612938" lon="51.5586770" /><node id="1643248043" lat="25.3595214" lon="51.5640943" /><node id="1643248046" lat="25.3609157" lon="51.5592952" /><node id="1643248057" lat="25.3609672" lon="51.5603124" /><node id="1643248059" lat="25.3580726" lon="51.5646422" /><node id="1643248067" lat="25.3571031" lon="51.5648930" /><node id="1643248071" lat="25.3611056" lon="51.5562793" /><node id="1643248073" lat="25.3613168" lon="51.5614115" /><node id="1643248076" lat="25.3611532" lon="51.5628491" /><node id="1643248079" lat="25.3611338" lon="51.5591075" /><node id="1643248083" lat="25.3572388" lon="51.5646677" /><node id="1643248094" lat="25.3602795" lon="51.5635680" /><node id="1643248098" lat="25.3595154" lon="51.5645436" /><node id="1643248099" lat="25.3607630" lon="51.5577476" /><node id="1643248102" lat="25.3609496" lon="51.5578200" /><node id="1643248107" lat="25.3575830" lon="51.5644611" /><node id="1643248111" lat="25.3592978" lon="51.5648326" /><node id="1643248123" lat="25.3584604" lon="51.5648434" /><node id="1643248130" lat="25.3610344" lon="51.5625568" /><node id="1643248134" lat="25.3595039" lon="51.5641158" /><node id="1643248136" lat="25.3570304" lon="51.5650137" /><node id="1643248140" lat="25.3576521" lon="51.5645792" /><node id="1643248143" lat="25.3578109" lon="51.5646140" /><node id="1643248145" lat="25.3574970" lon="51.5645125" /><node id="1643248147" lat="25.3574795" lon="51.5645942" /><node id="1643248151" lat="25.3583271" lon="51.5646972" /><node id="1643248164" lat="25.3578957" lon="51.5645738" /><node id="1643248167" lat="25.3580496" lon="51.5645805" /><node id="1643248172" lat="25.3581381" lon="51.5646851" /><node id="1643248174" lat="25.3567577" lon="51.5660772" /><node id="1643248176" lat="25.3584326" lon="51.5646730" /><node id="1643248178" lat="25.3611726" lon="51.5580118" /><node id="1643248179" lat="25.3597177" lon="51.5639187" /><node id="1643248183" lat="25.3598117" lon="51.5636913" /><node id="1643248202" lat="25.3571128" lon="51.5648333" /><node id="1643248205" lat="25.3571292" lon="51.5646908" /><node id="1643248207" lat="25.3598668" lon="51.5636887" /><node id="1643248211" lat="25.3565626" lon="51.5666042" /><node id="1643248216" lat="25.3611484" lon="51.5629819" /><node id="1643248218" lat="25.3612534" lon="51.5562093" /><node id="1643248223" lat="25.3611920" lon="51.5617776" /><node id="1643248230" lat="25.3610041" lon="51.5603714" /><node id="1643248232" lat="25.3607836" lon="51.5596198" /><node id="1643248235" lat="25.3601189" lon="51.5635579" /><node id="1643248239" lat="25.3599462" lon="51.5636900" /><node id="1643248245" lat="25.3564238" lon="51.5668081" /><node id="1643248249" lat="25.3607800" lon="51.5597941" /><node id="1643248251" lat="25.3608478" lon="51.5634593" /><node id="1643248253" lat="25.3568183" lon="51.5654053" /><node id="1643248268" lat="25.3596366" lon="51.5640488" /><node id="1643248271" lat="25.3573680" lon="51.5646694" /><node id="1643248275" lat="25.3580508" lon="51.5645014" /><node id="1643248280" lat="25.3607763" lon="51.5601334" /><node id="1643248293" lat="25.3610823" lon="51.5619586" /><node id="1643248295" lat="25.3613544" lon="51.5609273" /><node id="1643248298" lat="25.3587913" lon="51.5650298" /><node id="1643270193" lat="25.3565293" lon="51.5709226" /><node id="1643270218" lat="25.3563651" lon="51.5703607" /><node id="1643270248" lat="25.3563432" lon="51.5696754" /><node id="1643270261" lat="25.3555742" lon="51.5670752" /><node id="1643270264" lat="25.3563772" lon="51.5705229" /><node id="1643270273" lat="25.3552329" lon="51.5675808" /><node id="1643270277" lat="25.3552428" lon="51.5680513" /><node id="1643270306" lat="25.3576376" lon="51.5712136" /><node id="1643270317" lat="25.3556452" lon="51.5686333" /><node id="1643270320" lat="25.3553858" lon="51.5683731" /><node id="1643270326" lat="25.3562427" lon="51.5694702" /><node id="1643270349" lat="25.3559675" lon="51.5669230" /><node id="1643270354" lat="25.3552998" lon="51.5682229" /><node id="1643270372" lat="25.3555131" lon="51.5685274" /><node id="1643270375" lat="25.3554174" lon="51.5672236" /><node id="1643270410" lat="25.3557567" lon="51.5669740" /><node id="1643270413" lat="25.3570510" lon="51.5712847" /><node id="1643270424" lat="25.3717353" lon="51.5461805" /><node id="1643270436" lat="25.3558136" lon="51.5687312" /><node id="1643270439" lat="25.3563826" lon="51.5701374" /><node id="1643270500" lat="25.3561372" lon="51.5692878" /><node id="1643270537" lat="25.3569056" lon="51.5712458" /><node id="1643270544" lat="25.3552113" lon="51.5678689" /><node id="1643270555" lat="25.3553059" lon="51.5673934" /><node id="1643270559" lat="25.3566571" lon="51.5710741" /><node id="1643270592" lat="25.3745061" lon="51.5486451" /><node id="1643270604" lat="25.3559312" lon="51.5689069" /><node id="1643270618" lat="25.3567868" lon="51.5711881" /><node id="1643270624" lat="25.3562245" lon="51.5669315" /><node id="1643270633" lat="25.3564111" lon="51.5699717" /><node id="1643270635" lat="25.3557543" lon="51.5686910" /><node id="1643270637" lat="25.3564196" lon="51.5707053" /><node id="1643270638" lat="25.3561162" lon="51.5669231" /><node id="1643270640" lat="25.3560245" lon="51.5690987" /><node id="1643270644" lat="25.3572182" lon="51.5713048" /><node id="1643270645" lat="25.3574012" lon="51.5713021" /><node id="1643278678" lat="25.3665774" lon="51.5587950" /><node id="1643278679" lat="25.3680230" lon="51.5573908" /><node id="1643278682" lat="25.3661811" lon="51.5581888" /><node id="1643278685" lat="25.3678013" lon="51.5578549" /><node id="1643278687" lat="25.3679612" lon="51.5565996" /><node id="1643278689" lat="25.3694207" lon="51.5424496" /><node id="1643278691" lat="25.3699060" lon="51.5453888" /><node id="1643278693" lat="25.3670390" lon="51.5591182" /><node id="1643278695" lat="25.3660442" lon="51.5577891" /><node id="1643278704" lat="25.3670718" lon="51.5562388" /><node id="1643278706" lat="25.3706173" lon="51.5437985" /><node id="1643278708" lat="25.3679612" lon="51.5575598" /><node id="1643278709" lat="25.3674244" lon="51.5583175" /><node id="1643278714" lat="25.3675553" lon="51.5580882" /><node id="1643278719" lat="25.3674535" lon="51.5582290" /><node id="1643278731" lat="25.3674128" lon="51.5585589" /><node id="1643278733" lat="25.3680061" lon="51.5567109" /><node id="1643278736" lat="25.3700548" lon="51.5452337" /><node id="1643278738" lat="25.3662998" lon="51.5584074" /><node id="1643278742" lat="25.3677698" lon="51.5563327" /><node id="1643278743" lat="25.3691243" lon="51.5455697" /><node id="1643278745" lat="25.3660866" lon="51.5565674" /><node id="1643278749" lat="25.3674244" lon="51.5587226" /><node id="1643278752" lat="25.3705401" lon="51.5429433" /><node id="1643278754" lat="25.3689536" lon="51.5455367" /><node id="1643278758" lat="25.3700611" lon="51.5426866" /><node id="1643278760" lat="25.3698183" lon="51.5425429" /><node id="1643278761" lat="25.3659654" lon="51.5564346" /><node id="1643278763" lat="25.3702629" lon="51.5446862" /><node id="1643278765" lat="25.3702213" lon="51.5428294" /><node id="1643278766" lat="25.3708499" lon="51.5432701" /><node id="1643278769" lat="25.3678825" lon="51.5564856" /><node id="1643278772" lat="25.3674074" lon="51.5588634" /><node id="1643278774" lat="25.3664707" lon="51.5559599" /><node id="1643278777" lat="25.3686233" lon="51.5426286" /><node id="1643278782" lat="25.3683966" lon="51.5427932" /><node id="1643278785" lat="25.3702766" lon="51.5445193" /><node id="1643278790" lat="25.3679015" lon="51.5436728" /><node id="1643278792" lat="25.3667131" lon="51.5561852" /><node id="1643278794" lat="25.3679936" lon="51.5446602" /><node id="1643278795" lat="25.3703693" lon="51.5441882" /><node id="1643278797" lat="25.3697244" lon="51.5455009" /><node id="1643278798" lat="25.3659884" lon="51.5575477" /><node id="1643278802" lat="25.3708048" lon="51.5435879" /><node id="1643278803" lat="25.3707544" lon="51.5430617" /><node id="1643278805" lat="25.3680688" lon="51.5432091" /><node id="1643278808" lat="25.3666707" lon="51.5589076" /><node id="1643278809" lat="25.3671681" lon="51.5591001" /><node id="1643278810" lat="25.3659727" lon="51.5571602" /><node id="1643278812" lat="25.3668633" lon="51.5562308" /><node id="1643278813" lat="25.3672148" lon="51.5590847" /><node id="1643278815" lat="25.3708573" lon="51.5433818" /><node id="1643278817" lat="25.3695301" lon="51.5455551" /><node id="1643278818" lat="25.3672887" lon="51.5590317" /><node id="1643278820" lat="25.3669336" lon="51.5590981" /><node id="1643278821" lat="25.3678849" lon="51.5577020" /><node id="1643278823" lat="25.3678721" lon="51.5438873" /><node id="1643278825" lat="25.3691955" lon="51.5424515" /><node id="1643278826" lat="25.3687904" lon="51.5425461" /><node id="1643278828" lat="25.3704265" lon="51.5429442" /><node id="1643278834" lat="25.3685128" lon="51.5453278" /><node id="1643289729" lat="25.3696698" lon="51.5479991" /><node id="1643289730" lat="25.3748016" lon="51.5412010" /><node id="1643289741" lat="25.3773699" lon="51.5420423" /><node id="1643289743" lat="25.3786378" lon="51.5434796" /><node id="1643289744" lat="25.3761744" lon="51.5415350" /><node id="1643289746" lat="25.3806843" lon="51.5457728" /><node id="1643289747" lat="25.3661144" lon="51.5553322" /><node id="1643289750" lat="25.3796411" lon="51.5445370" /><node id="1643289751" lat="25.3698952" lon="51.5479749" /><node id="1643289753" lat="25.3701352" lon="51.5479173" /><node id="1643289754" lat="25.3796090" lon="51.5444398" /><node id="1643289756" lat="25.3784748" lon="51.5426803" /><node id="1643289758" lat="25.3752693" lon="51.5406941" /><node id="1643289760" lat="25.3746707" lon="51.5412252" /><node id="1643289769" lat="25.3752293" lon="51.5411769" /><node id="1643289771" lat="25.3796478" lon="51.5445813" /><node id="1643289776" lat="25.3752542" lon="51.5406518" /><node id="1643289777" lat="25.3796435" lon="51.5443285" /><node id="1643289782" lat="25.3797423" lon="51.5437786" /><node id="1643289790" lat="25.3754245" lon="51.5411753" /><node id="1643289794" lat="25.3796411" lon="51.5446316" /><node id="1643289796" lat="25.3768705" lon="51.5414149" /><node id="1643289799" lat="25.3762944" lon="51.5417884" /><node id="1643289801" lat="25.3759660" lon="51.5412439" /><node id="1643289802" lat="25.3663065" lon="51.5450983" /><node id="1643289805" lat="25.3776927" lon="51.5423970" /><node id="1643289808" lat="25.3647851" lon="51.5554328" /><node id="1643289810" lat="25.3781435" lon="51.5426816" /><node id="1643289817" lat="25.3784446" lon="51.5430464" /><node id="1643289820" lat="25.3800422" lon="51.5454188" /><node id="1643289822" lat="25.3777048" lon="51.5424605" /><node id="1643289826" lat="25.3749482" lon="51.5411822" /><node id="1643289828" lat="25.3765992" lon="51.5415841" /><node id="1643289829" lat="25.3691076" lon="51.5480125" /><node id="1643289830" lat="25.3794999" lon="51.5447831" /><node id="1643289846" lat="25.3794690" lon="51.5437438" /><node id="1643289849" lat="25.3760818" lon="51.5413492" /><node id="1643289855" lat="25.3756374" lon="51.5411776" /><node id="1643289857" lat="25.3773993" lon="51.5413928" /><node id="1643289859" lat="25.3784676" lon="51.5432040" /><node id="1643289860" lat="25.3706637" lon="51.5477332" /><node id="1643289861" lat="25.3761987" lon="51.5419252" /><node id="1643289863" lat="25.3797956" lon="51.5453229" /><node id="1643289865" lat="25.3796223" lon="51.5445042" /><node id="1643289868" lat="25.3787354" lon="51.5433387" /><node id="1643289871" lat="25.3786951" lon="51.5434216" /><node id="1643289885" lat="25.3787254" lon="51.5433706" /><node id="1643289887" lat="25.3773677" lon="51.5415969" /><node id="1643289890" lat="25.3794230" lon="51.5448656" /><node id="1643289893" lat="25.3802639" lon="51.5455328" /><node id="1643289896" lat="25.3797429" lon="51.5441501" /><node id="1643289900" lat="25.3711064" lon="51.5475042" /><node id="1643289903" lat="25.3792655" lon="51.5437277" /><node id="1643289905" lat="25.3760545" lon="51.5418367" /><node id="1643289907" lat="25.3643628" lon="51.5555830" /><node id="1643289909" lat="25.3656188" lon="51.5551190" /><node id="1643289920" lat="25.3761520" lon="51.5414833" /><node id="1643289925" lat="25.3776776" lon="51.5423701" /><node id="1643289927" lat="25.3773610" lon="51.5418103" /><node id="1643289929" lat="25.3651353" lon="51.5551552" /><node id="1643289931" lat="25.3777042" lon="51.5424301" /><node id="1643289934" lat="25.3774867" lon="51.5423074" /><node id="1643289937" lat="25.3660963" lon="51.5558043" /><node id="1643289944" lat="25.3708490" lon="51.5476576" /><node id="1643289948" lat="25.3770212" lon="51.5413444" /><node id="1643289950" lat="25.3784773" lon="51.5425931" /><node id="1643289953" lat="25.3798338" lon="51.5440107" /><node id="1643289959" lat="25.3774158" lon="51.5422994" /><node id="1643289961" lat="25.3805026" lon="51.5456629" /><node id="1643289964" lat="25.3777933" lon="51.5428640" /><node id="1643289965" lat="25.3758192" lon="51.5411959" /><node id="1643289968" lat="25.3786233" lon="51.5432080" /><node id="1643289974" lat="25.3688095" lon="51.5479830" /><node id="1643289977" lat="25.3761999" lon="51.5415490" /><node id="1643289979" lat="25.3798580" lon="51.5453424" /><node id="1643289991" lat="25.3787142" lon="51.5433947" /><node id="1643289992" lat="25.3784446" lon="51.5429585" /><node id="1643306622" lat="25.3793127" lon="51.5491967" /><node id="1643306624" lat="25.3813513" lon="51.5499685" /><node id="1643306634" lat="25.3815737" lon="51.5485134" /><node id="1643306635" lat="25.3784718" lon="51.5483853" /><node id="1643306636" lat="25.3797786" lon="51.5498042" /><node id="1643306638" lat="25.3777745" lon="51.5476209" /><node id="1643306639" lat="25.3807413" lon="51.5466942" /><node id="1643306640" lat="25.3785373" lon="51.5485395" /><node id="1643306642" lat="25.3789916" lon="51.5491377" /><node id="1643306643" lat="25.3776691" lon="51.5475532" /><node id="1643306644" lat="25.3785803" lon="51.5486495" /><node id="1643306651" lat="25.3793751" lon="51.5492168" /><node id="1643306652" lat="25.3795260" lon="51.5493449" /><node id="1643306653" lat="25.3783519" lon="51.5481734" /><node id="1643306655" lat="25.3796066" lon="51.5495876" /><node id="1643306656" lat="25.3806771" lon="51.5473339" /><node id="1643306657" lat="25.3773116" lon="51.5473503" /><node id="1643306658" lat="25.3806822" lon="51.5478718" /><node id="1643306659" lat="25.3806116" lon="51.5499182" /><node id="1643306661" lat="25.3772329" lon="51.5473212" /><node id="1643306662" lat="25.3789062" lon="51.5490867" /><node id="1643306667" lat="25.3796508" lon="51.5496674" /><node id="1643306669" lat="25.3779617" lon="51.5477456" /><node id="1643306671" lat="25.3809939" lon="51.5498109" /><node id="1643306672" lat="25.3774117" lon="51.5474030" /><node id="1643306676" lat="25.3808503" lon="51.5498900" /><node id="1643306678" lat="25.3807086" lon="51.5469933" /><node id="1643306679" lat="25.3812041" lon="51.5482861" /><node id="1643306680" lat="25.3775270" lon="51.5474693" /><node id="1643306681" lat="25.3814774" lon="51.5500134" /><node id="1643306687" lat="25.3806796" lon="51.5476742" /><node id="1643306688" lat="25.3795451" lon="51.5493724" /><node id="1643306691" lat="25.3810624" lon="51.5482566" /><node id="1643306692" lat="25.3795387" lon="51.5450768" /><node id="1643306693" lat="25.3787747" lon="51.5436814" /><node id="1643306709" lat="25.3809133" lon="51.5498672" /><node id="1643306710" lat="25.3813423" lon="51.5500000" /><node id="1643306712" lat="25.3807994" lon="51.5464219" /><node id="1643306715" lat="25.3817167" lon="51.5487783" /><node id="1643306719" lat="25.3798762" lon="51.5498404" /><node id="1643306721" lat="25.3816670" lon="51.5486549" /><node id="1643306723" lat="25.3813404" lon="51.5500315" /><node id="1643306729" lat="25.3808564" lon="51.5461940" /><node id="1643306731" lat="25.3816028" lon="51.5497170" /><node id="1643306736" lat="25.3817294" lon="51.5491779" /><node id="1643306739" lat="25.3814622" lon="51.5484148" /><node id="1643306740" lat="25.3788117" lon="51.5490049" /><node id="1643306742" lat="25.3795775" lon="51.5495058" /><node id="1643306744" lat="25.3807570" lon="51.5499075" /><node id="1643306751" lat="25.3775958" lon="51.5475109" /><node id="1643306752" lat="25.3810442" lon="51.5497781" /><node id="1643306756" lat="25.3770620" lon="51.5472507" /><node id="1643306758" lat="25.3782489" lon="51.5480433" /><node id="1643306759" lat="25.3815083" lon="51.5499410" /><node id="1643306762" lat="25.3777218" lon="51.5427316" /><node id="1643306767" lat="25.3795620" lon="51.5494227" /><node id="1643306769" lat="25.3817367" lon="51.5490016" /><node id="1643306772" lat="25.3771844" lon="51.5473064" /><node id="1643306777" lat="25.3816797" lon="51.5494555" /><node id="1643312939" lat="25.3833470" lon="51.5426773" /><node id="1643312949" lat="25.3741242" lon="51.5311521" /><node id="1643312950" lat="25.3828617" lon="51.5455355" /><node id="1643312953" lat="25.3734984" lon="51.5319896" /><node id="1643312958" lat="25.3736177" lon="51.5316322" /><node id="1643312960" lat="25.3826605" lon="51.5452673" /><node id="1643312966" lat="25.3835293" lon="51.5452069" /><node id="1643312970" lat="25.3835653" lon="51.5453134" /><node id="1643312976" lat="25.3730456" lon="51.5322917" /><node id="1643312984" lat="25.3750645" lon="51.5313399" /><node id="1643312986" lat="25.3797320" lon="51.5415698" /><node id="1643312996" lat="25.3767518" lon="51.5414889" /><node id="1643313000" lat="25.3832349" lon="51.5427795" /><node id="1643313012" lat="25.3774922" lon="51.5394006" /><node id="1643313013" lat="25.3789698" lon="51.5408698" /><node id="1643313014" lat="25.3835099" lon="51.5433371" /><node id="1643313015" lat="25.3801960" lon="51.5421063" /><node id="1643313029" lat="25.3831355" lon="51.5458721" /><node id="1643313035" lat="25.3780174" lon="51.5427420" /><node id="1643313049" lat="25.3832642" lon="51.5461871" /><node id="1643313054" lat="25.3737413" lon="51.5314284" /><node id="1643313055" lat="25.3744587" lon="51.5310663" /><node id="1643313060" lat="25.3735293" lon="51.5318602" /><node id="1643313072" lat="25.3792764" lon="51.5411728" /><node id="1643313089" lat="25.3827417" lon="51.5424281" /><node id="1643353684" lat="25.3735305" lon="51.5497849" /><node id="1643353685" lat="25.3767155" lon="51.5471213" /><node id="1643353686" lat="25.3764774" lon="51.5470643" /><node id="1643353687" lat="25.3757637" lon="51.5470241" /><node id="1643353688" lat="25.3767343" lon="51.5520408" /><node id="1643353689" lat="25.3734189" lon="51.5511216" /><node id="1643353690" lat="25.3752706" lon="51.5523310" /><node id="1643353708" lat="25.3732476" lon="51.5504096" /><node id="1643353710" lat="25.3750912" lon="51.5522883" /><node id="1643353711" lat="25.3750694" lon="51.5474935" /><node id="1643353712" lat="25.3752911" lon="51.5472072" /><node id="1643353713" lat="25.3733122" lon="51.5509582" /><node id="1643353714" lat="25.3769239" lon="51.5471891" /><node id="1643353715" lat="25.3760721" lon="51.5470140" /><node id="1643353716" lat="25.3770655" lon="51.5518116" /><node id="1643353717" lat="25.3764654" lon="51.5521958" /><node id="1643353719" lat="25.3732545" lon="51.5507914" /><node id="1643353721" lat="25.3759276" lon="51.5523578" /><node id="1643353723" lat="25.3774173" lon="51.5516139" /><node id="1643353724" lat="25.3735377" lon="51.5512274" /><node id="1643353725" lat="25.3751711" lon="51.5473352" /><node id="1643353726" lat="25.3754372" lon="51.5523563" /><node id="1643353727" lat="25.3693935" lon="51.5480179" /><node id="1643353728" lat="25.3761985" lon="51.5523016" /><node id="1643353729" lat="25.3733969" lon="51.5499977" /><node id="1643398157" lat="25.3760896" lon="51.5611339" /><node id="1643398162" lat="25.3799833" lon="51.5517052" /><node id="1643398165" lat="25.3800759" lon="51.5518877" /><node id="1643398167" lat="25.3798860" lon="51.5536166" /><node id="1643398168" lat="25.3797026" lon="51.5513754" /><node id="1643398169" lat="25.3778705" lon="51.5513968" /><node id="1643398170" lat="25.3798718" lon="51.5515413" /><node id="1643398172" lat="25.3772324" lon="51.5549819" /><node id="1643398174" lat="25.3795639" lon="51.5536940" /><node id="1643398176" lat="25.3774263" lon="51.5582028" /><node id="1643398178" lat="25.3768786" lon="51.5553518" /><node id="1643398180" lat="25.3765913" lon="51.5608683" /><node id="1643398189" lat="25.3782246" lon="51.5543157" /><node id="1643398190" lat="25.3778660" lon="51.5545088" /><node id="1643398191" lat="25.3765852" lon="51.5597686" /><node id="1643398192" lat="25.3789848" lon="51.5539381" /><node id="1643398193" lat="25.3767343" lon="51.5604633" /><node id="1643398194" lat="25.3773221" lon="51.5574491" /><node id="1643398195" lat="25.3793072" lon="51.5537906" /><node id="1643398196" lat="25.3768294" lon="51.5560393" /><node id="1643398198" lat="25.3771065" lon="51.5566577" /><node id="1643398200" lat="25.3767382" lon="51.5590503" /><node id="1643398202" lat="25.3773098" lon="51.5584503" /><node id="1643398204" lat="25.3799739" lon="51.5536327" /><node id="1643398206" lat="25.3767948" lon="51.5555790" /><node id="1643398213" lat="25.3766628" lon="51.5600905" /><node id="1643398214" lat="25.3791059" lon="51.5512177" /><node id="1643398215" lat="25.3753529" lon="51.5618929" /><node id="1643398216" lat="25.3787133" lon="51.5512118" /><node id="1643398217" lat="25.3797547" lon="51.5536370" /><node id="1643398218" lat="25.3772261" lon="51.5570242" /><node id="1643398219" lat="25.3764095" lon="51.5609287" /><node id="1643398221" lat="25.3773887" lon="51.5578533" /><node id="1643398222" lat="25.3775353" lon="51.5547566" /><node id="1643398223" lat="25.3769794" lon="51.5563426" /><node id="1643398225" lat="25.3750888" lon="51.5624964" /><node id="1643398227" lat="25.3801047" lon="51.5528506" /><node id="1643398237" lat="25.3786895" lon="51.5540958" /><node id="1643398238" lat="25.3771765" lon="51.5585053" /><node id="1643398239" lat="25.3752342" lon="51.5620646" /><node id="1643398240" lat="25.3770192" lon="51.5586452" /><node id="1643398241" lat="25.3768864" lon="51.5588113" /><node id="1643398242" lat="25.3770267" lon="51.5551633" /><node id="1643398243" lat="25.3801365" lon="51.5522928" /><node id="1643398244" lat="25.3783033" lon="51.5512724" /><node id="1643398245" lat="25.3766146" lon="51.5593158" /><node id="1643404925" lat="25.3746598" lon="51.5629765" /><node id="1643404926" lat="25.3673353" lon="51.5659942" /><node id="1643404927" lat="25.3651179" lon="51.5663453" /><node id="1643404928" lat="25.3744562" lon="51.5631348" /><node id="1643404929" lat="25.3587044" lon="51.5713967" /><node id="1643404930" lat="25.3613507" lon="51.5696713" /><node id="1643404931" lat="25.3740515" lon="51.5636310" /><node id="1643404932" lat="25.3614629" lon="51.5691513" /><node id="1643404933" lat="25.3589238" lon="51.5713892" /><node id="1643404934" lat="25.3589817" lon="51.5703595" /><node id="1643404935" lat="25.3583018" lon="51.5707570" /><node id="1643404936" lat="25.3727322" lon="51.5640394" /><node id="1643404937" lat="25.3617462" lon="51.5683229" /><node id="1643404938" lat="25.3695626" lon="51.5645643" /><node id="1643404940" lat="25.3602540" lon="51.5697840" /><node id="1643404941" lat="25.3640594" lon="51.5665088" /><node id="1643404942" lat="25.3635600" lon="51.5664521" /><node id="1643404943" lat="25.3680187" lon="51.5647982" /><node id="1643404944" lat="25.3586810" lon="51.5704988" /><node id="1643404945" lat="25.3633534" lon="51.5666996" /><node id="1643404946" lat="25.3631590" lon="51.5670320" /><node id="1643404947" lat="25.3589537" lon="51.5705511" /><node id="1643404948" lat="25.3730132" lon="51.5638278" /><node id="1643404949" lat="25.3698870" lon="51.5644607" /><node id="1643404950" lat="25.3674733" lon="51.5656135" /><node id="1643404951" lat="25.3652802" lon="51.5660480" /><node id="1643404952" lat="25.3748682" lon="51.5628880" /><node id="1643404953" lat="25.3644232" lon="51.5667605" /><node id="1643404954" lat="25.3594267" lon="51.5697871" /><node id="1643404955" lat="25.3697221" lon="51.5644714" /><node id="1643404956" lat="25.3687286" lon="51.5649567" /><node id="1643404957" lat="25.3589900" lon="51.5721899" /><node id="1643404958" lat="25.3629994" lon="51.5674134" /><node id="1643404959" lat="25.3681961" lon="51.5646797" /><node id="1643404960" lat="25.3596400" lon="51.5696680" /><node id="1643404961" lat="25.3591308" lon="51.5701685" /><node id="1643404963" lat="25.3678272" lon="51.5649993" /><node id="1643404964" lat="25.3668997" lon="51.5662403" /><node id="1643404969" lat="25.3628861" lon="51.5678340" /><node id="1643404971" lat="25.3593150" lon="51.5699862" /><node id="1643404972" lat="25.3706745" lon="51.5639081" /><node id="1643404973" lat="25.3704759" lon="51.5639745" /><node id="1643404974" lat="25.3676378" lon="51.5653030" /><node id="1643404975" lat="25.3616081" lon="51.5686815" /><node id="1643404977" lat="25.3656821" lon="51.5655792" /><node id="1643404978" lat="25.3649484" lon="51.5667345" /><node id="1643404979" lat="25.3587755" lon="51.5722302" /><node id="1643404980" lat="25.3734796" lon="51.5635774" /><node id="1643404985" lat="25.3732178" lon="51.5636873" /><node id="1643404988" lat="25.3692182" lon="51.5650100" /><node id="1643404989" lat="25.3587028" lon="51.5705377" /><node id="1643404991" lat="25.3624720" lon="51.5680213" /><node id="1643404993" lat="25.3662226" lon="51.5657953" /><node id="1643404995" lat="25.3742575" lon="51.5633467" /><node id="1643404997" lat="25.3665544" lon="51.5660272" /><node id="1643404999" lat="25.3654668" lon="51.5658008" /><node id="1643405000" lat="25.3699282" lon="51.5646935" /><node id="1643405001" lat="25.3693976" lon="51.5647364" /><node id="1643405002" lat="25.3722161" lon="51.5644684" /><node id="1643407773" lat="25.3754234" lon="51.5510431" /><node id="1643407774" lat="25.3774040" lon="51.5495131" /><node id="1643407775" lat="25.3772177" lon="51.5486421" /><node id="1643407777" lat="25.3770444" lon="51.5497555" /><node id="1643407778" lat="25.3769948" lon="51.5485221" /><node id="1643407779" lat="25.3753396" lon="51.5487166" /><node id="1643407780" lat="25.3752360" lon="51.5489511" /><node id="1643407781" lat="25.3762077" lon="51.5509729" /><node id="1643407783" lat="25.3767924" lon="51.5484510" /><node id="1643407785" lat="25.3774876" lon="51.5488433" /><node id="1643407787" lat="25.3752168" lon="51.5496443" /><node id="1643407788" lat="25.3752339" lon="51.5508824" /><node id="1643407790" lat="25.3751815" lon="51.5508173" /><node id="1643407791" lat="25.3760860" lon="51.5483893" /><node id="1643407792" lat="25.3761975" lon="51.5483719" /><node id="1643407793" lat="25.3775918" lon="51.5490076" /><node id="1643407795" lat="25.3750990" lon="51.5505297" /><node id="1643407796" lat="25.3754523" lon="51.5486133" /><node id="1643407797" lat="25.3750930" lon="51.5503757" /><node id="1643407798" lat="25.3751848" lon="51.5499067" /><node id="1643407799" lat="25.3769949" lon="51.5499876" /><node id="1643407801" lat="25.3759196" lon="51.5510631" /><node id="1643407803" lat="25.3755105" lon="51.5510864" /><node id="1643407805" lat="25.3776167" lon="51.5490856" /><node id="1643407806" lat="25.3772608" lon="51.5495492" /><node id="1643407807" lat="25.3769852" lon="51.5502338" /><node id="1643407808" lat="25.3774843" lon="51.5494606" /><node id="1643407809" lat="25.3775859" lon="51.5493279" /><node id="1643407810" lat="25.3768024" lon="51.5506819" /><node id="1643407811" lat="25.3763865" lon="51.5483733" /><node id="1643583392" lat="25.3746272" lon="51.5378375" /><node id="1643583397" lat="25.3717399" lon="51.5384508" /><node id="1643583402" lat="25.3763099" lon="51.5368891" /><node id="1643583407" lat="25.3702443" lon="51.5539981" /><node id="1643583412" lat="25.3726943" lon="51.5327533" /><node id="1643583417" lat="25.3714249" lon="51.5382872" /><node id="1643583422" lat="25.3716963" lon="51.5379653" /><node id="1643583427" lat="25.3708344" lon="51.5378912" /><node id="1643583430" lat="25.3714733" lon="51.5383113" /><node id="1643583445" lat="25.3719314" lon="51.5383730" /><node id="1643583447" lat="25.3713982" lon="51.5377803" /><node id="1643583449" lat="25.3718635" lon="51.5381504" /><node id="1643583452" lat="25.3706696" lon="51.5379261" /><node id="1643583454" lat="25.3716842" lon="51.5383221" /><node id="1643583460" lat="25.3708077" lon="51.5375076" /><node id="1643583463" lat="25.3716406" lon="51.5376810" /><node id="1643583466" lat="25.3713716" lon="51.5378071" /><node id="1643583482" lat="25.3720332" lon="51.5385045" /><node id="1643583485" lat="25.3716042" lon="51.5376837" /><node id="1643583488" lat="25.3706575" lon="51.5371643" /><node id="1643583489" lat="25.3705193" lon="51.5367083" /><node id="1643583493" lat="25.3705650" lon="51.5532766" /><node id="1643583497" lat="25.3706183" lon="51.5535814" /><node id="1643583500" lat="25.3713255" lon="51.5379600" /><node id="1643583502" lat="25.3713570" lon="51.5379412" /><node id="1643583504" lat="25.3716721" lon="51.5376998" /><node id="1643583506" lat="25.3718878" lon="51.5382309" /><node id="1643583519" lat="25.3704539" lon="51.5368290" /><node id="1643583522" lat="25.3706405" lon="51.5374862" /><node id="1643583525" lat="25.3714515" lon="51.5377588" /><node id="1643583528" lat="25.3756872" lon="51.5362984" /><node id="1643583530" lat="25.3719265" lon="51.5385742" /><node id="1643583531" lat="25.3703345" lon="51.5541109" /><node id="1643583534" lat="25.3700374" lon="51.5537299" /><node id="1643583537" lat="25.3706561" lon="51.5534003" /><node id="1643583540" lat="25.3758925" lon="51.5392129" /><node id="1643583543" lat="25.3700312" lon="51.5536670" /><node id="1643583559" lat="25.3718369" lon="51.5384964" /><node id="1643583561" lat="25.3716866" lon="51.5377400" /><node id="1643583563" lat="25.3707205" lon="51.5368639" /><node id="1643583566" lat="25.3768280" lon="51.5374735" /><node id="1643583568" lat="25.3759143" lon="51.5365447" /><node id="1643583573" lat="25.3706579" lon="51.5533112" /><node id="1643583576" lat="25.3706066" lon="51.5378966" /><node id="1643583579" lat="25.3715339" lon="51.5383006" /><node id="1643583598" lat="25.3749236" lon="51.5381497" /><node id="1643583601" lat="25.3706260" lon="51.5378268" /><node id="1643583604" lat="25.3708296" lon="51.5373843" /><node id="1643583606" lat="25.3717932" lon="51.5384723" /><node id="1643583609" lat="25.3716963" lon="51.5383677" /><node id="1643583611" lat="25.3704626" lon="51.5540871" /><node id="1643583614" lat="25.3706890" lon="51.5367674" /><node id="1643583621" lat="25.3706122" lon="51.5537313" /><node id="1643583623" lat="25.3708659" lon="51.5378107" /><node id="1643583624" lat="25.3715679" lon="51.5377132" /><node id="1643583641" lat="25.3705580" lon="51.5537693" /><node id="1643583648" lat="25.3706056" lon="51.5535022" /><node id="1643583652" lat="25.3706333" lon="51.5377893" /><node id="1643583655" lat="25.3706696" lon="51.5533446" /><node id="1643583659" lat="25.3709095" lon="51.5376578" /><node id="1643583663" lat="25.3701976" lon="51.5534266" /><node id="1643583667" lat="25.3708199" lon="51.5378429" /><node id="1643583670" lat="25.3703983" lon="51.5533709" /><node id="1643583673" lat="25.3707375" lon="51.5379288" /><node id="1643583688" lat="25.3713667" lon="51.5381209" /><node id="1643583690" lat="25.3706446" lon="51.5536592" /><node id="1643583693" lat="25.3719023" lon="51.5383140" /><node id="1643583695" lat="25.3706387" lon="51.5537063" /><node id="1643583698" lat="25.3702760" lon="51.5534138" /><node id="1643583701" lat="25.3716793" lon="51.5378795" /><node id="1643583704" lat="25.3705799" lon="51.5376123" /><node id="1643583708" lat="25.3705533" lon="51.5369256" /><node id="1643583713" lat="25.3716818" lon="51.5377937" /><node id="1643583717" lat="25.3720138" lon="51.5385501" /><node id="1643583739" lat="25.3713861" lon="51.5381880" /><node id="1643583741" lat="25.3706599" lon="51.5366922" /><node id="1643583743" lat="25.3704466" lon="51.5367432" /><node id="1643583745" lat="25.3706401" lon="51.5532795" /><node id="1643583748" lat="25.3704977" lon="51.5538444" /><node id="1643583749" lat="25.3708368" lon="51.5375506" /><node id="1643583753" lat="25.3737412" lon="51.5335341" /><node id="1643583756" lat="25.3706055" lon="51.5532655" /><node id="1643583760" lat="25.3720283" lon="51.5384615" /><node id="1643583789" lat="25.3708877" lon="51.5375827" /><node id="1643583792" lat="25.3708029" lon="51.5374460" /><node id="1643583794" lat="25.3744734" lon="51.5337517" /><node id="1643583796" lat="25.3717084" lon="51.5384159" /><node id="1643583797" lat="25.3713473" lon="51.5380217" /><node id="1643583799" lat="25.3701283" lon="51.5534842" /><node id="1643583801" lat="25.3706066" lon="51.5375640" /><node id="1643583803" lat="25.3700460" lon="51.5536014" /><node id="1643583805" lat="25.3715242" lon="51.5377454" /><node id="1643583806" lat="25.3700810" lon="51.5535469" /><node id="1643583829" lat="25.3706696" lon="51.5372904" /><node id="1643583832" lat="25.3706599" lon="51.5373950" /><node id="1643583836" lat="25.3718175" lon="51.5380833" /><node id="1643583842" lat="25.3755186" lon="51.5357832" /><node id="1643583845" lat="25.3719799" lon="51.5385742" /><node id="1643583848" lat="25.3719992" lon="51.5384294" /><node id="1643583851" lat="25.3713982" lon="51.5379036" /><node id="1643583853" lat="25.3708635" lon="51.5372555" /><node id="1643583856" lat="25.3707981" lon="51.5371214" /><node id="1643583859" lat="25.3716551" lon="51.5382818" /><node id="1643583883" lat="25.3704333" lon="51.5367580" /><node id="1643583886" lat="25.3713716" lon="51.5378473" /><node id="1643583890" lat="25.3708611" lon="51.5373387" /><node id="1643583893" lat="25.3713231" lon="51.5380512" /><node id="1643583894" lat="25.3706187" lon="51.5370409" /><node id="1643583897" lat="25.3708732" lon="51.5372931" /><node id="1643583900" lat="25.3730665" lon="51.5328169" /><node id="1643583904" lat="25.3708320" lon="51.5377142" /><node id="1643583926" lat="25.3700689" lon="51.5537892" /><node id="1643583929" lat="25.3707447" lon="51.5369819" /><node id="1643583933" lat="25.3706260" lon="51.5534423" /><node id="1643583937" lat="25.3706224" lon="51.5366695" /><node id="1643583940" lat="25.3717496" lon="51.5380378" /><node id="1643583943" lat="25.3716042" lon="51.5382711" /><node id="1643583945" lat="25.3705256" lon="51.5538030" /><node id="1643583948" lat="25.3718829" lon="51.5385447" /><node id="1643583951" lat="25.3708441" lon="51.5372233" /><node id="1643583953" lat="25.3704979" lon="51.5533198" /><node id="1643583956" lat="25.3704847" lon="51.5538885" /><node id="1643583972" lat="25.3704097" lon="51.5541210" /><node id="1643583977" lat="25.3704832" lon="51.5540475" /><node id="1643583982" lat="25.3713958" lon="51.5382523" /><node id="1643583991" lat="25.3705630" lon="51.5378536" /><node id="1643609707" lat="25.3718206" lon="51.5407738" /><node id="1643609720" lat="25.3673411" lon="51.5476345" /><node id="1643609777" lat="25.3659611" lon="51.5445587" /><node id="1643609784" lat="25.3663792" lon="51.5467404" /><node id="1643609809" lat="25.3722030" lon="51.5412010" /><node id="1643609815" lat="25.3668032" lon="51.5472171" /><node id="1643609840" lat="25.3729524" lon="51.5453030" /><node id="1643609842" lat="25.3653014" lon="51.5430001" /><node id="1643609849" lat="25.3731331" lon="51.5437646" /><node id="1643609852" lat="25.3723399" lon="51.5431231" /><node id="1643609906" lat="25.3731413" lon="51.5440622" /><node id="1643609924" lat="25.3728100" lon="51.5456886" /><node id="1643641053" lat="25.3639174" lon="51.5384343" /><node id="1643641055" lat="25.3644058" lon="51.5393020" /><node id="1643641056" lat="25.3642482" lon="51.5391840" /><node id="1643641060" lat="25.3655001" lon="51.5379562" /><node id="1643641063" lat="25.3660333" lon="51.5378357" /><node id="1643641064" lat="25.3640887" lon="51.5378222" /><node id="1643641065" lat="25.3661606" lon="51.5372572" /><node id="1643641067" lat="25.3647292" lon="51.5375196" /><node id="1643641068" lat="25.3663327" lon="51.5362937" /><node id="1643641070" lat="25.3648983" lon="51.5375377" /><node id="1643641071" lat="25.3642290" lon="51.5376797" /><node id="1643641073" lat="25.3647542" lon="51.5398090" /><node id="1643641074" lat="25.3652666" lon="51.5377964" /><node id="1643641081" lat="25.3645718" lon="51.5393832" /><node id="1643641083" lat="25.3647718" lon="51.5396487" /><node id="1643641085" lat="25.3662034" lon="51.5364834" /><node id="1643641087" lat="25.3660984" lon="51.5368517" /><node id="1643641093" lat="25.3661154" lon="51.5377117" /><node id="1643641095" lat="25.3657763" lon="51.5379792" /><node id="1643641096" lat="25.3661148" lon="51.5370738" /><node id="1643641097" lat="25.3639380" lon="51.5385617" /><node id="1643641098" lat="25.3651649" lon="51.5376868" /><node id="1643641102" lat="25.3653765" lon="51.5378918" /><node id="1643641105" lat="25.3661690" lon="51.5375563" /><node id="1643641107" lat="25.3645381" lon="51.5375326" /><node id="1643641109" lat="25.3646760" lon="51.5394502" /><node id="1643641111" lat="25.3641028" lon="51.5390056" /><node id="1643641113" lat="25.3639845" lon="51.5379910" /><node id="1676879775" lat="25.3632462" lon="51.5438936" /><node id="1676879778" lat="25.3632375" lon="51.5438409" /><node id="1676879782" lat="25.3630192" lon="51.5432220" /><node id="1676879788" lat="25.3630525" lon="51.5432146" /><node id="1676879789" lat="25.3637766" lon="51.5437774" /><node id="1676879791" lat="25.3641077" lon="51.5437100" /><node id="1676879792" lat="25.3631310" lon="51.5439171" /><node id="1676879800" lat="25.3631471" lon="51.5437797" /><node id="1676879801" lat="25.3670940" lon="51.5389477" /><node id="1676879805" lat="25.3675907" lon="51.5386880" /><node id="1676879807" lat="25.3678681" lon="51.5393381" /><node id="1676879812" lat="25.3637691" lon="51.5437326" /><node id="1676879815" lat="25.3631142" lon="51.5431479" /><node id="1676879816" lat="25.3631028" lon="51.5430798" /><node id="1676879817" lat="25.3641567" lon="51.5434954" /><node id="1676879821" lat="25.3668181" lon="51.5402622" /><node id="1676879824" lat="25.3631093" lon="51.5437874" /><node id="1676879838" lat="25.3640883" lon="51.5435934" /><node id="1676879840" lat="25.3640806" lon="51.5429573" /><node id="1676879843" lat="25.3640241" lon="51.5436064" /><node id="1676879846" lat="25.3673714" lon="51.5395978" /><node id="1676879857" lat="25.3666071" lon="51.5392030" /><node id="1676879859" lat="25.3630023" lon="51.5431079" /><node id="1676879863" lat="25.3668850" lon="51.5398523" /><node id="1676879875" lat="25.3661480" lon="51.5407752" /><node id="1676879877" lat="25.3640108" lon="51.5435215" /><node id="2127176779" lat="25.3644091" lon="51.5390203" /><node id="2127176780" lat="25.3645345" lon="51.5391559" /><node id="2127176781" lat="25.3645418" lon="51.5388700" /><node id="2127176782" lat="25.3645618" lon="51.5389445" /><node id="2127176783" lat="25.3645857" lon="51.5389175" /><node id="2127176784" lat="25.3645957" lon="51.5389812" /><node id="2127176785" lat="25.3646465" lon="51.5389236" /><node id="2127176786" lat="25.3646941" lon="51.5389750" /><node id="2127176813" lat="25.3684772" lon="51.5385139" /><node id="2127176817" lat="25.3691036" lon="51.5384294" /><node id="2127176819" lat="25.3691704" lon="51.5390355" /><node id="2216318385" lat="25.3741405" lon="51.5428100" /><node id="2216325014" lat="25.3741187" lon="51.5426613" /><node id="2216325016" lat="25.3736050" lon="51.5432975" /><node id="2216325018" lat="25.3735183" lon="51.5427992" /><node id="2216325020" lat="25.3741872" lon="51.5431729" /><node id="2216325022" lat="25.3735475" lon="51.5429668" /><node id="2288928165" lat="25.3761217" lon="51.5418749" /><node id="2574604651" lat="25.3588834" lon="51.5722154" /><node id="2576116591" lat="25.3703911" lon="51.5524086" /><node id="2576116593" lat="25.3696187" lon="51.5533178" /><node id="2576116595" lat="25.3694245" lon="51.5529185" /><node id="2576116597" lat="25.3694664" lon="51.5526742" /><node id="2576116598" lat="25.3698407" lon="51.5522383" /><node id="2576116602" lat="25.3703440" lon="51.5523690" /><node id="2576143705" lat="25.3723501" lon="51.5553836" /><node id="2576143708" lat="25.3723759" lon="51.5555109" /><node id="2576143710" lat="25.3720189" lon="51.5554827" /><node id="2621574340" lat="25.3756425" lon="51.5470482" /><node id="2621574346" lat="25.3759466" lon="51.5484108" /><node id="3273869191" lat="25.3679712" lon="51.5434256" /><node id="3273869192" lat="25.3678726" lon="51.5441472" /><node id="3273869193" lat="25.3679113" lon="51.5444007" /><node id="3273869194" lat="25.3681093" lon="51.5448893" /><node id="3273869195" lat="25.3682803" lon="51.5451193" /><node id="3273869196" lat="25.3687467" lon="51.5454630" /><node id="3273869197" lat="25.3693311" lon="51.5455785" /><node id="3273869198" lat="25.3698206" lon="51.5454415" /><node id="3273869199" lat="25.3701513" lon="51.5450747" /><node id="3273869200" lat="25.3702298" lon="51.5448771" /><node id="3273869201" lat="25.3703177" lon="51.5443439" /><node id="3273869202" lat="25.3704657" lon="51.5439998" /><node id="3273869203" lat="25.3707449" lon="51.5436691" /><node id="3273869204" lat="25.3708399" lon="51.5434923" /><node id="3273869205" lat="25.3708225" lon="51.5431580" /><node id="3273869206" lat="25.3706522" lon="51.5429748" /><node id="3273869207" lat="25.3703266" lon="51.5429056" /><node id="3273869208" lat="25.3695933" lon="51.5424672" /><node id="3273869209" lat="25.3689832" lon="51.5424839" /><node id="3273869210" lat="25.3684823" lon="51.5427310" /><node id="3273869211" lat="25.3682222" lon="51.5429772" /><node id="3273869212" lat="25.3701461" lon="51.5427623" /><node id="3314768476" lat="25.3714061" lon="51.5476751" /><node id="3314768477" lat="25.3713479" lon="51.5475678" /><node id="3314768478" lat="25.3711492" lon="51.5477234" /><node id="3314768479" lat="25.3711807" lon="51.5477770" /><node id="3314768480" lat="25.3710571" lon="51.5478602" /><node id="3314768481" lat="25.3710911" lon="51.5479084" /><node id="3314768482" lat="25.3711444" lon="51.5478816" /><node id="3314768483" lat="25.3713015" lon="51.5478580" /><node id="3314768484" lat="25.3713240" lon="51.5477529" /><node id="3314768485" lat="25.3712831" lon="51.5478328" /><node id="3314768486" lat="25.3713445" lon="51.5477819" /><node id="3314768487" lat="25.3711589" lon="51.5479111" /><node id="3314779548" lat="25.3716517" lon="51.5468789" /><node id="3314779549" lat="25.3716109" lon="51.5469180" /><node id="3314779552" lat="25.3714353" lon="51.5470134" /><node id="3314779553" lat="25.3713614" lon="51.5469116" /><node id="3314779554" lat="25.3713434" lon="51.5468315" /><node id="3314779555" lat="25.3714112" lon="51.5467597" /><node id="3314779556" lat="25.3714985" lon="51.5468268" /><node id="3314779557" lat="25.3715493" lon="51.5468187" /><node id="3314779558" lat="25.3714476" lon="51.5468053" /><node id="3314779559" lat="25.3713846" lon="51.5468885" /><node id="3314831600" lat="25.3733484" lon="51.5408202" /><node id="3314831601" lat="25.3731638" lon="51.5414515" /><node id="3314831602" lat="25.3728885" lon="51.5412967" /><node id="3314831603" lat="25.3734787" lon="51.5412791" /><node id="3314831604" lat="25.3735924" lon="51.5411863" /><node id="3314831605" lat="25.3729938" lon="51.5412107" /><node id="3314831606" lat="25.3734206" lon="51.5411919" /><node id="3314831607" lat="25.3731422" lon="51.5414192" /><node id="3314831608" lat="25.3730140" lon="51.5412411" /><node id="3314831609" lat="25.3731096" lon="51.5411631" /><node id="3314831610" lat="25.3730933" lon="51.5411387" /><node id="3314831611" lat="25.3732761" lon="51.5409895" /><node id="3314831612" lat="25.3732285" lon="51.5409180" /><node id="3314831613" lat="25.3730523" lon="51.5415425" /><node id="3511239705" lat="25.3629011" lon="51.5574705" /><node id="3511239706" lat="25.3633390" lon="51.5568121" /><node id="3511239707" lat="25.3628442" lon="51.5568694" /><node id="3511239708" lat="25.3633959" lon="51.5574132" /><node id="3664774539" lat="25.3674716" lon="51.5518159" /><node id="3664774540" lat="25.3669506" lon="51.5524078" /><node id="3664774541" lat="25.3677994" lon="51.5525695" /><node id="3664774542" lat="25.3679477" lon="51.5518125" /><node id="3664774543" lat="25.3675155" lon="51.5515613" /><node id="3664776344" lat="25.3682464" lon="51.5498957" /><node id="3664776345" lat="25.3672458" lon="51.5496939" /><node id="3664776346" lat="25.3671265" lon="51.5504533" /><node id="3664776348" lat="25.3681364" lon="51.5505322" /><node id="3674279142" lat="25.3634412" lon="51.5540555" /><node id="3674279149" lat="25.3639574" lon="51.5545323" /><node id="3674279150" lat="25.3674002" lon="51.5542097" /><node id="3674279151" lat="25.3693063" lon="51.5586153" /><node id="3674279152" lat="25.3682148" lon="51.5598088" /><node id="3674279153" lat="25.3649038" lon="51.5593113" /><node id="3674279154" lat="25.3643149" lon="51.5583631" /><node id="3674279155" lat="25.3632255" lon="51.5563676" /><node id="3859095525" lat="25.3790759" lon="51.5389832" /><node id="3859095528" lat="25.3792543" lon="51.5393016" /><node id="3859095529" lat="25.3792692" lon="51.5388505" /><node id="3859095531" lat="25.3795290" lon="51.5393326" /><node id="4436934211" lat="25.3716252" lon="51.5372720" /><node id="4436934212" lat="25.3752600" lon="51.5460327" /><node id="4436934213" lat="25.3715367" lon="51.5364943" /><node id="4436934217" lat="25.3712575" lon="51.5370151" /><node id="4436934219" lat="25.3715690" lon="51.5370757" /><node id="4436934220" lat="25.3716747" lon="51.5372173" /><node id="4436934222" lat="25.3713641" lon="51.5365583" /><node id="4436934225" lat="25.3714040" lon="51.5371498" /><node id="4436934227" lat="25.3715762" lon="51.5367889" /><node id="4436934230" lat="25.3712981" lon="51.5367026" /><node id="4436934232" lat="25.3714665" lon="51.5372357" /><node id="4436934233" lat="25.3751389" lon="51.5461084" /><node id="4436934234" lat="25.3715631" lon="51.5366768" /><node id="4436934237" lat="25.3712311" lon="51.5368994" /><node id="4436934238" lat="25.3716444" lon="51.5370647" /><node id="4436934240" lat="25.3714691" lon="51.5364848" /><node id="4436934243" lat="25.3713969" lon="51.5371845" /><node id="4436934245" lat="25.3716084" lon="51.5369568" /><node id="4436934247" lat="25.3687413" lon="51.5487545" /><node id="4436934250" lat="25.3714940" lon="51.5372174" /><node id="4436934251" lat="25.3749901" lon="51.5457942" /><node id="4436934252" lat="25.3714998" lon="51.5366902" /><node id="4436934255" lat="25.3712414" lon="51.5367789" /><node id="4436934258" lat="25.3716158" lon="51.5372384" /><node id="4436934259" lat="25.3714674" lon="51.5365076" /><node id="4436934263" lat="25.3713138" lon="51.5371273" /><node id="4436934265" lat="25.3715545" lon="51.5369739" /><node id="4436934268" lat="25.3713909" lon="51.5366831" /><node id="4436934271" lat="25.3714766" lon="51.5371201" /><node id="4436934272" lat="25.3751064" lon="51.5457199" /><node id="4436934273" lat="25.3715114" lon="51.5367980" /><node id="4436934276" lat="25.3712782" lon="51.5366759" /><node id="4452906386" lat="25.3750029" lon="51.5460126" /><node id="4452906387" lat="25.3750447" lon="51.5460907" /><node id="4452906388" lat="25.3749381" lon="51.5461606" /><node id="4452908389" lat="25.3748963" lon="51.5460825" /><node id="4466270765" lat="25.3766195" lon="51.5452248" /><node id="4466270775" lat="25.3750408" lon="51.5462239" /><node id="4466270776" lat="25.3750700" lon="51.5462747" /><node id="4466270777" lat="25.3749682" lon="51.5463464" /><node id="4466270778" lat="25.3749390" lon="51.5462955" /><node id="4466270779" lat="25.3751638" lon="51.5459487" /><node id="4466270780" lat="25.3751991" lon="51.5460146" /><node id="4466270781" lat="25.3751520" lon="51.5460455" /><node id="4466270782" lat="25.3751167" lon="51.5459796" /><node id="4569767390" lat="25.3679665" lon="51.5509740" /><node id="4607112290" lat="25.3686624" lon="51.5511164" /><node id="4818340749" lat="25.3726767" lon="51.5538590" /><node id="4818340750" lat="25.3723411" lon="51.5536291" /><node id="4818340752" lat="25.3716055" lon="51.5518401" /><node id="4818340753" lat="25.3714029" lon="51.5522060" /><node id="4818340754" lat="25.3715051" lon="51.5522718" /><node id="4818340755" lat="25.3714077" lon="51.5524606" /><node id="4818340756" lat="25.3728364" lon="51.5535485" /><node id="4818340757" lat="25.3730960" lon="51.5530901" /><node id="4818340758" lat="25.3726111" lon="51.5527333" /><node id="4818340759" lat="25.3726881" lon="51.5525916" /><node id="4818340760" lat="25.3723402" lon="51.5523600" /><node id="4818340761" lat="25.3722492" lon="51.5525275" /><node id="4818340762" lat="25.3718293" lon="51.5522474" /><node id="4818340763" lat="25.3719341" lon="51.5520652" /><node id="4818457764" lat="25.3697999" lon="51.5534289" /><node id="4818457765" lat="25.3699442" lon="51.5535866" /><node id="4818457766" lat="25.3701697" lon="51.5532831" /><node id="4818457767" lat="25.3703026" lon="51.5532778" /><node id="4818457768" lat="25.3704962" lon="51.5532021" /><node id="4818457769" lat="25.3706730" lon="51.5530051" /><node id="4818457770" lat="25.3707471" lon="51.5526708" /><node id="4818457771" lat="25.3706873" lon="51.5524461" /><node id="4818457772" lat="25.3706685" lon="51.5524197" /><node id="4818457773" lat="25.3705100" lon="51.5525216" /><node id="4818457774" lat="25.3705408" lon="51.5525850" /><node id="4818457775" lat="25.3705698" lon="51.5527278" /><node id="4818457776" lat="25.3705550" lon="51.5528168" /><node id="4818457777" lat="25.3704701" lon="51.5529669" /><node id="4818457778" lat="25.3703608" lon="51.5530561" /><node id="4818457779" lat="25.3702864" lon="51.5530735" /><node id="4818457780" lat="25.3701048" lon="51.5530529" /><node id="4818525406" lat="25.3689712" lon="51.5517082" /><node id="4818525407" lat="25.3690217" lon="51.5520522" /><node id="4818525408" lat="25.3690903" lon="51.5522353" /><node id="4818525409" lat="25.3691912" lon="51.5523738" /><node id="4818785688" lat="25.3692245" lon="51.5510760" /><node id="4818785689" lat="25.3691370" lon="51.5510237" /><node id="4818785694" lat="25.3693469" lon="51.5508641" /><node id="4818826316" lat="25.3691385" lon="51.5516533" /><node id="4818826317" lat="25.3691425" lon="51.5517059" /><node id="4818826318" lat="25.3691457" lon="51.5517421" /><node id="4818826319" lat="25.3691553" lon="51.5517902" /><node id="4818826320" lat="25.3691668" lon="51.5518343" /><node id="4818826321" lat="25.3691851" lon="51.5518841" /><node id="4818826322" lat="25.3691089" lon="51.5519113" /><node id="4818826323" lat="25.3690873" lon="51.5518409" /><node id="4818826324" lat="25.3690689" lon="51.5517388" /><node id="4818826325" lat="25.3690661" lon="51.5516624" /><node id="4818826326" lat="25.3696385" lon="51.5505243" /><node id="4818826327" lat="25.3696920" lon="51.5506763" /><node id="4818826328" lat="25.3698227" lon="51.5506186" /><node id="4818826329" lat="25.3697640" lon="51.5504702" /><node id="4818826330" lat="25.3697857" lon="51.5505319" /><node id="4818826331" lat="25.3698314" lon="51.5502317" /><node id="4818826332" lat="25.3696707" lon="51.5501991" /><node id="4818826333" lat="25.3696337" lon="51.5504657" /><node id="4818826334" lat="25.3696569" lon="51.5505164" /><node id="4818859626" lat="25.3689800" lon="51.5527081" /><node id="4818859627" lat="25.3689493" lon="51.5529496" /><node id="4818859628" lat="25.3689807" lon="51.5529545" /><node id="4818859629" lat="25.3689910" lon="51.5529886" /><node id="4818859630" lat="25.3690279" lon="51.5530159" /><node id="4818859631" lat="25.3690669" lon="51.5529977" /><node id="4818859632" lat="25.3690936" lon="51.5529659" /><node id="4818859633" lat="25.3690957" lon="51.5529205" /><node id="4818859634" lat="25.3690875" lon="51.5528841" /><node id="4818859635" lat="25.3691073" lon="51.5527280" /><node id="4818859636" lat="25.3691497" lon="51.5527111" /><node id="4818859637" lat="25.3689299" lon="51.5517143" /><node id="4818859638" lat="25.3688190" lon="51.5517256" /><node id="4818859639" lat="25.3686856" lon="51.5517642" /><node id="4818859640" lat="25.3685728" lon="51.5517801" /><node id="4818859641" lat="25.3684927" lon="51.5517778" /><node id="4818859642" lat="25.3683060" lon="51.5517370" /><node id="4818859643" lat="25.3682026" lon="51.5526961" /><node id="4818859644" lat="25.3683132" lon="51.5527187" /><node id="4818859647" lat="25.3684340" lon="51.5521610" /><node id="4818859648" lat="25.3685530" lon="51.5521733" /><node id="4818859649" lat="25.3685828" lon="51.5522009" /><node id="4818859650" lat="25.3686423" lon="51.5522269" /><node id="4818859652" lat="25.3687645" lon="51.5522532" /><node id="4818859653" lat="25.3688854" lon="51.5522471" /><node id="4818859654" lat="25.3688808" lon="51.5522903" /><node id="4818859656" lat="25.3689557" lon="51.5523071" /><node id="4818859657" lat="25.3688983" lon="51.5526474" /><node id="4818902827" lat="25.3687362" lon="51.5495093" /><node id="4818902828" lat="25.3692174" lon="51.5495134" /><node id="4818902829" lat="25.3692227" lon="51.5487586" /><node id="4818902834" lat="25.3677310" lon="51.5505696" /><node id="4818902835" lat="25.3678608" lon="51.5505449" /><node id="4820479403" lat="25.3676468" lon="51.5516654" /><node id="4820479404" lat="25.3677840" lon="51.5517571" /><node id="4820479940" lat="25.3721815" lon="51.5524824" /><node id="4820516677" lat="25.3668712" lon="51.5493759" /><node id="4820516678" lat="25.3668705" lon="51.5493541" /><node id="4820516679" lat="25.3668342" lon="51.5493069" /><node id="4820516680" lat="25.3668073" lon="51.5493009" /><node id="4820516681" lat="25.3658009" lon="51.5485449" /><node id="4820516682" lat="25.3657569" lon="51.5485199" /><node id="4820516683" lat="25.3657037" lon="51.5485122" /><node id="4820516684" lat="25.3656549" lon="51.5485279" /><node id="4820516686" lat="25.3654530" lon="51.5490696" /><node id="4820516687" lat="25.3654393" lon="51.5493345" /><node id="4820516689" lat="25.3654710" lon="51.5495781" /><node id="4820516691" lat="25.3661140" lon="51.5495641" /><node id="4820516692" lat="25.3664148" lon="51.5494542" /><node id="4820516693" lat="25.3667802" lon="51.5494418" /><node id="4820516694" lat="25.3668266" lon="51.5494393" /><node id="4820516695" lat="25.3668504" lon="51.5494289" /><node id="4820667470" lat="25.3651692" lon="51.5397696" /><node id="4820667471" lat="25.3649996" lon="51.5397289" /><node id="4820667472" lat="25.3649436" lon="51.5397476" /><node id="4820667473" lat="25.3649758" lon="51.5398163" /><node id="4820667474" lat="25.3649067" lon="51.5398561" /><node id="4820667475" lat="25.3649560" lon="51.5399612" /><node id="4820667476" lat="25.3650170" lon="51.5399261" /><node id="4820667477" lat="25.3650776" lon="51.5400550" /><node id="4820667478" lat="25.3648473" lon="51.5402468" /><node id="4820667479" lat="25.3648608" lon="51.5402790" /><node id="4820667480" lat="25.3648988" lon="51.5403211" /><node id="4820667481" lat="25.3649682" lon="51.5403211" /><node id="4820667482" lat="25.3650342" lon="51.5404405" /><node id="4820667483" lat="25.3649645" lon="51.5404945" /><node id="4820667484" lat="25.3652770" lon="51.5409888" /><node id="4820667485" lat="25.3654079" lon="51.5408874" /><node id="4820667486" lat="25.3654696" lon="51.5408397" /><node id="4820667487" lat="25.3655638" lon="51.5409896" /><node id="4820667488" lat="25.3656190" lon="51.5410017" /><node id="4820667489" lat="25.3656087" lon="51.5410592" /><node id="4820667490" lat="25.3657198" lon="51.5410836" /><node id="4820667496" lat="25.3660423" lon="51.5411143" /><node id="4820667497" lat="25.3660532" lon="51.5410146" /><node id="4820667498" lat="25.3661953" lon="51.5409021" /><node id="4820667499" lat="25.3660789" lon="51.5407219" /><node id="4820667500" lat="25.3659594" lon="51.5408164" /><node id="4820667502" lat="25.3651843" lon="51.5398741" /><node id="4820667503" lat="25.3652464" lon="51.5399677" /><node id="4820667504" lat="25.3653404" lon="51.5400085" /><node id="4820667505" lat="25.3654159" lon="51.5399915" /><node id="4820667506" lat="25.3655627" lon="51.5402456" /><node id="4820667507" lat="25.3658713" lon="51.5407916" /><node id="4820789201" lat="25.3704566" lon="51.5394722" /><node id="4820789202" lat="25.3704212" lon="51.5397207" /><node id="4820789203" lat="25.3703405" lon="51.5397066" /><node id="4820789204" lat="25.3703181" lon="51.5398637" /><node id="4820789206" lat="25.3702609" lon="51.5397970" /><node id="4820789207" lat="25.3702462" lon="51.5397724" /><node id="4820789208" lat="25.3702205" lon="51.5397979" /><node id="4820789209" lat="25.3701965" lon="51.5398276" /><node id="4820789210" lat="25.3699701" lon="51.5397910" /><node id="4820789211" lat="25.3699855" lon="51.5396748" /><node id="4820789212" lat="25.3697558" lon="51.5396377" /><node id="4820789213" lat="25.3697777" lon="51.5394573" /><node id="4820789215" lat="25.3701459" lon="51.5390583" /><node id="4820799033" lat="25.3702877" lon="51.5398927" /><node id="4820799034" lat="25.3702692" lon="51.5399198" /><node id="4820799035" lat="25.3701924" lon="51.5400435" /><node id="4820799036" lat="25.3701920" lon="51.5401948" /><node id="4820799037" lat="25.3702440" lon="51.5403208" /><node id="4820799038" lat="25.3703169" lon="51.5403973" /><node id="4820799039" lat="25.3703099" lon="51.5404172" /><node id="4820799040" lat="25.3702704" lon="51.5405481" /><node id="4820799041" lat="25.3702110" lon="51.5405234" /><node id="4820799043" lat="25.3698506" lon="51.5404083" /><node id="4820799044" lat="25.3698199" lon="51.5403362" /><node id="4820799045" lat="25.3697877" lon="51.5402783" /><node id="4820799046" lat="25.3697350" lon="51.5401872" /><node id="4820799047" lat="25.3697720" lon="51.5398861" /><node id="4820799048" lat="25.3699718" lon="51.5399127" /><node id="4820799049" lat="25.3699700" lon="51.5399824" /><node id="4820799050" lat="25.3700403" lon="51.5400070" /><node id="4820799051" lat="25.3700255" lon="51.5400868" /><node id="4820799052" lat="25.3700884" lon="51.5401155" /><node id="4820799053" lat="25.3701262" lon="51.5400206" /><node id="4820799054" lat="25.3701543" lon="51.5399247" /><node id="4820799055" lat="25.3702021" lon="51.5398407" /><node id="4820799058" lat="25.3704826" lon="51.5404702" /><node id="4820799059" lat="25.3704421" lon="51.5406154" /><node id="4820799060" lat="25.3704009" lon="51.5407615" /><node id="4820799062" lat="25.3701671" lon="51.5406738" /><node id="4820799063" lat="25.3701868" lon="51.5406080" /><node id="4820799064" lat="25.3704532" lon="51.5405684" /><node id="4820799066" lat="25.3704982" lon="51.5404340" /><node id="4820799067" lat="25.3706193" lon="51.5403831" /><node id="4820799068" lat="25.3707107" lon="51.5402523" /><node id="4820799069" lat="25.3707316" lon="51.5401279" /><node id="4820799070" lat="25.3707051" lon="51.5399884" /><node id="4820799071" lat="25.3708104" lon="51.5401724" /><node id="4820799072" lat="25.3707964" lon="51.5402386" /><node id="4820799073" lat="25.3709563" lon="51.5403180" /><node id="4820799074" lat="25.3710137" lon="51.5403496" /><node id="4820799075" lat="25.3707861" lon="51.5407510" /><node id="4820799076" lat="25.3705558" lon="51.5406701" /><node id="4820820136" lat="25.3707419" lon="51.5399657" /><node id="4820820137" lat="25.3706955" lon="51.5398167" /><node id="4820820138" lat="25.3708270" lon="51.5394415" /><node id="4820820139" lat="25.3709589" lon="51.5395182" /><node id="4820820140" lat="25.3707916" lon="51.5399538" /><node id="4820820141" lat="25.3708113" lon="51.5401108" /><node id="4820820145" lat="25.3711296" lon="51.5387613" /><node id="4820820147" lat="25.3711289" lon="51.5394889" /><node id="4820820148" lat="25.3713916" lon="51.5389059" /><node id="4879465138" lat="25.3685440" lon="51.5391200" /><node id="4879468796" lat="25.3680397" lon="51.5391812" /><node id="4879468797" lat="25.3679763" lon="51.5385800" /><node id="4879468798" lat="25.3684738" lon="51.5385158" /><node id="4879468799" lat="25.3685372" lon="51.5391170" /><node id="4879468800" lat="25.3701581" lon="51.5390941" /><node id="4879468801" lat="25.3702425" lon="51.5384397" /><node id="4879468802" lat="25.3706246" lon="51.5385152" /><node id="5019924653" lat="25.3734479" lon="51.5385595" /><node id="5019927233" lat="25.3712329" lon="51.5496231" /><node id="5019927234" lat="25.3713638" lon="51.5500898" /><node id="5019927235" lat="25.3705616" lon="51.5503527" /><node id="5019927236" lat="25.3703400" lon="51.5499947" /><node id="5019927237" lat="25.3704876" lon="51.5502531" /><node id="5019927238" lat="25.3703919" lon="51.5501026" /><node id="5019927239" lat="25.3703668" lon="51.5499144" /><node id="5019927240" lat="25.3703264" lon="51.5499396" /><node id="5019927241" lat="25.3703426" lon="51.5499208" /><node id="5019927242" lat="25.3703292" lon="51.5499706" /><node id="5019927243" lat="25.3707839" lon="51.5498001" /><node id="5019927244" lat="25.3709452" lon="51.5497454" /><node id="5019927245" lat="25.3708824" lon="51.5497220" /><node id="5019927246" lat="25.3708182" lon="51.5497444" /><node id="5295799032" lat="25.3639756" lon="51.5567981" /><node id="5295799033" lat="25.3638241" lon="51.5566143" /><node id="5295799034" lat="25.3636860" lon="51.5567163" /><node id="5295799035" lat="25.3638750" lon="51.5569818" /><node id="5295799036" lat="25.3640313" lon="51.5569074" /><node id="5295799037" lat="25.3631637" lon="51.5564655" /><node id="5295799038" lat="25.3634921" lon="51.5564480" /><node id="5295799039" lat="25.3637108" lon="51.5565272" /><node id="5295799040" lat="25.3639174" lon="51.5567022" /><node id="5295799041" lat="25.3640810" lon="51.5571441" /><node id="5295799042" lat="25.3639029" lon="51.5571588" /><node id="5295799043" lat="25.3637756" lon="51.5568021" /><node id="5295799044" lat="25.3635066" lon="51.5566573" /><node id="5295799045" lat="25.3632115" lon="51.5566539" /><node id="5295799046" lat="25.3630431" lon="51.5566539" /><node id="5295799047" lat="25.3630431" lon="51.5566231" /><node id="5295799048" lat="25.3629304" lon="51.5566371" /><node id="5295799049" lat="25.3629316" lon="51.5566666" /><node id="5295799050" lat="25.3628892" lon="51.5566687" /><node id="5295799051" lat="25.3628861" lon="51.5566418" /><node id="5295799052" lat="25.3627674" lon="51.5566432" /><node id="5295799053" lat="25.3627686" lon="51.5566599" /><node id="5295799054" lat="25.3627238" lon="51.5566599" /><node id="5295799055" lat="25.3627238" lon="51.5566277" /><node id="5295799056" lat="25.3626595" lon="51.5566264" /><node id="5295799057" lat="25.3626547" lon="51.5564682" /><node id="5295799084" lat="25.3620354" lon="51.5564883" /><node id="5295799085" lat="25.3619845" lon="51.5566586" /><node id="5295799086" lat="25.3620669" lon="51.5566854" /><node id="5295799087" lat="25.3621154" lon="51.5565138" /><node id="5295799088" lat="25.3624462" lon="51.5566063" /><node id="5295799089" lat="25.3624644" lon="51.5565486" /><node id="5295799090" lat="25.3624426" lon="51.5565419" /><node id="5295799091" lat="25.3624717" lon="51.5564655" /><node id="5295799092" lat="25.3623566" lon="51.5564319" /><node id="5295799093" lat="25.3623747" lon="51.5563743" /><node id="5295799094" lat="25.3622015" lon="51.5563153" /><node id="5295799095" lat="25.3622184" lon="51.5562563" /><node id="5295799096" lat="25.3621348" lon="51.5562321" /><node id="5295799097" lat="25.3620621" lon="51.5564574" /><node id="5295799098" lat="25.3621518" lon="51.5564896" /><node id="5295799099" lat="25.3621712" lon="51.5564212" /><node id="5295799100" lat="25.3622620" lon="51.5564494" /><node id="5295799101" lat="25.3622269" lon="51.5565513" /><node id="5295799102" lat="25.3624220" lon="51.5565969" /><node id="5295799103" lat="25.3617240" lon="51.5563662" /><node id="5295799104" lat="25.3617361" lon="51.5565298" /><node id="5295799105" lat="25.3615640" lon="51.5565808" /><node id="5295799106" lat="25.3615313" lon="51.5564185" /><node id="5295799107" lat="25.3614853" lon="51.5565285" /><node id="5295799108" lat="25.3614234" lon="51.5563488" /><node id="5295799109" lat="25.3612780" lon="51.5564172" /><node id="5295799110" lat="25.3613386" lon="51.5565942" /><node id="5295800105" lat="25.3705548" lon="51.5569789" /><node id="5295800106" lat="25.3703207" lon="51.5570114" /><node id="5295800107" lat="25.3703123" lon="51.5569369" /><node id="5295800108" lat="25.3701964" lon="51.5569530" /><node id="5295800109" lat="25.3701636" lon="51.5566632" /><node id="5295800110" lat="25.3702739" lon="51.5566478" /><node id="5295800111" lat="25.3702655" lon="51.5565732" /><node id="5295800112" lat="25.3705051" lon="51.5565400" /><node id="5295800113" lat="25.3704405" lon="51.5562261" /><node id="5295800114" lat="25.3701645" lon="51.5563116" /><node id="5295800115" lat="25.3701474" lon="51.5562442" /><node id="5295800116" lat="25.3700826" lon="51.5562642" /><node id="5295800117" lat="25.3700191" lon="51.5560127" /><node id="5295800118" lat="25.3701102" lon="51.5559845" /><node id="5295800119" lat="25.3700939" lon="51.5559198" /><node id="5295800120" lat="25.3703435" lon="51.5558425" /><node id="5295800221" lat="25.3702392" lon="51.5555202" /><node id="5295800222" lat="25.3699773" lon="51.5556506" /><node id="5295800223" lat="25.3699523" lon="51.5555891" /><node id="5295800224" lat="25.3698782" lon="51.5556260" /><node id="5295800225" lat="25.3697756" lon="51.5553735" /><node id="5295800226" lat="25.3698403" lon="51.5553413" /><node id="5295800227" lat="25.3698103" lon="51.5552677" /><node id="5295800228" lat="25.3700817" lon="51.5551326" /><node id="5295859804" lat="25.3645243" lon="51.5524764" /><node id="5295859805" lat="25.3643401" lon="51.5523839" /><node id="5295859806" lat="25.3643026" lon="51.5524697" /><node id="5295859807" lat="25.3644922" lon="51.5525622" /><node id="5295859808" lat="25.3641174" lon="51.5515919" /><node id="5295859809" lat="25.3641198" lon="51.5518092" /><node id="5295859810" lat="25.3639804" lon="51.5517877" /><node id="5295859811" lat="25.3639816" lon="51.5515986" /><node id="5295859812" lat="25.3639138" lon="51.5513585" /><node id="5295859813" lat="25.3639162" lon="51.5514176" /><node id="5295859814" lat="25.3640047" lon="51.5514082" /><node id="5295859815" lat="25.3640156" lon="51.5514645" /><node id="5295859816" lat="25.3639489" lon="51.5514900" /><node id="5295859817" lat="25.3639586" lon="51.5515530" /><node id="5295859818" lat="25.3641331" lon="51.5515356" /><node id="5295859819" lat="25.3641004" lon="51.5513264" /><node id="5295859820" lat="25.3633624" lon="51.5505525" /><node id="5295860721" lat="25.3633988" lon="51.5506183" /><node id="5295860722" lat="25.3633527" lon="51.5506585" /><node id="5295860723" lat="25.3633854" lon="51.5507229" /><node id="5295860724" lat="25.3634521" lon="51.5506867" /><node id="5295860725" lat="25.3634739" lon="51.5507215" /><node id="5295860726" lat="25.3633709" lon="51.5508355" /><node id="5295860727" lat="25.3633479" lon="51.5508100" /><node id="5295860728" lat="25.3633054" lon="51.5508194" /><node id="5295860729" lat="25.3632327" lon="51.5506746" /><node id="5295860730" lat="25.3635430" lon="51.5507148" /><node id="5295860731" lat="25.3636351" lon="51.5508033" /><node id="5295860732" lat="25.3635502" lon="51.5509710" /><node id="5295860733" lat="25.3634254" lon="51.5508704" /><node id="5295860734" lat="25.3639695" lon="51.5510648" /><node id="5295860735" lat="25.3640422" lon="51.5512043" /><node id="5295860736" lat="25.3639332" lon="51.5512848" /><node id="5295860737" lat="25.3638556" lon="51.5511480" /><node id="5295860738" lat="25.3636302" lon="51.5489875" /><node id="5295860739" lat="25.3636375" lon="51.5489016" /><node id="5295860740" lat="25.3637999" lon="51.5489539" /><node id="5295860741" lat="25.3637526" lon="51.5491430" /><node id="5295860742" lat="25.3636932" lon="51.5491202" /><node id="5295860743" lat="25.3636520" lon="51.5491685" /><node id="5295860744" lat="25.3635648" lon="51.5490612" /><node id="5295860745" lat="25.3633031" lon="51.5491457" /><node id="5295860746" lat="25.3633200" lon="51.5492020" /><node id="5295860747" lat="25.3633467" lon="51.5493066" /><node id="5295860748" lat="25.3633515" lon="51.5493576" /><node id="5295860749" lat="25.3633176" lon="51.5494139" /><node id="5295860750" lat="25.3632522" lon="51.5494381" /><node id="5295860751" lat="25.3632061" lon="51.5494247" /><node id="5295860752" lat="25.3631601" lon="51.5494542" /><node id="5295860753" lat="25.3631504" lon="51.5495293" /><node id="5295860754" lat="25.3631722" lon="51.5496151" /><node id="5295860755" lat="25.3631964" lon="51.5497224" /><node id="5295860756" lat="25.3631746" lon="51.5497680" /><node id="5295860757" lat="25.3631067" lon="51.5497733" /><node id="5295860758" lat="25.3630486" lon="51.5497546" /><node id="5295860759" lat="25.3630486" lon="51.5498458" /><node id="5295860760" lat="25.3630776" lon="51.5499852" /><node id="5295860761" lat="25.3631019" lon="51.5499879" /><node id="5295860762" lat="25.3632425" lon="51.5499638" /><node id="5295860763" lat="25.3632279" lon="51.5499048" /><node id="5295860764" lat="25.3632449" lon="51.5498216" /><node id="5295860765" lat="25.3632812" lon="51.5497733" /><node id="5295860766" lat="25.3632958" lon="51.5496848" /><node id="5295860767" lat="25.3632715" lon="51.5495936" /><node id="5295860768" lat="25.3633394" lon="51.5495856" /><node id="5295860769" lat="25.3633515" lon="51.5495561" /><node id="5295860770" lat="25.3633952" lon="51.5494515" /><node id="5295860771" lat="25.3634364" lon="51.5493281" /><node id="5295860772" lat="25.3634291" lon="51.5491994" /><node id="5295860773" lat="25.3633661" lon="51.5490974" /><node id="5295860795" lat="25.3646116" lon="51.5472871" /><node id="5295860796" lat="25.3647352" lon="51.5475124" /><node id="5295860797" lat="25.3645462" lon="51.5476466" /><node id="5295860798" lat="25.3644201" lon="51.5474105" /><node id="5295860799" lat="25.3644175" lon="51.5468685" /><node id="5295860800" lat="25.3644996" lon="51.5471036" /><node id="5295860801" lat="25.3643170" lon="51.5471817" /><node id="5295860802" lat="25.3642349" lon="51.5469466" /><node id="5295860803" lat="25.3642755" lon="51.5465768" /><node id="5295860804" lat="25.3643423" lon="51.5467896" /><node id="5295860805" lat="25.3641820" lon="51.5468512" /><node id="5295860806" lat="25.3641152" lon="51.5466384" /><node id="5295860807" lat="25.3641645" lon="51.5462311" /><node id="5295860808" lat="25.3642421" lon="51.5464860" /><node id="5295860809" lat="25.3640437" lon="51.5465556" /><node id="5295860810" lat="25.3639645" lon="51.5463104" /><node id="5295860811" lat="25.3640731" lon="51.5458967" /><node id="5295860812" lat="25.3641508" lon="51.5461483" /><node id="5295860813" lat="25.3639340" lon="51.5462386" /><node id="5295860814" lat="25.3638451" lon="51.5459728" /><node id="5295860815" lat="25.3648816" lon="51.5437973" /><node id="5295860816" lat="25.3649049" lon="51.5442181" /><node id="5295860817" lat="25.3644769" lon="51.5442472" /><node id="5295860818" lat="25.3644535" lon="51.5438264" /><node id="5295860831" lat="25.3728488" lon="51.5402048" /><node id="5295860832" lat="25.3731736" lon="51.5406406" /><node id="5295860833" lat="25.3728787" lon="51.5409062" /><node id="5295860835" lat="25.3725551" lon="51.5404637" /><node id="5295860836" lat="25.3724184" lon="51.5396988" /><node id="5295860837" lat="25.3726669" lon="51.5399679" /><node id="5295860838" lat="25.3722581" lon="51.5404304" /><node id="5295860839" lat="25.3720096" lon="51.5401613" /><node id="5295860840" lat="25.3739391" lon="51.5421555" /><node id="5295860841" lat="25.3740511" lon="51.5425606" /><node id="5295860842" lat="25.3736489" lon="51.5426968" /><node id="5295860843" lat="25.3735370" lon="51.5422917" /><node id="5295860844" lat="25.3740948" lon="51.5434191" /><node id="5295860845" lat="25.3741508" lon="51.5438031" /><node id="5295860846" lat="25.3737175" lon="51.5438806" /><node id="5295860847" lat="25.3736614" lon="51.5434966" /><node id="5295860848" lat="25.3741581" lon="51.5443314" /><node id="5295860849" lat="25.3740851" lon="51.5447356" /><node id="5295860850" lat="25.3737292" lon="51.5446568" /><node id="5295860851" lat="25.3738023" lon="51.5442526" /><node id="5295860852" lat="25.3739073" lon="51.5454920" /><node id="5295860853" lat="25.3739605" lon="51.5450921" /><node id="5295860854" lat="25.3736396" lon="51.5450398" /><node id="5295860855" lat="25.3735863" lon="51.5454396" /><node id="5295860856" lat="25.3722973" lon="51.5458083" /><node id="5295860857" lat="25.3721537" lon="51.5458605" /><node id="5295860858" lat="25.3720855" lon="51.5460098" /><node id="5295860859" lat="25.3721327" lon="51.5461688" /><node id="5295860860" lat="25.3722676" lon="51.5462443" /><node id="5295860861" lat="25.3724112" lon="51.5461921" /><node id="5295860862" lat="25.3724795" lon="51.5460427" /><node id="5295860863" lat="25.3724323" lon="51.5458838" /><node id="5295860873" lat="25.3715851" lon="51.5467858" /><node id="5295860874" lat="25.3698611" lon="51.5489743" /><node id="5295860875" lat="25.3695267" lon="51.5489818" /><node id="5295860876" lat="25.3695367" lon="51.5495264" /><node id="5295860877" lat="25.3698712" lon="51.5495188" /><node id="5295860878" lat="25.3703992" lon="51.5486773" /><node id="5295860879" lat="25.3700805" lon="51.5487772" /><node id="5295860880" lat="25.3702189" lon="51.5493179" /><node id="5295860881" lat="25.3705376" lon="51.5492180" /><node id="5295860882" lat="25.3710668" lon="51.5485139" /><node id="5295860883" lat="25.3707238" lon="51.5486255" /><node id="5295860884" lat="25.3708680" lon="51.5491557" /><node id="5295860885" lat="25.3712014" lon="51.5490521" /><node id="5295860886" lat="25.3715165" lon="51.5480983" /><node id="5295860887" lat="25.3712330" lon="51.5483008" /><node id="5295860888" lat="25.3715044" lon="51.5487608" /><node id="5295860889" lat="25.3717868" lon="51.5485556" /><node id="5295860890" lat="25.3725991" lon="51.5472512" /><node id="5295860891" lat="25.3722481" lon="51.5475691" /><node id="5295860892" lat="25.3725716" lon="51.5480066" /><node id="5295860893" lat="25.3729226" lon="51.5476888" /><node id="5295860894" lat="25.3739093" lon="51.5459024" /><node id="5295860895" lat="25.3734861" lon="51.5456811" /><node id="5295860896" lat="25.3733322" lon="51.5460416" /><node id="5295860897" lat="25.3737554" lon="51.5462629" /><node id="5295860898" lat="25.3731590" lon="51.5463802" /><node id="5295860899" lat="25.3729928" lon="51.5467607" /><node id="5295860900" lat="25.3734135" lon="51.5469857" /><node id="5295860901" lat="25.3735797" lon="51.5466052" /><node id="5295860902" lat="25.3684741" lon="51.5489090" /><node id="5295860903" lat="25.3681066" lon="51.5487819" /><node id="5295860904" lat="25.3679779" lon="51.5492376" /><node id="5295860905" lat="25.3683454" lon="51.5493647" /><node id="5295860927" lat="25.3695714" lon="51.5530696" /><node id="5295860928" lat="25.3694795" lon="51.5531767" /><node id="5295860932" lat="25.3674564" lon="51.5484250" /><node id="5295860933" lat="25.3678129" lon="51.5485597" /><node id="5295860934" lat="25.3676305" lon="51.5491509" /><node id="5295860935" lat="25.3672740" lon="51.5490161" /><node id="5295860936" lat="25.3672004" lon="51.5483059" /><node id="5295860937" lat="25.3668564" lon="51.5480992" /><node id="5295860938" lat="25.3666057" lon="51.5486102" /><node id="5295860939" lat="25.3669497" lon="51.5488169" /><node id="5295860940" lat="25.3666289" lon="51.5479899" /><node id="5295860941" lat="25.3663429" lon="51.5477267" /><node id="5295860942" lat="25.3660342" lon="51.5481376" /><node id="5295860943" lat="25.3663202" lon="51.5484008" /><node id="5295860944" lat="25.3661539" lon="51.5474328" /><node id="5295860945" lat="25.3659405" lon="51.5471651" /><node id="5295860946" lat="25.3655257" lon="51.5475701" /><node id="5295860947" lat="25.3657390" lon="51.5478378" /><node id="5295860948" lat="25.3655453" lon="51.5465312" /><node id="5295860949" lat="25.3657898" lon="51.5469106" /><node id="5295860950" lat="25.3653050" lon="51.5472932" /><node id="5295860951" lat="25.3650605" lon="51.5469138" /><node id="5295860952" lat="25.3653175" lon="51.5459500" /><node id="5295860953" lat="25.3654560" lon="51.5463123" /><node id="5295860954" lat="25.3649387" lon="51.5465546" /><node id="5295860955" lat="25.3648001" lon="51.5461923" /><node id="5295860956" lat="25.3649961" lon="51.5451804" /><node id="5295860957" lat="25.3651210" lon="51.5455929" /><node id="5295860958" lat="25.3645970" lon="51.5457873" /><node id="5295860959" lat="25.3644721" lon="51.5453748" /><node id="5295892564" lat="25.3722961" lon="51.5536337" /><node id="5295892565" lat="25.3721740" lon="51.5538371" /><node id="5295892566" lat="25.3725042" lon="51.5540549" /><node id="5295892567" lat="25.3725401" lon="51.5539857" /><node id="5295892568" lat="25.3726200" lon="51.5540480" /><node id="5295892569" lat="25.3726969" lon="51.5539124" /><node id="5295892570" lat="25.3723359" lon="51.5532916" /><node id="5295892571" lat="25.3722308" lon="51.5534795" /><node id="5295892572" lat="25.3723710" lon="51.5535755" /><node id="5295892573" lat="25.3728117" lon="51.5536176" /><node id="5299599355" lat="25.3768586" lon="51.5569954" /><node id="5299599356" lat="25.3768998" lon="51.5571724" /><node id="5299599357" lat="25.3768016" lon="51.5572073" /><node id="5299599358" lat="25.3767507" lon="51.5570369" /><node id="5299599363" lat="25.3765704" lon="51.5569327" /><node id="5299599364" lat="25.3765159" lon="51.5569783" /><node id="5299599365" lat="25.3764892" lon="51.5569783" /><node id="5299599366" lat="25.3764759" lon="51.5569501" /><node id="5299599367" lat="25.3765619" lon="51.5568629" /><node id="5299599368" lat="25.3766116" lon="51.5568160" /><node id="5299599369" lat="25.3766467" lon="51.5568267" /><node id="5299599370" lat="25.3766479" lon="51.5568697" /><node id="5299599371" lat="25.3766164" lon="51.5569059" /><node id="5299599372" lat="25.3766601" lon="51.5569702" /><node id="5299599373" lat="25.3767073" lon="51.5569193" /><node id="5299599374" lat="25.3767437" lon="51.5569340" /><node id="5299599375" lat="25.3767461" lon="51.5569756" /><node id="5299599376" lat="25.3766164" lon="51.5570909" /><node id="5299599377" lat="25.3765898" lon="51.5570869" /><node id="5299599378" lat="25.3765813" lon="51.5570534" /><node id="5299599379" lat="25.3766104" lon="51.5570091" /><node id="5299599380" lat="25.3763100" lon="51.5569128" /><node id="5299599381" lat="25.3762713" lon="51.5569530" /><node id="5299599382" lat="25.3762410" lon="51.5569638" /><node id="5299599383" lat="25.3762083" lon="51.5569316" /><node id="5299599384" lat="25.3763016" lon="51.5567854" /><node id="5299599385" lat="25.3763464" lon="51.5567867" /><node id="5299599386" lat="25.3763634" lon="51.5568122" /><node id="5299599387" lat="25.3763403" lon="51.5568659" /><node id="5299599388" lat="25.3763840" lon="51.5569034" /><node id="5299599389" lat="25.3764021" lon="51.5568900" /><node id="5299599390" lat="25.3764445" lon="51.5568659" /><node id="5299599391" lat="25.3764724" lon="51.5568994" /><node id="5299599392" lat="25.3763912" lon="51.5570308" /><node id="5299599393" lat="25.3763573" lon="51.5570550" /><node id="5299599394" lat="25.3763294" lon="51.5570402" /><node id="5299599395" lat="25.3763549" lon="51.5569651" /><node id="5299599396" lat="25.3762349" lon="51.5567528" /><node id="5299599397" lat="25.3759469" lon="51.5562486" /><node id="5299599398" lat="25.3757759" lon="51.5563683" /><node id="5299599399" lat="25.3760640" lon="51.5568725" /><node id="5299599402" lat="25.3722925" lon="51.5552230" /><node id="5299599403" lat="25.3723060" lon="51.5552909" /><node id="5299599404" lat="25.3721585" lon="51.5553269" /><node id="5299599405" lat="25.3721450" lon="51.5552590" /><node id="5299599406" lat="25.3724521" lon="51.5570206" /><node id="5299599407" lat="25.3723230" lon="51.5570510" /><node id="5299599408" lat="25.3722351" lon="51.5561124" /><node id="5299599409" lat="25.3724103" lon="51.5560923" /><node id="5299599412" lat="25.3686990" lon="51.5522460" /><node id="5299599415" lat="25.3688004" lon="51.5522316" /><node id="5325033409" lat="25.3630591" lon="51.5432540" /><node id="5325033410" lat="25.3630702" lon="51.5433203" /><node id="5325033411" lat="25.3631149" lon="51.5435872" /><node id="5807153438" lat="25.3751936" lon="51.5415632" /><node id="5807153439" lat="25.3754103" lon="51.5422853" /><node id="5807153440" lat="25.3752378" lon="51.5423464" /><node id="5807153441" lat="25.3750281" lon="51.5416219" /><node id="5807153442" lat="25.3752376" lon="51.5417155" /><node id="5807153443" lat="25.3752716" lon="51.5418306" /><node id="5807153444" lat="25.3752534" lon="51.5417099" /><node id="5807153445" lat="25.3752868" lon="51.5418252" /><node id="5807153446" lat="25.3753205" lon="51.5419995" /><node id="5807153447" lat="25.3753454" lon="51.5421125" /><node id="5807153448" lat="25.3753327" lon="51.5419952" /><node id="5807153449" lat="25.3753647" lon="51.5421057" /><node id="5807153450" lat="25.3753660" lon="51.5421322" /><node id="5807153451" lat="25.3753525" lon="51.5421370" /><node id="5807153452" lat="25.3760658" lon="51.5417241" /><node id="5807153453" lat="25.3758617" lon="51.5416088" /><node id="5807153454" lat="25.3756945" lon="51.5419715" /><node id="5807153455" lat="25.3758797" lon="51.5420748" /><node id="5807153456" lat="25.3758080" lon="51.5422316" /><node id="5807153457" lat="25.3754715" lon="51.5420415" /><node id="5807153458" lat="25.3757886" lon="51.5413539" /><node id="5807153459" lat="25.3761439" lon="51.5415547" /><node id="5807153460" lat="25.3758690" lon="51.5413993" /><node id="5807153461" lat="25.3760729" lon="51.5415139" /><node id="5807153462" lat="25.3758936" lon="51.5413482" /><node id="5807153463" lat="25.3760969" lon="51.5414651" /><node id="5807153464" lat="25.3778208" lon="51.5443069" /><node id="5807153465" lat="25.3778814" lon="51.5444891" /><node id="5807153466" lat="25.3776249" lon="51.5445937" /><node id="5807153467" lat="25.3775648" lon="51.5444131" /><node id="5807153468" lat="25.3777298" lon="51.5443440" /><node id="5807153469" lat="25.3776325" lon="51.5443855" /><node id="5807153470" lat="25.3776257" lon="51.5443650" /><node id="5807153471" lat="25.3777235" lon="51.5443251" /><node id="5807153472" lat="25.3776282" lon="51.5433277" /><node id="5807153473" lat="25.3780761" lon="51.5439045" /><node id="5807153474" lat="25.3780149" lon="51.5439627" /><node id="5807153475" lat="25.3780589" lon="51.5440195" /><node id="5807153476" lat="25.3778070" lon="51.5442590" /><node id="5807153477" lat="25.3777040" lon="51.5441348" /><node id="5807153478" lat="25.3778791" lon="51.5439687" /><node id="5807153479" lat="25.3774968" lon="51.5434527" /><node id="5807153480" lat="25.3775564" lon="51.5435294" /><node id="5807153481" lat="25.3775463" lon="51.5435389" /><node id="5807153482" lat="25.3777211" lon="51.5441569" /><node id="5807153483" lat="25.3777584" lon="51.5441964" /><node id="5807153484" lat="25.3776984" lon="51.5441784" /><node id="5807153485" lat="25.3777319" lon="51.5442216" /><node id="5807153486" lat="25.3774349" lon="51.5435365" /><node id="5807153487" lat="25.3775448" lon="51.5438942" /><node id="5807153488" lat="25.3773960" lon="51.5439501" /><node id="5807153489" lat="25.3773729" lon="51.5438762" /><node id="5807153490" lat="25.3773480" lon="51.5438857" /><node id="5807153491" lat="25.3773137" lon="51.5437762" /><node id="5807153492" lat="25.3772443" lon="51.5438028" /><node id="5807153493" lat="25.3772366" lon="51.5437783" /><node id="5807153494" lat="25.3771313" lon="51.5438187" /><node id="5807153495" lat="25.3770908" lon="51.5436913" /><node id="5807153496" lat="25.3771860" lon="51.5436555" /><node id="5807153497" lat="25.3771790" lon="51.5436327" /><node id="5807153511" lat="25.3775770" lon="51.5446085" /><node id="5807153512" lat="25.3775754" lon="51.5444448" /><node id="5807153513" lat="25.3774818" lon="51.5444850" /><node id="5807153514" lat="25.3774658" lon="51.5445892" /><node id="5807153515" lat="25.3778221" lon="51.5448602" /><node id="5807153516" lat="25.3776556" lon="51.5448302" /><node id="5807153517" lat="25.3776100" lon="51.5451394" /><node id="5807153518" lat="25.3777766" lon="51.5451694" /><node id="5807153519" lat="25.3775561" lon="51.5446548" /><node id="5807153520" lat="25.3774874" lon="51.5451629" /><node id="5807153521" lat="25.3773112" lon="51.5451337" /><node id="5807153522" lat="25.3773800" lon="51.5446257" /><node id="5807153523" lat="25.3775268" lon="51.5448711" /><node id="5807153524" lat="25.3775116" lon="51.5449841" /><node id="5807153525" lat="25.3775505" lon="51.5448751" /><node id="5807153526" lat="25.3775353" lon="51.5449881" /><node id="5807153527" lat="25.3773091" lon="51.5452222" /><node id="5807153528" lat="25.3772831" lon="51.5454143" /><node id="5807153529" lat="25.3777388" lon="51.5454899" /><node id="5807153530" lat="25.3777650" lon="51.5452973" /><node id="5807153531" lat="25.3774821" lon="51.5452509" /><node id="5807153532" lat="25.3775835" lon="51.5452796" /><node id="5807153533" lat="25.3774844" lon="51.5452340" /><node id="5807153534" lat="25.3775874" lon="51.5452511" /><node id="5807153535" lat="25.3776386" lon="51.5452763" /><node id="5807153536" lat="25.3776369" lon="51.5452884" /><node id="5807153673" lat="25.3766664" lon="51.5434245" /><node id="5807153674" lat="25.3766629" lon="51.5436035" /><node id="5807153675" lat="25.3763491" lon="51.5435960" /><node id="5807153676" lat="25.3763498" lon="51.5435617" /><node id="5807153677" lat="25.3763213" lon="51.5435610" /><node id="5807153678" lat="25.3763226" lon="51.5434924" /><node id="5807153679" lat="25.3763548" lon="51.5434932" /><node id="5807153680" lat="25.3763563" lon="51.5434170" /><node id="5807153691" lat="25.3782241" lon="51.5451627" /><node id="5807153692" lat="25.3784062" lon="51.5451971" /><node id="5807153693" lat="25.3783598" lon="51.5454982" /><node id="5807153694" lat="25.3781733" lon="51.5454630" /><node id="5807153695" lat="25.3781901" lon="51.5453546" /><node id="5807153696" lat="25.3782527" lon="51.5453665" /><node id="5807153697" lat="25.3782644" lon="51.5452906" /><node id="5807153698" lat="25.3782061" lon="51.5452796" /><node id="5807153699" lat="25.3788111" lon="51.5448569" /><node id="5807153700" lat="25.3789310" lon="51.5450189" /><node id="5807153701" lat="25.3785601" lon="51.5453552" /><node id="5807153702" lat="25.3784998" lon="51.5452737" /><node id="5807153703" lat="25.3785737" lon="51.5452067" /><node id="5807153704" lat="25.3785142" lon="51.5451262" /><node id="5807153705" lat="25.3789890" lon="51.5451097" /><node id="5807153706" lat="25.3790521" lon="51.5451942" /><node id="5807153707" lat="25.3787671" lon="51.5454545" /><node id="5807153708" lat="25.3787041" lon="51.5453700" /><node id="5807153709" lat="25.3786744" lon="51.5453937" /><node id="5807153710" lat="25.3787392" lon="51.5454812" /><node id="5807153711" lat="25.3785253" lon="51.5456753" /><node id="5807153712" lat="25.3784635" lon="51.5455918" /><node id="5807153713" lat="25.3785322" lon="51.5455294" /><node id="5807153714" lat="25.3785257" lon="51.5455206" /><node id="5807153715" lat="25.3786090" lon="51.5454450" /><node id="5807153716" lat="25.3786125" lon="51.5454498" /><node id="5807153717" lat="25.3781497" lon="51.5450960" /><node id="5807153718" lat="25.3780431" lon="51.5450790" /><node id="5807153719" lat="25.3779901" lon="51.5454851" /><node id="5807153720" lat="25.3780968" lon="51.5455021" /><node id="5807153721" lat="25.3784707" lon="51.5456725" /><node id="5807153722" lat="25.3784363" lon="51.5457889" /><node id="5807153723" lat="25.3780122" lon="51.5456355" /><node id="5807153724" lat="25.3780466" lon="51.5455191" /><node id="5808717175" lat="25.3776920" lon="51.5428996" /><node id="5808717176" lat="25.3777371" lon="51.5429939" /><node id="5808717177" lat="25.3774140" lon="51.5431833" /><node id="5808717178" lat="25.3773689" lon="51.5430890" /><node id="5808717210" lat="25.3787488" lon="51.5441088" /><node id="5808717211" lat="25.3790976" lon="51.5445789" /><node id="5808717212" lat="25.3789449" lon="51.5447176" /><node id="5808717213" lat="25.3785928" lon="51.5442506" /><node id="5808717214" lat="25.3786501" lon="51.5443277" /><node id="5808717215" lat="25.3787761" lon="51.5444902" /><node id="5808717216" lat="25.3786422" lon="51.5443348" /><node id="5808717217" lat="25.3787650" lon="51.5445003" /><node id="5808717218" lat="25.3792413" lon="51.5446127" /><node id="5808717219" lat="25.3793040" lon="51.5446941" /><node id="5808717220" lat="25.3792248" lon="51.5447689" /><node id="5808717221" lat="25.3792183" lon="51.5447605" /><node id="5808717222" lat="25.3791534" lon="51.5448217" /><node id="5808717223" lat="25.3791584" lon="51.5448281" /><node id="5808717224" lat="25.3790898" lon="51.5448925" /><node id="5808717225" lat="25.3790825" lon="51.5448830" /><node id="5808717226" lat="25.3790122" lon="51.5449490" /><node id="5808717227" lat="25.3789459" lon="51.5448624" /><node id="5808717228" lat="25.3790266" lon="51.5447866" /><node id="5808717229" lat="25.3790338" lon="51.5447960" /><node id="5808717230" lat="25.3790826" lon="51.5447501" /><node id="5808717231" lat="25.3790778" lon="51.5447439" /><node id="5808717232" lat="25.3791673" lon="51.5446595" /><node id="5808717233" lat="25.3791776" lon="51.5446729" /><node id="5808717234" lat="25.3793160" lon="51.5448347" /><node id="5808717235" lat="25.3793832" lon="51.5449271" /><node id="5808717236" lat="25.3793028" lon="51.5449987" /><node id="5808717237" lat="25.3792936" lon="51.5449860" /><node id="5808717238" lat="25.3792306" lon="51.5450421" /><node id="5808717239" lat="25.3792368" lon="51.5450507" /><node id="5808717240" lat="25.3791636" lon="51.5451160" /><node id="5808717241" lat="25.3791010" lon="51.5450300" /><node id="5808717242" lat="25.3791647" lon="51.5449732" /><node id="5808717243" lat="25.3791572" lon="51.5449628" /><node id="5808717244" lat="25.3792430" lon="51.5448864" /><node id="5808717245" lat="25.3792666" lon="51.5449190" /><node id="5808717246" lat="25.3792794" lon="51.5449076" /><node id="5808717247" lat="25.3792617" lon="51.5448831" /><node id="5808719000" lat="25.3787107" lon="51.5459380" /><node id="5808719001" lat="25.3788240" lon="51.5460869" /><node id="5808719002" lat="25.3786107" lon="51.5462856" /><node id="5808719003" lat="25.3784985" lon="51.5461358" /><node id="5808719004" lat="25.3785906" lon="51.5462591" /><node id="5808719005" lat="25.3785450" lon="51.5461969" /><node id="5808719006" lat="25.3785214" lon="51.5462190" /><node id="5808719007" lat="25.3785680" lon="51.5462802" /><node id="5808719008" lat="25.3788905" lon="51.5457721" /><node id="5808719009" lat="25.3790833" lon="51.5460353" /><node id="5808719010" lat="25.3792636" lon="51.5458735" /><node id="5808719011" lat="25.3790829" lon="51.5456269" /><node id="5808719012" lat="25.3792219" lon="51.5455021" /><node id="5808719013" lat="25.3795186" lon="51.5459070" /><node id="5808719014" lat="25.3790722" lon="51.5463076" /><node id="5808719015" lat="25.3787635" lon="51.5458862" /><node id="5808719016" lat="25.3790166" lon="51.5463700" /><node id="5808719017" lat="25.3787342" lon="51.5468763" /><node id="5808719018" lat="25.3784236" lon="51.5466670" /><node id="5808719019" lat="25.3785159" lon="51.5464993" /><node id="5808719020" lat="25.3786040" lon="51.5465587" /><node id="5808719021" lat="25.3785938" lon="51.5465773" /><node id="5808719022" lat="25.3786584" lon="51.5466208" /><node id="5808719023" lat="25.3788589" lon="51.5462566" /><node id="5808719024" lat="25.3781799" lon="51.5460198" /><node id="5808719025" lat="25.3780966" lon="51.5462848" /><node id="5808719026" lat="25.3781137" lon="51.5462973" /><node id="5808719027" lat="25.3781187" lon="51.5462871" /><node id="5808719028" lat="25.3781995" lon="51.5463133" /><node id="5808719029" lat="25.3782341" lon="51.5463614" /><node id="5808719030" lat="25.3782838" lon="51.5463969" /><node id="5808719031" lat="25.3782975" lon="51.5463752" /><node id="5808719032" lat="25.3783697" lon="51.5464232" /><node id="5808719033" lat="25.3783599" lon="51.5464431" /><node id="5808719034" lat="25.3784327" lon="51.5464891" /><node id="5808719035" lat="25.3783450" lon="51.5466485" /><node id="5808719036" lat="25.3778930" lon="51.5463595" /><node id="5808719037" lat="25.3780312" lon="51.5459591" /><node id="5808719038" lat="25.3789728" lon="51.5467121" /><node id="5808719039" lat="25.3791335" lon="51.5468216" /><node id="5808719040" lat="25.3790340" lon="51.5470004" /><node id="5808719041" lat="25.3788733" lon="51.5468910" /><node id="5808719042" lat="25.3794729" lon="51.5461767" /><node id="5808719043" lat="25.3795399" lon="51.5462570" /><node id="5808719044" lat="25.3793968" lon="51.5464031" /><node id="5808719045" lat="25.3793921" lon="51.5463975" /><node id="5808719046" lat="25.3793271" lon="51.5464638" /><node id="5808719047" lat="25.3793199" lon="51.5464550" /><node id="5808719048" lat="25.3792592" lon="51.5465168" /><node id="5808719049" lat="25.3792677" lon="51.5465270" /><node id="5808719050" lat="25.3792066" lon="51.5465892" /><node id="5808719051" lat="25.3792102" lon="51.5465984" /><node id="5808719052" lat="25.3791461" lon="51.5466630" /><node id="5808719053" lat="25.3790849" lon="51.5465886" /><node id="5808719054" lat="25.3791384" lon="51.5465348" /><node id="5808719055" lat="25.3791273" lon="51.5465214" /><node id="5808719056" lat="25.3791903" lon="51.5464578" /><node id="5808719057" lat="25.3791811" lon="51.5464466" /><node id="5808719058" lat="25.3792664" lon="51.5463602" /><node id="5808719059" lat="25.3792719" lon="51.5463668" /><node id="5808719060" lat="25.3793399" lon="51.5462977" /><node id="5808719061" lat="25.3793465" lon="51.5463057" /><node id="5808719062" lat="25.3801306" lon="51.5462095" /><node id="5808719063" lat="25.3800396" lon="51.5463885" /><node id="5808719064" lat="25.3795628" lon="51.5460914" /><node id="5808719065" lat="25.3796538" lon="51.5459124" /><node id="5808719066" lat="25.3795172" lon="51.5451842" /><node id="5808719067" lat="25.3795726" lon="51.5452604" /><node id="5808719068" lat="25.3794591" lon="51.5453614" /><node id="5808719069" lat="25.3795152" lon="51.5454386" /><node id="5808719070" lat="25.3795207" lon="51.5454305" /><node id="5808719071" lat="25.3795751" lon="51.5455049" /><node id="5808719072" lat="25.3795824" lon="51.5454984" /><node id="5808719073" lat="25.3796502" lon="51.5455913" /><node id="5808719074" lat="25.3796444" lon="51.5455965" /><node id="5808719075" lat="25.3796971" lon="51.5456686" /><node id="5808719076" lat="25.3796171" lon="51.5457402" /><node id="5808719077" lat="25.3794521" lon="51.5455143" /><node id="5808719078" lat="25.3794422" lon="51.5455231" /><node id="5808719079" lat="25.3793757" lon="51.5454319" /><node id="5808719080" lat="25.3793818" lon="51.5454265" /><node id="5808719081" lat="25.3793281" lon="51.5453525" /><node id="5808719082" lat="25.3801320" lon="51.5455332" /><node id="5808719083" lat="25.3800388" lon="51.5454798" /><node id="5808719084" lat="25.3800340" lon="51.5454902" /><node id="5808719085" lat="25.3799530" lon="51.5454439" /><node id="5808719086" lat="25.3799491" lon="51.5454522" /><node id="5808719087" lat="25.3798693" lon="51.5454066" /><node id="5808719088" lat="25.3798642" lon="51.5454175" /><node id="5808719089" lat="25.3797840" lon="51.5453717" /><node id="5808719090" lat="25.3797355" lon="51.5454758" /><node id="5808719091" lat="25.3798556" lon="51.5455444" /><node id="5808719092" lat="25.3798608" lon="51.5455333" /><node id="5808719093" lat="25.3799221" lon="51.5455683" /><node id="5808719094" lat="25.3799282" lon="51.5455552" /><node id="5808719095" lat="25.3800077" lon="51.5456006" /><node id="5808719096" lat="25.3800125" lon="51.5455903" /><node id="5808719097" lat="25.3800857" lon="51.5456322" /><node id="5808719116" lat="25.3803861" lon="51.5460054" /><node id="5808719117" lat="25.3803436" lon="51.5461030" /><node id="5808719118" lat="25.3802561" lon="51.5460562" /><node id="5808719119" lat="25.3802504" lon="51.5460692" /><node id="5808719120" lat="25.3801727" lon="51.5460273" /><node id="5808719121" lat="25.3801768" lon="51.5460179" /><node id="5808719122" lat="25.3800949" lon="51.5459734" /><node id="5808719123" lat="25.3800904" lon="51.5459834" /><node id="5808719124" lat="25.3800132" lon="51.5459410" /><node id="5808719125" lat="25.3800079" lon="51.5459527" /><node id="5808719126" lat="25.3798361" lon="51.5458578" /><node id="5808719127" lat="25.3798403" lon="51.5458486" /><node id="5808719128" lat="25.3797611" lon="51.5458046" /><node id="5808719129" lat="25.3798115" lon="51.5456934" /><node id="5808719130" lat="25.3799019" lon="51.5457436" /><node id="5808719131" lat="25.3798968" lon="51.5457549" /><node id="5808719132" lat="25.3799878" lon="51.5458054" /><node id="5808719133" lat="25.3799854" lon="51.5458187" /><node id="5808719134" lat="25.3800437" lon="51.5458495" /><node id="5808719135" lat="25.3800477" lon="51.5458403" /><node id="5808719136" lat="25.3801227" lon="51.5458800" /><node id="5808719137" lat="25.3801282" lon="51.5458674" /><node id="5808719138" lat="25.3802300" lon="51.5459213" /><node id="5808719139" lat="25.3802243" lon="51.5459344" /><node id="5808719140" lat="25.3802916" lon="51.5459701" /><node id="5808719141" lat="25.3802970" lon="51.5459578" /><node id="5808719142" lat="25.3799039" lon="51.5467099" /><node id="5808719143" lat="25.3798689" lon="51.5469193" /><node id="5808719144" lat="25.3792443" lon="51.5467912" /><node id="5808719145" lat="25.3792615" lon="51.5466884" /><node id="5808719146" lat="25.3793357" lon="51.5467036" /><node id="5808719147" lat="25.3793536" lon="51.5465970" /><node id="5808719148" lat="25.3799190" lon="51.5473336" /><node id="5808719149" lat="25.3792901" lon="51.5474643" /><node id="5808719150" lat="25.3792736" lon="51.5473672" /><node id="5808719151" lat="25.3793455" lon="51.5473523" /><node id="5808719152" lat="25.3793277" lon="51.5472472" /><node id="5808719253" lat="25.3798847" lon="51.5471314" /><node id="5808719254" lat="25.3789329" lon="51.5470338" /><node id="5808719255" lat="25.3789999" lon="51.5471058" /><node id="5808719256" lat="25.3790054" lon="51.5470956" /><node id="5808719257" lat="25.3790867" lon="51.5471820" /><node id="5808719258" lat="25.3790814" lon="51.5471881" /><node id="5808719259" lat="25.3791274" lon="51.5472370" /><node id="5808719260" lat="25.3791331" lon="51.5472305" /><node id="5808719261" lat="25.3792041" lon="51.5473061" /><node id="5808719262" lat="25.3791356" lon="51.5473850" /><node id="5808719263" lat="25.3790715" lon="51.5473168" /><node id="5808719264" lat="25.3790659" lon="51.5473232" /><node id="5808719265" lat="25.3789955" lon="51.5472481" /><node id="5808719266" lat="25.3790009" lon="51.5472419" /><node id="5808719267" lat="25.3789494" lon="51.5471867" /><node id="5808719268" lat="25.3789411" lon="51.5471962" /><node id="5808719269" lat="25.3788635" lon="51.5471129" /><node id="5808719270" lat="25.3791300" lon="51.5437830" /><node id="5808719271" lat="25.3789422" lon="51.5437820" /><node id="5808719272" lat="25.3789418" lon="51.5438908" /><node id="5808719273" lat="25.3791295" lon="51.5438918" /><node id="5808719274" lat="25.3791383" lon="51.5439797" /><node id="5808719275" lat="25.3792320" lon="51.5443753" /><node id="5808719276" lat="25.3791298" lon="51.5444047" /><node id="5808719277" lat="25.3790369" lon="51.5440089" /><node id="5808719278" lat="25.3791663" lon="51.5440989" /><node id="5808719279" lat="25.3792072" lon="51.5442694" /><node id="5808719280" lat="25.3791541" lon="51.5441024" /><node id="5808719281" lat="25.3791942" lon="51.5442732" /><node id="5808719282" lat="25.3788765" lon="51.5438266" /><node id="5808719283" lat="25.3787322" lon="51.5439829" /><node id="5808719284" lat="25.3787258" lon="51.5439756" /><node id="5808719285" lat="25.3786614" lon="51.5440451" /><node id="5808719286" lat="25.3786695" lon="51.5440542" /><node id="5808719287" lat="25.3786036" lon="51.5441253" /><node id="5808719288" lat="25.3785953" lon="51.5441160" /><node id="5808719289" lat="25.3785330" lon="51.5441832" /><node id="5808719290" lat="25.3784671" lon="51.5441083" /><node id="5808719291" lat="25.3785420" lon="51.5440277" /><node id="5808719292" lat="25.3785511" lon="51.5440381" /><node id="5808719293" lat="25.3786047" lon="51.5439804" /><node id="5808719294" lat="25.3785949" lon="51.5439692" /><node id="5808719295" lat="25.3786707" lon="51.5438877" /><node id="5808719296" lat="25.3786753" lon="51.5438979" /><node id="5808719297" lat="25.3787269" lon="51.5438419" /><node id="5808719298" lat="25.3787188" lon="51.5438327" /><node id="5808719299" lat="25.3788021" lon="51.5437424" /><node id="5808719302" lat="25.3756429" lon="51.5413184" /><node id="5808719303" lat="25.3749803" lon="51.5412607" /><node id="5808719305" lat="25.3756304" lon="51.5414945" /><node id="5808719324" lat="25.3795427" lon="51.5486022" /><node id="5808719325" lat="25.3793977" lon="51.5490043" /><node id="5808719326" lat="25.3791748" lon="51.5489688" /><node id="5808719327" lat="25.3793394" lon="51.5485123" /><node id="5808719328" lat="25.3796982" lon="51.5488232" /><node id="5808719329" lat="25.3795640" lon="51.5492130" /><node id="5808719330" lat="25.3794705" lon="51.5491736" /><node id="5808719331" lat="25.3796048" lon="51.5487838" /><node id="5808721823" lat="25.3793554" lon="51.5444651" /><node id="5808721824" lat="25.3795731" lon="51.5445644" /><node id="5808721825" lat="25.3795356" lon="51.5446314" /><node id="5808721826" lat="25.3793204" lon="51.5445698" /><node id="5808721827" lat="25.3795021" lon="51.5446424" /><node id="5808721828" lat="25.3794186" lon="51.5446101" /><node id="5808721829" lat="25.3794144" lon="51.5446226" /><node id="5808721830" lat="25.3794974" lon="51.5446565" /><node id="5808721831" lat="25.3794530" lon="51.5445051" /><node id="5808721832" lat="25.3795223" lon="51.5445334" /><node id="5808721833" lat="25.3794484" lon="51.5445187" /><node id="5808721834" lat="25.3795177" lon="51.5445471" /><node id="5844673187" lat="25.3724723" lon="51.5556132" /><node id="5844673188" lat="25.3725312" lon="51.5558647" /><node id="5844673189" lat="25.3721040" lon="51.5559872" /><node id="5844673191" lat="25.3720509" lon="51.5556100" /><node id="5847397895" lat="25.3660548" lon="51.5406262" /><node id="5847397896" lat="25.3667249" lon="51.5401132" /><node id="5847397909" lat="25.3658982" lon="51.5407989" /><node id="7188979559" lat="25.3644007" lon="51.5443071" /><node id="7200223797" lat="25.3674010" lon="51.5479295" /><node id="7200223798" lat="25.3674075" lon="51.5479695" /><node id="7200223799" lat="25.3673899" lon="51.5480005" /><node id="7200223800" lat="25.3673643" lon="51.5480032" /><node id="7200223801" lat="25.3673083" lon="51.5480987" /><node id="7200223802" lat="25.3672628" lon="51.5480660" /><node id="7200223803" lat="25.3672524" lon="51.5480828" /><node id="7200223804" lat="25.3672151" lon="51.5480559" /><node id="7200223805" lat="25.3672183" lon="51.5480501" /><node id="7200223806" lat="25.3671703" lon="51.5480157" /><node id="7200223807" lat="25.3671756" lon="51.5480040" /><node id="7200223808" lat="25.3671260" lon="51.5479684" /><node id="7200223809" lat="25.3671218" lon="51.5479742" /><node id="7200223810" lat="25.3670340" lon="51.5479144" /><node id="7200223811" lat="25.3670412" lon="51.5479030" /><node id="7200223812" lat="25.3669952" lon="51.5478661" /><node id="7200223813" lat="25.3669861" lon="51.5478802" /><node id="7200223814" lat="25.3669043" lon="51.5478172" /><node id="7200223815" lat="25.3668855" lon="51.5478500" /><node id="7200223816" lat="25.3668201" lon="51.5478004" /><node id="7200223817" lat="25.3668401" lon="51.5477635" /><node id="7200223818" lat="25.3667910" lon="51.5477246" /><node id="7200223819" lat="25.3668086" lon="51.5476971" /><node id="7200223820" lat="25.3667801" lon="51.5476743" /><node id="7200223821" lat="25.3667613" lon="51.5477032" /><node id="7200223822" lat="25.3667225" lon="51.5476723" /><node id="7200223823" lat="25.3667310" lon="51.5476609" /><node id="7200223824" lat="25.3666900" lon="51.5476298" /><node id="7200223825" lat="25.3666845" lon="51.5476398" /><node id="7200223826" lat="25.3666406" lon="51.5476090" /><node id="7200223827" lat="25.3666462" lon="51.5475998" /><node id="7200223828" lat="25.3665216" lon="51.5475297" /><node id="7200223829" lat="25.3665306" lon="51.5475104" /><node id="7200223830" lat="25.3664764" lon="51.5474742" /><node id="7200223831" lat="25.3664485" lon="51.5475027" /><node id="7200223832" lat="25.3664346" lon="51.5474796" /><node id="7200223833" lat="25.3664235" lon="51.5474919" /><node id="7200223834" lat="25.3663949" lon="51.5475143" /><node id="7200223835" lat="25.3662369" lon="51.5473494" /><node id="7200223836" lat="25.3662822" lon="51.5473109" /><node id="7200223837" lat="25.3662780" lon="51.5473055" /><node id="7200223838" lat="25.3662864" lon="51.5472971" /><node id="7200223839" lat="25.3662794" lon="51.5472886" /><node id="7200223840" lat="25.3662933" lon="51.5472740" /><node id="7200223841" lat="25.3662738" lon="51.5472431" /><node id="7200223842" lat="25.3662571" lon="51.5472539" /><node id="7200223843" lat="25.3661938" lon="51.5471669" /><node id="7200223844" lat="25.3662014" lon="51.5471592" /><node id="7200223845" lat="25.3661666" lon="51.5471099" /><node id="7200223846" lat="25.3661597" lon="51.5471153" /><node id="7200223847" lat="25.3661228" lon="51.5470644" /><node id="7200223848" lat="25.3661353" lon="51.5470544" /><node id="7200223849" lat="25.3661221" lon="51.5470336" /><node id="7200223850" lat="25.3661068" lon="51.5470421" /><node id="7200223851" lat="25.3660588" lon="51.5469759" /><node id="7200223852" lat="25.3660330" lon="51.5469974" /><node id="7200223853" lat="25.3659801" lon="51.5469250" /><node id="7200223854" lat="25.3660038" lon="51.5469050" /><node id="7200223855" lat="25.3659070" lon="51.5467640" /><node id="7200223856" lat="25.3659175" lon="51.5467502" /><node id="7200223857" lat="25.3658945" lon="51.5467201" /><node id="7200223858" lat="25.3658868" lon="51.5467217" /><node id="7200223859" lat="25.3658681" lon="51.5466839" /><node id="7200223860" lat="25.3658541" lon="51.5466924" /><node id="7200223861" lat="25.3657957" lon="51.5466077" /><node id="7200223862" lat="25.3658054" lon="51.5465992" /><node id="7200223863" lat="25.3657692" lon="51.5465461" /><node id="7200223864" lat="25.3657616" lon="51.5465522" /><node id="7200223865" lat="25.3657059" lon="51.5464837" /><node id="7200223866" lat="25.3657149" lon="51.5464806" /><node id="7200223867" lat="25.3656836" lon="51.5464290" /><node id="7200223868" lat="25.3657052" lon="51.5464120" /><node id="7200223869" lat="25.3657087" lon="51.5464174" /><node id="7200223870" lat="25.3657546" lon="51.5463781" /><node id="7200223871" lat="25.3657302" lon="51.5463450" /><node id="7200223872" lat="25.3657344" lon="51.5463142" /><node id="7200223873" lat="25.3657699" lon="51.5462857" /><node id="7200223874" lat="25.3658186" lon="51.5462795" /><node id="7200223875" lat="25.3658367" lon="51.5463027" /><node id="7200223876" lat="25.3658326" lon="51.5463296" /><node id="7200223877" lat="25.3658520" lon="51.5463520" /><node id="7200223878" lat="25.3658479" lon="51.5463758" /><node id="7200223879" lat="25.3659453" lon="51.5465075" /><node id="7200223880" lat="25.3659732" lon="51.5464798" /><node id="7200223881" lat="25.3659850" lon="51.5464960" /><node id="7200223882" lat="25.3660086" lon="51.5464760" /><node id="7200223883" lat="25.3660657" lon="51.5465530" /><node id="7200223884" lat="25.3660504" lon="51.5465653" /><node id="7200230885" lat="25.3660845" lon="51.5466169" /><node id="7200230886" lat="25.3660622" lon="51.5466331" /><node id="7200230887" lat="25.3661026" lon="51.5466916" /><node id="7200230888" lat="25.3661416" lon="51.5466616" /><node id="7200230889" lat="25.3662237" lon="51.5467787" /><node id="7200230890" lat="25.3662091" lon="51.5467895" /><node id="7200230891" lat="25.3662383" lon="51.5468303" /><node id="7200230892" lat="25.3662251" lon="51.5468511" /><node id="7200230893" lat="25.3662557" lon="51.5468911" /><node id="7200230894" lat="25.3662230" lon="51.5469166" /><node id="7200230895" lat="25.3662362" lon="51.5469320" /><node id="7200230896" lat="25.3662446" lon="51.5469273" /><node id="7200230897" lat="25.3662703" lon="51.5469612" /><node id="7200230898" lat="25.3663205" lon="51.5469142" /><node id="7200230899" lat="25.3663643" lon="51.5469766" /><node id="7200230900" lat="25.3663483" lon="51.5469936" /><node id="7200230901" lat="25.3663817" lon="51.5470421" /><node id="7200230902" lat="25.3663740" lon="51.5470490" /><node id="7200230903" lat="25.3664242" lon="51.5471199" /><node id="7200230904" lat="25.3663991" lon="51.5471453" /><node id="7200230905" lat="25.3665564" lon="51.5473109" /><node id="7200230906" lat="25.3665738" lon="51.5472755" /><node id="7200230907" lat="25.3666504" lon="51.5473333" /><node id="7200230908" lat="25.3666538" lon="51.5473233" /><node id="7200230909" lat="25.3666886" lon="51.5473471" /><node id="7200230910" lat="25.3667012" lon="51.5473225" /><node id="7200230911" lat="25.3668515" lon="51.5474326" /><node id="7200230912" lat="25.3669977" lon="51.5475412" /><node id="7200230913" lat="25.3669643" lon="51.5475967" /><node id="7200230914" lat="25.3670394" lon="51.5476529" /><node id="7200230915" lat="25.3670582" lon="51.5476252" /><node id="7200230916" lat="25.3670902" lon="51.5476498" /><node id="7200230917" lat="25.3671041" lon="51.5476190" /><node id="7200230918" lat="25.3671807" lon="51.5476837" /><node id="7200230919" lat="25.3671654" lon="51.5477076" /><node id="7200230920" lat="25.3671870" lon="51.5477284" /><node id="7200230921" lat="25.3671647" lon="51.5477646" /><node id="7200230922" lat="25.3672962" lon="51.5478647" /><node id="7200230923" lat="25.3673276" lon="51.5478586" /><node id="7200230924" lat="25.3673575" lon="51.5478586" /><node id="7200230925" lat="25.3673825" lon="51.5478794" /><node id="7200230926" lat="25.3673902" lon="51.5478902" /><node id="7200230986" lat="25.3710616" lon="51.5478681" /><node id="7200231450" lat="25.3660253" lon="51.5461972" /><node id="7200231469" lat="25.3676459" lon="51.5478149" /><node id="7200231472" lat="25.3677996" lon="51.5478876" /><node id="7200232042" lat="25.3667924" lon="51.5493014" /><node id="7200232043" lat="25.3668512" lon="51.5493224" /><node id="7200232044" lat="25.3668632" lon="51.5493409" /><node id="7200232045" lat="25.3668651" lon="51.5494004" /><node id="7200232046" lat="25.3655988" lon="51.5485670" /><node id="7200232048" lat="25.3655038" lon="51.5487987" /><node id="7200232049" lat="25.3654817" lon="51.5489168" /><node id="7200232050" lat="25.3654612" lon="51.5495397" /><node id="7200232051" lat="25.3660219" lon="51.5496142" /><node id="7200232052" lat="25.3658351" lon="51.5497752" /><node id="7200232053" lat="25.3657732" lon="51.5498957" /><node id="7200232054" lat="25.3657269" lon="51.5498648" /><node id="7200232055" lat="25.3656797" lon="51.5499347" /><node id="7200232056" lat="25.3656813" lon="51.5499506" /><node id="7200232057" lat="25.3656741" lon="51.5499780" /><node id="7200232058" lat="25.3656557" lon="51.5500063" /><node id="7200232059" lat="25.3656181" lon="51.5500249" /><node id="7200232060" lat="25.3655918" lon="51.5500187" /><node id="7200232061" lat="25.3655670" lon="51.5500019" /><node id="7200232062" lat="25.3655478" lon="51.5499895" /><node id="7200232063" lat="25.3655294" lon="51.5499409" /><node id="7200232064" lat="25.3655350" lon="51.5499143" /><node id="7200232065" lat="25.3655534" lon="51.5499046" /><node id="7200232066" lat="25.3655110" lon="51.5497843" /><node id="7200232067" lat="25.3655510" lon="51.5497135" /><node id="7200232068" lat="25.3654950" lon="51.5496745" /><node id="7200232069" lat="25.3658621" lon="51.5497988" /><node id="7200232070" lat="25.3655564" lon="51.5486488" /><node id="7203058130" lat="25.3679508" lon="51.5510633" /><node id="7203058131" lat="25.3679327" lon="51.5509670" /><node id="7203058132" lat="25.3676996" lon="51.5510124" /><node id="7203058133" lat="25.3677044" lon="51.5510525" /><node id="7203058134" lat="25.3676940" lon="51.5510587" /><node id="7203058135" lat="25.3676828" lon="51.5510718" /><node id="7203058136" lat="25.3676780" lon="51.5510864" /><node id="7203058137" lat="25.3676794" lon="51.5510995" /><node id="7203058138" lat="25.3676828" lon="51.5511095" /><node id="7203058139" lat="25.3676919" lon="51.5511218" /><node id="7203058140" lat="25.3676780" lon="51.5511488" /><node id="7203058141" lat="25.3678840" lon="51.5512890" /><node id="7203058142" lat="25.3679230" lon="51.5512004" /><node id="7203058143" lat="25.3678624" lon="51.5511603" /><node id="7203058144" lat="25.3678805" lon="51.5511365" /><node id="7203058145" lat="25.3678875" lon="51.5511218" /><node id="7203058146" lat="25.3678882" lon="51.5510987" /><node id="7203058147" lat="25.3678840" lon="51.5510879" /><node id="7203058148" lat="25.3678791" lon="51.5510756" /><node id="7203058149" lat="25.3680529" lon="51.5509563" /><node id="7203058150" lat="25.3680633" lon="51.5510872" /><node id="7203058151" lat="25.3681136" lon="51.5511032" /><node id="7203058152" lat="25.3681440" lon="51.5511430" /><node id="7203058153" lat="25.3681368" lon="51.5512067" /><node id="7203058154" lat="25.3680928" lon="51.5512456" /><node id="7203058155" lat="25.3680337" lon="51.5512350" /><node id="7203058156" lat="25.3680185" lon="51.5512908" /><node id="7203058157" lat="25.3679913" lon="51.5513385" /><node id="7203058158" lat="25.3679169" lon="51.5512881" /><node id="7203058159" lat="25.3679417" lon="51.5512403" /><node id="7203058160" lat="25.3679545" lon="51.5511996" /><node id="7203058161" lat="25.3679713" lon="51.5511333" /><node id="7203058162" lat="25.3679761" lon="51.5510660" /><node id="7203058163" lat="25.3679745" lon="51.5510227" /><node id="7203058170" lat="25.3681716" lon="51.5513670" /><node id="7203058171" lat="25.3681647" lon="51.5513812" /><node id="7203058172" lat="25.3681743" lon="51.5513878" /><node id="7203058173" lat="25.3681941" lon="51.5513959" /><node id="7203058174" lat="25.3682152" lon="51.5514030" /><node id="7203058175" lat="25.3682368" lon="51.5514093" /><node id="7203058176" lat="25.3682611" lon="51.5514117" /><node id="7203058177" lat="25.3682790" lon="51.5514107" /><node id="7203058178" lat="25.3682909" lon="51.5514086" /><node id="7203058179" lat="25.3683070" lon="51.5514056" /><node id="7203058180" lat="25.3683029" lon="51.5513929" /><node id="7203058181" lat="25.3682774" lon="51.5513968" /><node id="7203058182" lat="25.3682601" lon="51.5513977" /><node id="7203058183" lat="25.3682415" lon="51.5513958" /><node id="7203058184" lat="25.3682242" lon="51.5513916" /><node id="7203069685" lat="25.3682072" lon="51.5513854" /><node id="7203069686" lat="25.3681840" lon="51.5513751" /><node id="7203069687" lat="25.3681907" lon="51.5513158" /><node id="7203069688" lat="25.3681792" lon="51.5513373" /><node id="7203069689" lat="25.3681910" lon="51.5513450" /><node id="7203069690" lat="25.3682158" lon="51.5513570" /><node id="7203069691" lat="25.3682332" lon="51.5513628" /><node id="7203069692" lat="25.3682540" lon="51.5513658" /><node id="7203069693" lat="25.3682749" lon="51.5513674" /><node id="7203069694" lat="25.3682930" lon="51.5513670" /><node id="7203069695" lat="25.3683055" lon="51.5513643" /><node id="7203069696" lat="25.3683142" lon="51.5513624" /><node id="7203069697" lat="25.3683132" lon="51.5513404" /><node id="7203069698" lat="25.3682989" lon="51.5513420" /><node id="7203069699" lat="25.3682791" lon="51.5513443" /><node id="7203069700" lat="25.3682540" lon="51.5513427" /><node id="7203069701" lat="25.3682328" lon="51.5513373" /><node id="7203069702" lat="25.3682137" lon="51.5513300" /><node id="7203069703" lat="25.3682319" lon="51.5510483" /><node id="7203069704" lat="25.3682280" lon="51.5510236" /><node id="7203069705" lat="25.3682416" lon="51.5510210" /><node id="7203069706" lat="25.3682685" lon="51.5510195" /><node id="7203069707" lat="25.3682866" lon="51.5510209" /><node id="7203069708" lat="25.3683071" lon="51.5510261" /><node id="7203069709" lat="25.3683272" lon="51.5510328" /><node id="7203069710" lat="25.3683440" lon="51.5510402" /><node id="7203069711" lat="25.3683549" lon="51.5510476" /><node id="7203069712" lat="25.3683624" lon="51.5510528" /><node id="7203069713" lat="25.3683544" lon="51.5510729" /><node id="7203069714" lat="25.3683416" lon="51.5510659" /><node id="7203069715" lat="25.3683237" lon="51.5510561" /><node id="7203069716" lat="25.3682998" lon="51.5510477" /><node id="7203069717" lat="25.3682782" lon="51.5510445" /><node id="7203069718" lat="25.3682580" lon="51.5510439" /><node id="7203069719" lat="25.3682328" lon="51.5509970" /><node id="7203069720" lat="25.3682308" lon="51.5509810" /><node id="7203069721" lat="25.3682419" lon="51.5509785" /><node id="7203069722" lat="25.3682630" lon="51.5509784" /><node id="7203069723" lat="25.3682850" lon="51.5509798" /><node id="7203069724" lat="25.3683073" lon="51.5509822" /><node id="7203069725" lat="25.3683308" lon="51.5509892" /><node id="7203069726" lat="25.3683473" lon="51.5509970" /><node id="7203069727" lat="25.3683579" lon="51.5510035" /><node id="7203069728" lat="25.3683720" lon="51.5510125" /><node id="7203069729" lat="25.3683641" lon="51.5510229" /><node id="7203069730" lat="25.3683415" lon="51.5510094" /><node id="7203069731" lat="25.3683255" lon="51.5510020" /><node id="7203069732" lat="25.3683075" lon="51.5509966" /><node id="7203069733" lat="25.3682900" lon="51.5509940" /><node id="7203069734" lat="25.3682721" lon="51.5509933" /><node id="7203069735" lat="25.3682470" lon="51.5509941" /><node id="7203069804" lat="25.3685712" lon="51.5510627" /><node id="7203069805" lat="25.3685221" lon="51.5511858" /><node id="7203069806" lat="25.3684963" lon="51.5511853" /><node id="7203069807" lat="25.3684609" lon="51.5512127" /><node id="7203069808" lat="25.3684520" lon="51.5512746" /><node id="7203069809" lat="25.3684726" lon="51.5513137" /><node id="7203069810" lat="25.3685026" lon="51.5513277" /><node id="7203069811" lat="25.3685111" lon="51.5514421" /><node id="7203069812" lat="25.3686002" lon="51.5514281" /><node id="7203069813" lat="25.3685944" lon="51.5513656" /><node id="7203069814" lat="25.3685933" lon="51.5512880" /><node id="7203069815" lat="25.3686060" lon="51.5512244" /><node id="7203069816" lat="25.3686318" lon="51.5511713" /><node id="7203069817" lat="25.3686535" lon="51.5511870" /><node id="7203069818" lat="25.3686952" lon="51.5511011" /><node id="7203069819" lat="25.3688941" lon="51.5512255" /><node id="7203069820" lat="25.3688872" lon="51.5512675" /><node id="7203069821" lat="25.3688962" lon="51.5512681" /><node id="7203069822" lat="25.3688883" lon="51.5513335" /><node id="7203069823" lat="25.3688782" lon="51.5513323" /><node id="7203069824" lat="25.3688761" lon="51.5513813" /><node id="7203069825" lat="25.3686483" lon="51.5514251" /><node id="7203069826" lat="25.3686287" lon="51.5513294" /><node id="7203069827" lat="25.3687010" lon="51.5513119" /><node id="7203069828" lat="25.3686915" lon="51.5512955" /><node id="7203069829" lat="25.3686868" lon="51.5512722" /><node id="7203069830" lat="25.3686884" lon="51.5512494" /><node id="7203069831" lat="25.3686984" lon="51.5512337" /><node id="7203069832" lat="25.3687105" lon="51.5512202" /><node id="7203069842" lat="25.3695007" lon="51.5501184" /><node id="7203069843" lat="25.3694871" lon="51.5502122" /><node id="7203069844" lat="25.3695031" lon="51.5502140" /><node id="7203069845" lat="25.3694879" lon="51.5503149" /><node id="7203069846" lat="25.3694375" lon="51.5503069" /><node id="7203069847" lat="25.3694309" lon="51.5503505" /><node id="7203069848" lat="25.3694748" lon="51.5503574" /><node id="7203069849" lat="25.3694483" lon="51.5505176" /><node id="7203069850" lat="25.3694462" lon="51.5505315" /><node id="7203069851" lat="25.3694657" lon="51.5505677" /><node id="7203069852" lat="25.3693739" lon="51.5506378" /><node id="7203069853" lat="25.3693565" lon="51.5506070" /><node id="7203069854" lat="25.3692973" lon="51.5506740" /><node id="7203069855" lat="25.3693161" lon="51.5507079" /><node id="7203069856" lat="25.3692653" lon="51.5507664" /><node id="7203069857" lat="25.3692493" lon="51.5507803" /><node id="7203069858" lat="25.3692354" lon="51.5507672" /><node id="7203069859" lat="25.3692173" lon="51.5507872" /><node id="7203069860" lat="25.3691985" lon="51.5507772" /><node id="7203069861" lat="25.3691637" lon="51.5508427" /><node id="7203069862" lat="25.3691776" lon="51.5508488" /><node id="7203069863" lat="25.3691226" lon="51.5509551" /><node id="7203069864" lat="25.3691393" lon="51.5509644" /><node id="7203069865" lat="25.3690628" lon="51.5510938" /><node id="7203069866" lat="25.3689249" lon="51.5510113" /><node id="7203069867" lat="25.3688226" lon="51.5509428" /><node id="7203069868" lat="25.3688171" lon="51.5509520" /><node id="7203069869" lat="25.3687287" lon="51.5509066" /><node id="7203069870" lat="25.3687349" lon="51.5508904" /><node id="7203069871" lat="25.3686869" lon="51.5508719" /><node id="7203069872" lat="25.3686932" lon="51.5508558" /><node id="7203069873" lat="25.3686410" lon="51.5508373" /><node id="7203069874" lat="25.3686361" lon="51.5508565" /><node id="7203069875" lat="25.3685429" lon="51.5508296" /><node id="7203069876" lat="25.3685345" lon="51.5508388" /><node id="7203069877" lat="25.3684357" lon="51.5506955" /><node id="7203069878" lat="25.3684503" lon="51.5506902" /><node id="7203069879" lat="25.3684760" lon="51.5505546" /><node id="7203069880" lat="25.3684670" lon="51.5505492" /><node id="7203069881" lat="25.3684893" lon="51.5504105" /><node id="7203069882" lat="25.3684705" lon="51.5504036" /><node id="7203069883" lat="25.3684907" lon="51.5502757" /><node id="7203069884" lat="25.3685016" lon="51.5502116" /><node id="7203069885" lat="25.3686760" lon="51.5502445" /><node id="7203069886" lat="25.3687870" lon="51.5503413" /><node id="7203069887" lat="25.3690681" lon="51.5504354" /><node id="7203069888" lat="25.3692551" lon="51.5502423" /><node id="7203069889" lat="25.3693180" lon="51.5502522" /><node id="7203069890" lat="25.3693475" lon="51.5500897" /><node id="7203069892" lat="25.3692684" lon="51.5508053" /><node id="7203069905" lat="25.3690708" lon="51.5513463" /><node id="7203069906" lat="25.3690651" lon="51.5513431" /><node id="7203069907" lat="25.3690606" lon="51.5513380" /><node id="7203069908" lat="25.3690554" lon="51.5513348" /><node id="7203069909" lat="25.3690479" lon="51.5513331" /><node id="7203069910" lat="25.3690421" lon="51.5513684" /><node id="7203069911" lat="25.3690491" lon="51.5513697" /><node id="7203069912" lat="25.3690525" lon="51.5513720" /><node id="7203069913" lat="25.3690583" lon="51.5513683" /><node id="7203069914" lat="25.3690649" lon="51.5513669" /><node id="7203069915" lat="25.3690452" lon="51.5513392" /><node id="7203069916" lat="25.3690399" lon="51.5513416" /><node id="7203069917" lat="25.3690373" lon="51.5513480" /><node id="7203069918" lat="25.3690368" lon="51.5513551" /><node id="7203069919" lat="25.3690414" lon="51.5513617" /><node id="7203069920" lat="25.3690714" lon="51.5513681" /><node id="7203069921" lat="25.3690756" lon="51.5513473" /><node id="7203069922" lat="25.3691892" lon="51.5513687" /><node id="7203069923" lat="25.3690576" lon="51.5513314" /><node id="7203069924" lat="25.3690414" lon="51.5513381" /><node id="7203069925" lat="25.3690381" lon="51.5513612" /><node id="7203069926" lat="25.3690507" lon="51.5513741" /><node id="7203069927" lat="25.3691868" lon="51.5513888" /><node id="7203069928" lat="25.3692091" lon="51.5513624" /><node id="7203069929" lat="25.3692156" lon="51.5513629" /><node id="7203069930" lat="25.3692216" lon="51.5513659" /><node id="7203069931" lat="25.3692263" lon="51.5513709" /><node id="7203069932" lat="25.3692292" lon="51.5513774" /><node id="7203069933" lat="25.3692137" lon="51.5514045" /><node id="7203069934" lat="25.3692076" lon="51.5514044" /><node id="7203069935" lat="25.3692019" lon="51.5514022" /><node id="7203069936" lat="25.3691970" lon="51.5513981" /><node id="7203069937" lat="25.3691935" lon="51.5513926" /><node id="7203069938" lat="25.3691918" lon="51.5513861" /><node id="7203069939" lat="25.3692300" lon="51.5513845" /><node id="7203069940" lat="25.3692286" lon="51.5513916" /><node id="7203069941" lat="25.3692251" lon="51.5513977" /><node id="7203069942" lat="25.3692199" lon="51.5514022" /><node id="7203069943" lat="25.3691921" lon="51.5513793" /><node id="7203069944" lat="25.3691942" lon="51.5513730" /><node id="7203069945" lat="25.3691980" lon="51.5513677" /><node id="7203069946" lat="25.3692032" lon="51.5513641" /><node id="7205458348" lat="25.3703903" lon="51.5509691" /><node id="7205461892" lat="25.3699126" lon="51.5506401" /><node id="7205461893" lat="25.3699564" lon="51.5507487" /><node id="7205461894" lat="25.3699842" lon="51.5507517" /><node id="7205461895" lat="25.3700427" lon="51.5510429" /><node id="7205461896" lat="25.3700441" lon="51.5512601" /><node id="7205461897" lat="25.3700914" lon="51.5512647" /><node id="7205461898" lat="25.3701847" lon="51.5512848" /><node id="7205461899" lat="25.3702640" lon="51.5511600" /><node id="7205461900" lat="25.3702515" lon="51.5511507" /><node id="7205461901" lat="25.3703197" lon="51.5510583" /><node id="7205461902" lat="25.3703364" lon="51.5510275" /><node id="7205461916" lat="25.3697032" lon="51.5532134" /><node id="7205461917" lat="25.3696094" lon="51.5524490" /><node id="7205461918" lat="25.3695116" lon="51.5523500" /><node id="7205461919" lat="25.3695447" lon="51.5523100" /><node id="7205461920" lat="25.3694404" lon="51.5522045" /><node id="7205461921" lat="25.3694205" lon="51.5522286" /><node id="7205461922" lat="25.3693856" lon="51.5521933" /><node id="7205461923" lat="25.3693301" lon="51.5522604" /><node id="7205461924" lat="25.3693626" lon="51.5522933" /><node id="7205461925" lat="25.3693415" lon="51.5523188" /><node id="7205461926" lat="25.3693488" lon="51.5523262" /><node id="7205461927" lat="25.3693062" lon="51.5523777" /><node id="7205461928" lat="25.3692179" lon="51.5529550" /><node id="7205461929" lat="25.3692587" lon="51.5529626" /><node id="7205461930" lat="25.3692619" lon="51.5530198" /><node id="7205461931" lat="25.3693030" lon="51.5530432" /><node id="7205461932" lat="25.3693494" lon="51.5530385" /><node id="7205461933" lat="25.3693748" lon="51.5529942" /><node id="7205461934" lat="25.3693870" lon="51.5529966" /><node id="7205461935" lat="25.3694444" lon="51.5526486" /><node id="7205461941" lat="25.3696486" lon="51.5505532" /><node id="7205461942" lat="25.3696800" lon="51.5506424" /><node id="7205461943" lat="25.3696125" lon="51.5505675" /><node id="7205461944" lat="25.3696442" lon="51.5506575" /><node id="7205461945" lat="25.3698182" lon="51.5503185" /><node id="7205461946" lat="25.3699476" lon="51.5503474" /><node id="7205461947" lat="25.3699929" lon="51.5503019" /><node id="7205461948" lat="25.3704676" lon="51.5508576" /><node id="7205461949" lat="25.3703748" lon="51.5509510" /><node id="7205461950" lat="25.3699265" lon="51.5506300" /><node id="7205461951" lat="25.3698452" lon="51.5505552" /><node id="7205461952" lat="25.3698081" lon="51.5505844" /><node id="7205461953" lat="25.3705600" lon="51.5526650" /><node id="7205461954" lat="25.3705159" lon="51.5529077" /><node id="7205461955" lat="25.3704235" lon="51.5530181" /><node id="7205461956" lat="25.3701907" lon="51.5530686" /><node id="7205461957" lat="25.3700157" lon="51.5534903" /><node id="7205461958" lat="25.3700020" lon="51.5534773" /><node id="7205461959" lat="25.3702404" lon="51.5532818" /><node id="7205461960" lat="25.3703788" lon="51.5532641" /><node id="7205461961" lat="25.3705456" lon="51.5531646" /><node id="7205461962" lat="25.3707251" lon="51.5525835" /><node id="7205461963" lat="25.3707423" lon="51.5527838" /><node id="7205461964" lat="25.3707139" lon="51.5529019" /><node id="7205461965" lat="25.3706972" lon="51.5530257" /><node id="7205461966" lat="25.3705669" lon="51.5531903" /><node id="7205461967" lat="25.3704764" lon="51.5539533" /><node id="7205461968" lat="25.3704833" lon="51.5540093" /><node id="7205461969" lat="25.3704391" lon="51.5541080" /><node id="7205461970" lat="25.3703776" lon="51.5541232" /><node id="7205461971" lat="25.3702927" lon="51.5540675" /><node id="7205461972" lat="25.3701557" lon="51.5538911" /><node id="7205591162" lat="25.3705603" lon="51.5514613" /><node id="7205591163" lat="25.3705805" lon="51.5515625" /><node id="7205591164" lat="25.3705688" lon="51.5516654" /><node id="7205591165" lat="25.3705264" lon="51.5517578" /><node id="7205591166" lat="25.3704583" lon="51.5518291" /><node id="7205591167" lat="25.3705104" lon="51.5513736" /><node id="7205591168" lat="25.3703939" lon="51.5516707" /><node id="7205591169" lat="25.3703926" lon="51.5518654" /><node id="7205591170" lat="25.3704986" lon="51.5513599" /><node id="7205591171" lat="25.3704178" lon="51.5515132" /><node id="7205591172" lat="25.3704332" lon="51.5515460" /><node id="7205591173" lat="25.3704384" lon="51.5515839" /><node id="7205591174" lat="25.3704286" lon="51.5516320" /><node id="7205591175" lat="25.3704113" lon="51.5516562" /><node id="7205591176" lat="25.3704223" lon="51.5515049" /><node id="7205591177" lat="25.3704204" lon="51.5515174" /><node id="7205591178" lat="25.3703991" lon="51.5516672" /><node id="7205591179" lat="25.3703943" lon="51.5516813" /><node id="7205596948" lat="25.3708019" lon="51.5541145" /><node id="7205596949" lat="25.3708059" lon="51.5541411" /><node id="7205596950" lat="25.3707987" lon="51.5541942" /><node id="7205596951" lat="25.3707987" lon="51.5542278" /><node id="7205596952" lat="25.3708011" lon="51.5542738" /><node id="7205596953" lat="25.3708099" lon="51.5543340" /><node id="7205596954" lat="25.3708271" lon="51.5543841" /><node id="7205596955" lat="25.3708466" lon="51.5544109" /><node id="7205596956" lat="25.3708610" lon="51.5544331" /><node id="7205596957" lat="25.3708658" lon="51.5544915" /><node id="7205596958" lat="25.3708674" lon="51.5545446" /><node id="7205596959" lat="25.3708842" lon="51.5546030" /><node id="7205596960" lat="25.3709050" lon="51.5546560" /><node id="7205596961" lat="25.3709186" lon="51.5547012" /><node id="7205596962" lat="25.3709378" lon="51.5547596" /><node id="7205596963" lat="25.3709506" lon="51.5548197" /><node id="7205596964" lat="25.3709817" lon="51.5548790" /><node id="7205596965" lat="25.3710009" lon="51.5549268" /><node id="7205596966" lat="25.3710081" lon="51.5549578" /><node id="7205596967" lat="25.3709881" lon="51.5550153" /><node id="7205596968" lat="25.3709474" lon="51.5550400" /><node id="7205596969" lat="25.3709202" lon="51.5550498" /><node id="7205596970" lat="25.3709002" lon="51.5550454" /><node id="7205596971" lat="25.3708658" lon="51.5550241" /><node id="7205596972" lat="25.3708362" lon="51.5550002" /><node id="7205596973" lat="25.3708219" lon="51.5549701" /><node id="7205596974" lat="25.3708083" lon="51.5549401" /><node id="7205596975" lat="25.3708043" lon="51.5548914" /><node id="7205596976" lat="25.3707907" lon="51.5548374" /><node id="7205596977" lat="25.3707819" lon="51.5548020" /><node id="7205596978" lat="25.3707427" lon="51.5547383" /><node id="7205596979" lat="25.3707003" lon="51.5546897" /><node id="7205596980" lat="25.3706787" lon="51.5546569" /><node id="7205596981" lat="25.3706676" lon="51.5546189" /><node id="7205596982" lat="25.3706660" lon="51.5545764" /><node id="7205596983" lat="25.3706612" lon="51.5545348" /><node id="7205596984" lat="25.3706492" lon="51.5545003" /><node id="7205596985" lat="25.3706364" lon="51.5544711" /><node id="7205596986" lat="25.3706020" lon="51.5544286" /><node id="7205596987" lat="25.3705628" lon="51.5543977" /><node id="7205596988" lat="25.3705364" lon="51.5543800" /><node id="7205596989" lat="25.3705141" lon="51.5543526" /><node id="7205596990" lat="25.3705109" lon="51.5543154" /><node id="7205596991" lat="25.3705189" lon="51.5542809" /><node id="7205596992" lat="25.3705516" lon="51.5542552" /><node id="7205596993" lat="25.3705908" lon="51.5542402" /><node id="7205596994" lat="25.3706220" lon="51.5542154" /><node id="7205596995" lat="25.3706492" lon="51.5541906" /><node id="7205596996" lat="25.3706708" lon="51.5541579" /><node id="7205596997" lat="25.3706843" lon="51.5541269" /><node id="7205596998" lat="25.3706947" lon="51.5541039" /><node id="7205596999" lat="25.3707131" lon="51.5540845" /><node id="7205597000" lat="25.3707267" lon="51.5540774" /><node id="7205597001" lat="25.3707491" lon="51.5540712" /><node id="7205597002" lat="25.3707619" lon="51.5540730" /><node id="7205597003" lat="25.3707779" lon="51.5540818" /><node id="7205597068" lat="25.3710405" lon="51.5505231" /><node id="7205597069" lat="25.3709817" lon="51.5506126" /><node id="7205597070" lat="25.3708859" lon="51.5505355" /><node id="7205597071" lat="25.3709206" lon="51.5504825" /><node id="7205597072" lat="25.3709606" lon="51.5505146" /><node id="7205597073" lat="25.3709846" lon="51.5504781" /><node id="7205810910" lat="25.3712451" lon="51.5498883" /><node id="7205810911" lat="25.3712184" lon="51.5497865" /><node id="7205810912" lat="25.3709737" lon="51.5498651" /><node id="7205810913" lat="25.3709697" lon="51.5498500" /><node id="7205810914" lat="25.3705502" lon="51.5499846" /><node id="7205810915" lat="25.3705545" lon="51.5500013" /><node id="7205810916" lat="25.3704995" lon="51.5500189" /><node id="7205810917" lat="25.3705069" lon="51.5500472" /><node id="7205810918" lat="25.3704703" lon="51.5500589" /><node id="7205810919" lat="25.3704911" lon="51.5501383" /><node id="7205810920" lat="25.3709291" lon="51.5499983" /><node id="7205810921" lat="25.3709233" lon="51.5499762" /><node id="7205810922" lat="25.3709974" lon="51.5499525" /><node id="7205810923" lat="25.3710011" lon="51.5499666" /><node id="7205810924" lat="25.3714518" lon="51.5524863" /><node id="7205810925" lat="25.3714110" lon="51.5525718" /><node id="7205825234" lat="25.3745762" lon="51.5485221" /><node id="7205825235" lat="25.3743823" lon="51.5488182" /><node id="7205825236" lat="25.3743725" lon="51.5488242" /><node id="7205825237" lat="25.3743531" lon="51.5488395" /><node id="7205825238" lat="25.3745423" lon="51.5485286" /><node id="7205825239" lat="25.3744808" lon="51.5485195" /><node id="7205825240" lat="25.3744211" lon="51.5484808" /><node id="7205825241" lat="25.3740584" lon="51.5481556" /><node id="7205825242" lat="25.3737700" lon="51.5478985" /><node id="7205825243" lat="25.3736764" lon="51.5480255" /><node id="7205825244" lat="25.3742613" lon="51.5485418" /><node id="7205825245" lat="25.3743495" lon="51.5486241" /><node id="7205825246" lat="25.3743853" lon="51.5486750" /><node id="7205825247" lat="25.3744018" lon="51.5487085" /><node id="7205825248" lat="25.3744083" lon="51.5487492" /><node id="7205825249" lat="25.3744002" lon="51.5488064" /><node id="7205825250" lat="25.3735963" lon="51.5477418" /><node id="7205825251" lat="25.3734043" lon="51.5475725" /><node id="7205825252" lat="25.3731258" lon="51.5473227" /><node id="7205825253" lat="25.3722792" lon="51.5465328" /><node id="7205825254" lat="25.3721941" lon="51.5466577" /><node id="7205825255" lat="25.3732041" lon="51.5476026" /><node id="7205825256" lat="25.3718759" lon="51.5461567" /><node id="7205825257" lat="25.3718536" lon="51.5461243" /><node id="7205825258" lat="25.3718648" lon="51.5460959" /><node id="7205825259" lat="25.3718307" lon="51.5460575" /><node id="7205825260" lat="25.3717075" lon="51.5463267" /><node id="7205825261" lat="25.3717299" lon="51.5462966" /><node id="7205825262" lat="25.3717619" lon="51.5462948" /><node id="7206016285" lat="25.3762235" lon="51.5433418" /><node id="7206016292" lat="25.3762264" lon="51.5453518" /><node id="7206016296" lat="25.3764642" lon="51.5453909" /><node id="7206016297" lat="25.3767783" lon="51.5454417" /><node id="7206016298" lat="25.3770480" lon="51.5455441" /><node id="7206016299" lat="25.3772636" lon="51.5456321" /><node id="7206016300" lat="25.3777017" lon="51.5458243" /><node id="7206016303" lat="25.3776494" lon="51.5455282" /><node id="7206016304" lat="25.3772668" lon="51.5454571" /><node id="7206016305" lat="25.3770538" lon="51.5453541" /><node id="7206016306" lat="25.3768171" lon="51.5452586" /><node id="7206016308" lat="25.3772216" lon="51.5454507" /><node id="7206016309" lat="25.3773077" lon="51.5447600" /><node id="7206016310" lat="25.3768526" lon="51.5433364" /><node id="7206016311" lat="25.3766838" lon="51.5433651" /><node id="7206016312" lat="25.3767559" lon="51.5436246" /><node id="7206016313" lat="25.3771015" lon="51.5446567" /><node id="7206016314" lat="25.3771263" lon="51.5447521" /><node id="7206016315" lat="25.3778916" lon="51.5458687" /><node id="7206016316" lat="25.3778874" lon="51.5462205" /><node id="7206016317" lat="25.3777224" lon="51.5468430" /><node id="7206016318" lat="25.3774977" lon="51.5474518" /><node id="7206016319" lat="25.3773416" lon="51.5473632" /><node id="7206016320" lat="25.3775578" lon="51.5467964" /><node id="7206016322" lat="25.3776270" lon="51.5465668" /><node id="7206016324" lat="25.3777275" lon="51.5461933" /><node id="7206016325" lat="25.3778918" lon="51.5456710" /><node id="7206016326" lat="25.3777568" lon="51.5455481" /><node id="7206016327" lat="25.3778322" lon="51.5449561" /><node id="7206016328" lat="25.3778911" lon="51.5445190" /><node id="7206016329" lat="25.3780128" lon="51.5442231" /><node id="7206016330" lat="25.3781422" lon="51.5440946" /><node id="7206016331" lat="25.3787026" lon="51.5435875" /><node id="7206016333" lat="25.3785325" lon="51.5439513" /><node id="7206016334" lat="25.3782113" lon="51.5442862" /><node id="7206016335" lat="25.3781851" lon="51.5443103" /><node id="7206016336" lat="25.3780584" lon="51.5444978" /><node id="7206016337" lat="25.3779872" lon="51.5450051" /><node id="7206016338" lat="25.3784621" lon="51.5461008" /><node id="7206016339" lat="25.3790966" lon="51.5454951" /><node id="7206016341" lat="25.3794945" lon="51.5449930" /><node id="7206016342" lat="25.3792427" lon="51.5451042" /><node id="7206016343" lat="25.3790634" lon="51.5452690" /><node id="7206016344" lat="25.3786778" lon="51.5456255" /><node id="7206016345" lat="25.3784067" lon="51.5458663" /><node id="7206016346" lat="25.3762098" lon="51.5431563" /><node id="7206016352" lat="25.3776937" lon="51.5428549" /><node id="7206016353" lat="25.3777253" lon="51.5428992" /><node id="7206016354" lat="25.3775924" lon="51.5426354" /><node id="7206016355" lat="25.3774511" lon="51.5427064" /><node id="7206016356" lat="25.3774750" lon="51.5427601" /><node id="7206016357" lat="25.3770187" lon="51.5430368" /><node id="7206016358" lat="25.3767917" lon="51.5431551" /><node id="7206016395" lat="25.3755656" lon="51.5470670" /><node id="7206016400" lat="25.3757019" lon="51.5470362" /><node id="7206016500" lat="25.3759042" lon="51.5470093" /><node id="7206016511" lat="25.3759903" lon="51.5484028" /><node id="7206016512" lat="25.3758727" lon="51.5484309" /><node id="7206016646" lat="25.3772776" lon="51.5493226" /><node id="7206016647" lat="25.3772267" lon="51.5493025" /><node id="7206016648" lat="25.3772200" lon="51.5493145" /><node id="7206016649" lat="25.3771794" lon="51.5492710" /><node id="7206016650" lat="25.3771649" lon="51.5492529" /><node id="7206016651" lat="25.3771764" lon="51.5492455" /><node id="7206016652" lat="25.3771643" lon="51.5491831" /><node id="7206016653" lat="25.3771152" lon="51.5491818" /><node id="7206016654" lat="25.3771128" lon="51.5491945" /><node id="7206016655" lat="25.3770522" lon="51.5492012" /><node id="7206016656" lat="25.3770534" lon="51.5492348" /><node id="7206016657" lat="25.3770243" lon="51.5492448" /><node id="7206016658" lat="25.3770376" lon="51.5492810" /><node id="7206016659" lat="25.3770124" lon="51.5493048" /><node id="7206016660" lat="25.3770306" lon="51.5493457" /><node id="7206016661" lat="25.3770542" lon="51.5493786" /><node id="7206016662" lat="25.3770784" lon="51.5494047" /><node id="7206016663" lat="25.3771200" lon="51.5494436" /><node id="7206016664" lat="25.3771324" lon="51.5494512" /><node id="7206016665" lat="25.3771491" lon="51.5494188" /><node id="7206016666" lat="25.3771912" lon="51.5494393" /><node id="7206016667" lat="25.3771991" lon="51.5494225" /><node id="7206016668" lat="25.3772155" lon="51.5494309" /><node id="7206016669" lat="25.3772536" lon="51.5494406" /><node id="7206016670" lat="25.3772651" lon="51.5493776" /><node id="7206016671" lat="25.3772770" lon="51.5493793" /><node id="7206277055" lat="25.3765577" lon="51.5462000" /><node id="7206277056" lat="25.3764337" lon="51.5461827" /><node id="7206277057" lat="25.3764251" lon="51.5462587" /><node id="7206277058" lat="25.3765491" lon="51.5462759" /><node id="7206286908" lat="25.3762993" lon="51.5470402" /><node id="7206286910" lat="25.3759187" lon="51.5484866" /><node id="7206286911" lat="25.3758772" lon="51.5484981" /><node id="7206286912" lat="25.3758828" lon="51.5485361" /><node id="7206286913" lat="25.3759060" lon="51.5485308" /><node id="7206286914" lat="25.3759227" lon="51.5485087" /><node id="7206286915" lat="25.3760673" lon="51.5485885" /><node id="7206286916" lat="25.3760401" lon="51.5485680" /><node id="7206286917" lat="25.3760082" lon="51.5485589" /><node id="7206286918" lat="25.3759754" lon="51.5485625" /><node id="7206286919" lat="25.3759457" lon="51.5485783" /><node id="7206286920" lat="25.3759615" lon="51.5487594" /><node id="7206286921" lat="25.3759898" lon="51.5487681" /><node id="7206286922" lat="25.3760192" lon="51.5487669" /><node id="7206286923" lat="25.3760468" lon="51.5487558" /><node id="7206286924" lat="25.3759284" lon="51.5487316" /><node id="7206286925" lat="25.3760431" lon="51.5486208" /><node id="7206286926" lat="25.3760175" lon="51.5486691" /><node id="7206286927" lat="25.3760343" lon="51.5487133" /><node id="7206286928" lat="25.3760580" lon="51.5487462" /><node id="7206286929" lat="25.3759639" lon="51.5486996" /><node id="7206286930" lat="25.3759939" lon="51.5486646" /><node id="7206286931" lat="25.3759703" lon="51.5486248" /><node id="7206286932" lat="25.3759337" lon="51.5485918" /><node id="7206287130" lat="25.3775726" lon="51.5489615" /><node id="7206287131" lat="25.3776016" lon="51.5490237" /><node id="7206287132" lat="25.3776221" lon="51.5491438" /><node id="7206287133" lat="25.3776091" lon="51.5492756" /><node id="7206287134" lat="25.3775486" lon="51.5493889" /><node id="7206287135" lat="25.3774451" lon="51.5494887" /><node id="7206287136" lat="25.3773364" lon="51.5495353" /><node id="7206287137" lat="25.3771768" lon="51.5495396" /><node id="7206287138" lat="25.3775305" lon="51.5488941" /><node id="7206287145" lat="25.3775184" lon="51.5488742" /><node id="7206287146" lat="25.3772737" lon="51.5491149" /><node id="7206287147" lat="25.3772615" lon="51.5491143" /><node id="7206287148" lat="25.3772498" lon="51.5491182" /><node id="7206287149" lat="25.3772398" lon="51.5491261" /><node id="7206287150" lat="25.3772328" lon="51.5491372" /><node id="7206287151" lat="25.3772294" lon="51.5491502" /><node id="7206287152" lat="25.3772301" lon="51.5491637" /><node id="7206287153" lat="25.3772655" lon="51.5491956" /><node id="7206287154" lat="25.3772773" lon="51.5491936" /><node id="7206287155" lat="25.3772880" lon="51.5491875" /><node id="7206287156" lat="25.3772963" lon="51.5491780" /><node id="7206287157" lat="25.3773015" lon="51.5491659" /><node id="7206287158" lat="25.3773028" lon="51.5491527" /><node id="7206287159" lat="25.3773003" lon="51.5491398" /><node id="7206287160" lat="25.3772347" lon="51.5491763" /><node id="7206287161" lat="25.3772428" lon="51.5491865" /><node id="7206287162" lat="25.3772534" lon="51.5491931" /><node id="7206287163" lat="25.3772941" lon="51.5491284" /><node id="7206287164" lat="25.3772849" lon="51.5491198" /><node id="7206287176" lat="25.3775249" lon="51.5488846" /><node id="7206287191" lat="25.3792155" lon="51.5483685" /><node id="7206287192" lat="25.3790423" lon="51.5484638" /><node id="7206287193" lat="25.3790477" lon="51.5484758" /><node id="7206287194" lat="25.3789669" lon="51.5485203" /><node id="7206287195" lat="25.3789721" lon="51.5485320" /><node id="7206287196" lat="25.3788910" lon="51.5485767" /><node id="7206287197" lat="25.3789089" lon="51.5486166" /><node id="7206287198" lat="25.3788311" lon="51.5486595" /><node id="7206287199" lat="25.3788511" lon="51.5487039" /><node id="7206287200" lat="25.3787770" lon="51.5487446" /><node id="7206287201" lat="25.3788593" lon="51.5489279" /><node id="7206287202" lat="25.3789163" lon="51.5488966" /><node id="7206287203" lat="25.3789211" lon="51.5489072" /><node id="7206287204" lat="25.3789489" lon="51.5488919" /><node id="7206287205" lat="25.3789307" lon="51.5488513" /><node id="7206287206" lat="25.3790117" lon="51.5488067" /><node id="7206287207" lat="25.3789899" lon="51.5487582" /><node id="7206287208" lat="25.3791523" lon="51.5486689" /><node id="7206287209" lat="25.3791023" lon="51.5485576" /><node id="7206287210" lat="25.3792611" lon="51.5484702" /><node id="7206287211" lat="25.3789323" lon="51.5483120" /><node id="7206287212" lat="25.3786674" lon="51.5484482" /><node id="7206287213" lat="25.3786967" lon="51.5485181" /><node id="7206287214" lat="25.3787363" lon="51.5484977" /><node id="7206287215" lat="25.3787284" lon="51.5484789" /><node id="7206287216" lat="25.3788029" lon="51.5484407" /><node id="7206287217" lat="25.3788104" lon="51.5484587" /><node id="7206287218" lat="25.3788422" lon="51.5484424" /><node id="7206287219" lat="25.3788340" lon="51.5484228" /><node id="7206287220" lat="25.3788575" lon="51.5484107" /><node id="7206287221" lat="25.3788644" lon="51.5484272" /><node id="7206287222" lat="25.3789600" lon="51.5483781" /><node id="7206466542" lat="25.3755530" lon="51.5497154" /><node id="7206466543" lat="25.3754451" lon="51.5497063" /><node id="7206466544" lat="25.3754427" lon="51.5497409" /><node id="7206466545" lat="25.3755506" lon="51.5497499" /><node id="7206466548" lat="25.3753637" lon="51.5496971" /><node id="7206466549" lat="25.3753405" lon="51.5496965" /><node id="7206466550" lat="25.3753312" lon="51.5497020" /><node id="7206466551" lat="25.3753260" lon="51.5497105" /><node id="7206466552" lat="25.3753260" lon="51.5497233" /><node id="7206466553" lat="25.3753304" lon="51.5497297" /><node id="7206466554" lat="25.3753399" lon="51.5497335" /><node id="7206466555" lat="25.3753626" lon="51.5497341" /><node id="7206466560" lat="25.3764656" lon="51.5497348" /><node id="7206466561" lat="25.3764621" lon="51.5497355" /><node id="7206466562" lat="25.3764589" lon="51.5497374" /><node id="7206466563" lat="25.3764565" lon="51.5497403" /><node id="7206466564" lat="25.3764599" lon="51.5497576" /><node id="7206466565" lat="25.3764634" lon="51.5497592" /><node id="7206466566" lat="25.3764671" lon="51.5497594" /><node id="7206466567" lat="25.3764707" lon="51.5497582" /><node id="7206466568" lat="25.3764737" lon="51.5497558" /><node id="7206466569" lat="25.3764550" lon="51.5497438" /><node id="7206466570" lat="25.3764546" lon="51.5497478" /><node id="7206466571" lat="25.3764554" lon="51.5497516" /><node id="7206466572" lat="25.3764572" lon="51.5497550" /><node id="7206466573" lat="25.3764759" lon="51.5497523" /><node id="7206466574" lat="25.3764768" lon="51.5497484" /><node id="7206466575" lat="25.3764766" lon="51.5497442" /><node id="7206466576" lat="25.3764751" lon="51.5497404" /><node id="7206466577" lat="25.3764726" lon="51.5497374" /><node id="7206466578" lat="25.3764693" lon="51.5497354" /><node id="7206466580" lat="25.3764706" lon="51.5498316" /><node id="7206466581" lat="25.3764716" lon="51.5498276" /><node id="7206466582" lat="25.3764713" lon="51.5498235" /><node id="7206466583" lat="25.3764699" lon="51.5498197" /><node id="7206466584" lat="25.3764673" lon="51.5498166" /><node id="7206528185" lat="25.3764640" lon="51.5498147" /><node id="7206528186" lat="25.3764603" lon="51.5498140" /><node id="7206528187" lat="25.3764568" lon="51.5498147" /><node id="7206528188" lat="25.3764537" lon="51.5498166" /><node id="7206528189" lat="25.3764497" lon="51.5498231" /><node id="7206528190" lat="25.3764494" lon="51.5498270" /><node id="7206528191" lat="25.3764501" lon="51.5498309" /><node id="7206528192" lat="25.3764519" lon="51.5498343" /><node id="7206528193" lat="25.3764546" lon="51.5498369" /><node id="7206528194" lat="25.3764581" lon="51.5498384" /><node id="7206528195" lat="25.3764619" lon="51.5498386" /><node id="7206528196" lat="25.3764654" lon="51.5498374" /><node id="7206528197" lat="25.3764685" lon="51.5498350" /><node id="7206528199" lat="25.3765565" lon="51.5497568" /><node id="7206528200" lat="25.3765575" lon="51.5497528" /><node id="7206528201" lat="25.3765573" lon="51.5497487" /><node id="7206528202" lat="25.3765558" lon="51.5497449" /><node id="7206528203" lat="25.3765533" lon="51.5497418" /><node id="7206528204" lat="25.3765500" lon="51.5497399" /><node id="7206528205" lat="25.3765463" lon="51.5497393" /><node id="7206528206" lat="25.3765428" lon="51.5497399" /><node id="7206528207" lat="25.3765396" lon="51.5497418" /><node id="7206528208" lat="25.3765372" lon="51.5497447" /><node id="7206528209" lat="25.3765357" lon="51.5497483" /><node id="7206528210" lat="25.3765353" lon="51.5497522" /><node id="7206528211" lat="25.3765361" lon="51.5497561" /><node id="7206528212" lat="25.3765379" lon="51.5497595" /><node id="7206528213" lat="25.3765406" lon="51.5497621" /><node id="7206528214" lat="25.3765441" lon="51.5497636" /><node id="7206528215" lat="25.3765478" lon="51.5497638" /><node id="7206528216" lat="25.3765514" lon="51.5497627" /><node id="7206528217" lat="25.3765544" lon="51.5497602" /><node id="7206528219" lat="25.3765511" lon="51.5498356" /><node id="7206528220" lat="25.3765521" lon="51.5498316" /><node id="7206528221" lat="25.3765519" lon="51.5498274" /><node id="7206528222" lat="25.3765504" lon="51.5498236" /><node id="7206528223" lat="25.3765479" lon="51.5498206" /><node id="7206528224" lat="25.3765446" lon="51.5498186" /><node id="7206528225" lat="25.3765409" lon="51.5498180" /><node id="7206528226" lat="25.3765374" lon="51.5498187" /><node id="7206528227" lat="25.3765342" lon="51.5498206" /><node id="7206528228" lat="25.3765318" lon="51.5498235" /><node id="7206528229" lat="25.3765303" lon="51.5498271" /><node id="7206528230" lat="25.3765299" lon="51.5498310" /><node id="7206528231" lat="25.3765307" lon="51.5498349" /><node id="7206528232" lat="25.3765325" lon="51.5498383" /><node id="7206528233" lat="25.3765352" lon="51.5498408" /><node id="7206528234" lat="25.3765387" lon="51.5498424" /><node id="7206528235" lat="25.3765424" lon="51.5498426" /><node id="7206528236" lat="25.3765460" lon="51.5498414" /><node id="7206528237" lat="25.3765490" lon="51.5498390" /><node id="7206528239" lat="25.3763879" lon="51.5497460" /><node id="7206528240" lat="25.3763888" lon="51.5497420" /><node id="7206528241" lat="25.3763886" lon="51.5497379" /><node id="7206528242" lat="25.3763871" lon="51.5497341" /><node id="7206528243" lat="25.3763846" lon="51.5497310" /><node id="7206528244" lat="25.3763813" lon="51.5497291" /><node id="7206528245" lat="25.3763776" lon="51.5497284" /><node id="7206528246" lat="25.3763741" lon="51.5497291" /><node id="7206528247" lat="25.3763709" lon="51.5497310" /><node id="7206528248" lat="25.3763685" lon="51.5497339" /><node id="7206528249" lat="25.3763670" lon="51.5497375" /><node id="7206528250" lat="25.3763666" lon="51.5497414" /><node id="7206528251" lat="25.3763674" lon="51.5497453" /><node id="7206528252" lat="25.3763692" lon="51.5497487" /><node id="7206528253" lat="25.3763719" lon="51.5497513" /><node id="7206528254" lat="25.3763754" lon="51.5497528" /><node id="7206528255" lat="25.3763791" lon="51.5497530" /><node id="7206528256" lat="25.3763827" lon="51.5497518" /><node id="7206528257" lat="25.3763857" lon="51.5497494" /><node id="7206528259" lat="25.3763845" lon="51.5498236" /><node id="7206528260" lat="25.3763855" lon="51.5498196" /><node id="7206528261" lat="25.3763852" lon="51.5498155" /><node id="7206528262" lat="25.3763837" lon="51.5498117" /><node id="7206528263" lat="25.3763812" lon="51.5498086" /><node id="7206528264" lat="25.3763779" lon="51.5498067" /><node id="7206528265" lat="25.3763742" lon="51.5498061" /><node id="7206528266" lat="25.3763707" lon="51.5498068" /><node id="7206528267" lat="25.3763675" lon="51.5498086" /><node id="7206528268" lat="25.3763651" lon="51.5498115" /><node id="7206528269" lat="25.3763636" lon="51.5498151" /><node id="7206528270" lat="25.3763632" lon="51.5498191" /><node id="7206528271" lat="25.3763640" lon="51.5498229" /><node id="7206528272" lat="25.3763658" lon="51.5498263" /><node id="7206528273" lat="25.3763685" lon="51.5498289" /><node id="7206528274" lat="25.3763720" lon="51.5498305" /><node id="7206528275" lat="25.3763757" lon="51.5498306" /><node id="7206528276" lat="25.3763793" lon="51.5498295" /><node id="7206528277" lat="25.3763823" lon="51.5498270" /><node id="7206528279" lat="25.3763109" lon="51.5497371" /><node id="7206528280" lat="25.3763119" lon="51.5497331" /><node id="7206528281" lat="25.3763116" lon="51.5497290" /><node id="7206528282" lat="25.3763102" lon="51.5497252" /><node id="7206528283" lat="25.3763076" lon="51.5497222" /><node id="7206528284" lat="25.3763043" lon="51.5497202" /><node id="7206528285" lat="25.3763006" lon="51.5497196" /><node id="7206528286" lat="25.3762971" lon="51.5497203" /><node id="7206528287" lat="25.3762940" lon="51.5497221" /><node id="7206528288" lat="25.3762916" lon="51.5497250" /><node id="7206528289" lat="25.3762901" lon="51.5497286" /><node id="7206528290" lat="25.3762897" lon="51.5497326" /><node id="7206528291" lat="25.3762904" lon="51.5497364" /><node id="7206528292" lat="25.3762923" lon="51.5497398" /><node id="7206528293" lat="25.3762950" lon="51.5497424" /><node id="7206528294" lat="25.3762984" lon="51.5497440" /><node id="7206528295" lat="25.3763058" lon="51.5497430" /><node id="7206528296" lat="25.3763088" lon="51.5497405" /><node id="7206528298" lat="25.3763059" lon="51.5498172" /><node id="7206528299" lat="25.3763069" lon="51.5498132" /><node id="7206528300" lat="25.3763066" lon="51.5498091" /><node id="7206528301" lat="25.3763051" lon="51.5498053" /><node id="7206528302" lat="25.3763026" lon="51.5498023" /><node id="7206528303" lat="25.3762994" lon="51.5498004" /><node id="7206528304" lat="25.3762958" lon="51.5497997" /><node id="7206528305" lat="25.3762923" lon="51.5498004" /><node id="7206528306" lat="25.3762891" lon="51.5498022" /><node id="7206528307" lat="25.3762866" lon="51.5498052" /><node id="7206528308" lat="25.3762851" lon="51.5498088" /><node id="7206528309" lat="25.3762847" lon="51.5498128" /><node id="7206528310" lat="25.3762855" lon="51.5498167" /><node id="7206528311" lat="25.3762874" lon="51.5498201" /><node id="7206528312" lat="25.3762936" lon="51.5498241" /><node id="7206528313" lat="25.3763008" lon="51.5498231" /><node id="7206528314" lat="25.3763038" lon="51.5498206" /><node id="7206528390" lat="25.3762972" lon="51.5498243" /><node id="7206528394" lat="25.3764512" lon="51.5498195" /><node id="7206528395" lat="25.3764352" lon="51.5497447" /><node id="7206528396" lat="25.3764332" lon="51.5497748" /><node id="7206528397" lat="25.3764572" lon="51.5497770" /><node id="7206528398" lat="25.3764576" lon="51.5497628" /><node id="7206528399" lat="25.3764448" lon="51.5497469" /><node id="7206528400" lat="25.3764208" lon="51.5497859" /><node id="7206528401" lat="25.3763984" lon="51.5497837" /><node id="7206528402" lat="25.3763964" lon="51.5498093" /><node id="7206528403" lat="25.3764188" lon="51.5498115" /><node id="7206528404" lat="25.3764238" lon="51.5497471" /><node id="7206528405" lat="25.3764014" lon="51.5497449" /><node id="7206528406" lat="25.3763994" lon="51.5497705" /><node id="7206528407" lat="25.3764218" lon="51.5497727" /><node id="7206528408" lat="25.3764542" lon="51.5497887" /><node id="7206528409" lat="25.3764318" lon="51.5497865" /><node id="7206528410" lat="25.3764298" lon="51.5498121" /><node id="7206528411" lat="25.3764522" lon="51.5498143" /><node id="7206528415" lat="25.3762902" lon="51.5498227" /><node id="7206528416" lat="25.3763022" lon="51.5497442" /><node id="7206528425" lat="25.3764770" lon="51.5498287" /><node id="7206528426" lat="25.3764711" lon="51.5499338" /><node id="7206528427" lat="25.3765327" lon="51.5499369" /><node id="7206528428" lat="25.3765379" lon="51.5498453" /><node id="7206528429" lat="25.3765317" lon="51.5498429" /><node id="7206528430" lat="25.3765289" lon="51.5498383" /><node id="7206528431" lat="25.3765271" lon="51.5498314" /><node id="7206528434" lat="25.3767395" lon="51.5505126" /><node id="7206528435" lat="25.3766823" lon="51.5504821" /><node id="7206528436" lat="25.3766252" lon="51.5505086" /><node id="7206528437" lat="25.3766028" lon="51.5505710" /><node id="7206528438" lat="25.3766252" lon="51.5506329" /><node id="7206528439" lat="25.3766851" lon="51.5506577" /><node id="7206528440" lat="25.3767375" lon="51.5506360" /><node id="7206528441" lat="25.3767619" lon="51.5505741" /><node id="7206528481" lat="25.3770090" lon="51.5505297" /><node id="7206528482" lat="25.3769852" lon="51.5503823" /><node id="7206528483" lat="25.3769178" lon="51.5506344" /><node id="7206528484" lat="25.3769952" lon="51.5506074" /><node id="7206528485" lat="25.3770560" lon="51.5505797" /><node id="7206528486" lat="25.3771084" lon="51.5505610" /><node id="7206528487" lat="25.3771441" lon="51.5505465" /><node id="7206528488" lat="25.3771545" lon="51.5505023" /><node id="7206528489" lat="25.3771437" lon="51.5504950" /><node id="7206528490" lat="25.3771592" lon="51.5505135" /><node id="7206528491" lat="25.3771566" lon="51.5505371" /><node id="7206528492" lat="25.3767194" lon="51.5507249" /><node id="7206528493" lat="25.3765451" lon="51.5508233" /><node id="7206528494" lat="25.3763750" lon="51.5509051" /><node id="7206528495" lat="25.3760307" lon="51.5510288" /><node id="7206528496" lat="25.3756175" lon="51.5511064" /><node id="7206528497" lat="25.3753018" lon="51.5509557" /><node id="7206528498" lat="25.3751509" lon="51.5507523" /><node id="7206528499" lat="25.3768551" lon="51.5506616" /><node id="7206528500" lat="25.3766207" lon="51.5507845" /><node id="7206528501" lat="25.3767418" lon="51.5507134" /><node id="7206528502" lat="25.3767235" lon="51.5507229" /><node id="7206528509" lat="25.3767335" lon="51.5507177" /><node id="7206528524" lat="25.3763736" lon="51.5506497" /><node id="7206528525" lat="25.3763746" lon="51.5506458" /><node id="7206528526" lat="25.3763743" lon="51.5506416" /><node id="7206528527" lat="25.3763728" lon="51.5506378" /><node id="7206528528" lat="25.3763703" lon="51.5506348" /><node id="7206528529" lat="25.3763670" lon="51.5506328" /><node id="7206528530" lat="25.3763633" lon="51.5506322" /><node id="7206528531" lat="25.3763598" lon="51.5506329" /><node id="7206528532" lat="25.3763567" lon="51.5506348" /><node id="7206528533" lat="25.3763542" lon="51.5506376" /><node id="7206528534" lat="25.3763527" lon="51.5506412" /><node id="7206528535" lat="25.3763524" lon="51.5506452" /><node id="7206528536" lat="25.3763531" lon="51.5506490" /><node id="7206528537" lat="25.3763549" lon="51.5506524" /><node id="7206528538" lat="25.3763576" lon="51.5506550" /><node id="7206528539" lat="25.3763611" lon="51.5506566" /><node id="7206528540" lat="25.3763648" lon="51.5506568" /><node id="7206528541" lat="25.3763684" lon="51.5506556" /><node id="7206528542" lat="25.3763715" lon="51.5506531" /><node id="7206528604" lat="25.3761546" lon="51.5506309" /><node id="7206528605" lat="25.3761556" lon="51.5506269" /><node id="7206528606" lat="25.3761553" lon="51.5506228" /><node id="7206528607" lat="25.3761538" lon="51.5506190" /><node id="7206528608" lat="25.3761513" lon="51.5506160" /><node id="7206528609" lat="25.3761480" lon="51.5506140" /><node id="7206528610" lat="25.3761443" lon="51.5506134" /><node id="7206528611" lat="25.3761408" lon="51.5506141" /><node id="7206528612" lat="25.3761377" lon="51.5506160" /><node id="7206528613" lat="25.3761352" lon="51.5506188" /><node id="7206528614" lat="25.3761337" lon="51.5506224" /><node id="7206528615" lat="25.3761333" lon="51.5506264" /><node id="7206528616" lat="25.3761341" lon="51.5506302" /><node id="7206528617" lat="25.3761359" lon="51.5506336" /><node id="7206528618" lat="25.3761386" lon="51.5506362" /><node id="7206528619" lat="25.3761421" lon="51.5506378" /><node id="7206528620" lat="25.3761458" lon="51.5506380" /><node id="7206528621" lat="25.3761494" lon="51.5506368" /><node id="7206528622" lat="25.3761524" lon="51.5506343" /><node id="7206528623" lat="25.3761525" lon="51.5505484" /><node id="7206528624" lat="25.3761509" lon="51.5506074" /><node id="7206528625" lat="25.3761578" lon="51.5506155" /><node id="7206528626" lat="25.3761596" lon="51.5506302" /><node id="7206528628" lat="25.3761983" lon="51.5506275" /><node id="7206528629" lat="25.3761976" lon="51.5506105" /><node id="7206528630" lat="25.3761970" lon="51.5505989" /><node id="7206528631" lat="25.3761968" lon="51.5505886" /><node id="7206528632" lat="25.3762072" lon="51.5505200" /><node id="7206528633" lat="25.3761523" lon="51.5505372" /><node id="7206528634" lat="25.3760092" lon="51.5506522" /><node id="7206528635" lat="25.3760102" lon="51.5506482" /><node id="7206528636" lat="25.3760100" lon="51.5506441" /><node id="7206528637" lat="25.3760085" lon="51.5506403" /><node id="7206528638" lat="25.3760060" lon="51.5506373" /><node id="7206528639" lat="25.3760027" lon="51.5506353" /><node id="7206528640" lat="25.3759990" lon="51.5506347" /><node id="7206528641" lat="25.3759955" lon="51.5506354" /><node id="7206528642" lat="25.3759923" lon="51.5506372" /><node id="7206528643" lat="25.3759899" lon="51.5506401" /><node id="7206528644" lat="25.3759884" lon="51.5506437" /><node id="7206528645" lat="25.3759880" lon="51.5506477" /><node id="7206528646" lat="25.3759888" lon="51.5506515" /><node id="7206528647" lat="25.3759906" lon="51.5506549" /><node id="7206528648" lat="25.3759933" lon="51.5506575" /><node id="7206528649" lat="25.3759968" lon="51.5506591" /><node id="7206528650" lat="25.3760005" lon="51.5506593" /><node id="7206528651" lat="25.3760041" lon="51.5506581" /><node id="7206528652" lat="25.3760071" lon="51.5506556" /><node id="7206528654" lat="25.3760909" lon="51.5505789" /><node id="7206528655" lat="25.3760919" lon="51.5505749" /><node id="7206528656" lat="25.3760916" lon="51.5505708" /><node id="7206528657" lat="25.3760901" lon="51.5505670" /><node id="7206528658" lat="25.3760876" lon="51.5505639" /><node id="7206528659" lat="25.3760843" lon="51.5505620" /><node id="7206528660" lat="25.3760806" lon="51.5505613" /><node id="7206528661" lat="25.3760771" lon="51.5505620" /><node id="7206528662" lat="25.3760740" lon="51.5505639" /><node id="7206528663" lat="25.3760715" lon="51.5505668" /><node id="7206528664" lat="25.3760700" lon="51.5505704" /><node id="7206528665" lat="25.3760696" lon="51.5505743" /><node id="7206528666" lat="25.3760704" lon="51.5505782" /><node id="7206528667" lat="25.3760722" lon="51.5505816" /><node id="7206528668" lat="25.3760749" lon="51.5505842" /><node id="7206528669" lat="25.3760784" lon="51.5505857" /><node id="7206528670" lat="25.3760821" lon="51.5505859" /><node id="7206528671" lat="25.3760857" lon="51.5505847" /><node id="7206528672" lat="25.3760887" lon="51.5505823" /><node id="7206528674" lat="25.3764521" lon="51.5505725" /><node id="7206528675" lat="25.3764531" lon="51.5505685" /><node id="7206528676" lat="25.3764528" lon="51.5505644" /><node id="7206528677" lat="25.3764514" lon="51.5505606" /><node id="7206528678" lat="25.3764488" lon="51.5505575" /><node id="7206528679" lat="25.3764455" lon="51.5505556" /><node id="7206528680" lat="25.3764418" lon="51.5505549" /><node id="7206528681" lat="25.3764383" lon="51.5505556" /><node id="7206528682" lat="25.3764352" lon="51.5505575" /><node id="7206528683" lat="25.3764327" lon="51.5505604" /><node id="7206528684" lat="25.3764313" lon="51.5505640" /><node id="7206528685" lat="25.3764309" lon="51.5505679" /><node id="7206528686" lat="25.3764316" lon="51.5505718" /><node id="7206528687" lat="25.3764335" lon="51.5505752" /><node id="7206528688" lat="25.3764362" lon="51.5505778" /><node id="7206528689" lat="25.3764396" lon="51.5505793" /><node id="7206528690" lat="25.3764434" lon="51.5505795" /><node id="7206528691" lat="25.3764469" lon="51.5505783" /><node id="7206528692" lat="25.3764500" lon="51.5505759" /><node id="7206528694" lat="25.3765288" lon="51.5505761" /><node id="7206528695" lat="25.3765298" lon="51.5505721" /><node id="7206528696" lat="25.3765295" lon="51.5505679" /><node id="7206528697" lat="25.3765280" lon="51.5505641" /><node id="7206528698" lat="25.3765255" lon="51.5505611" /><node id="7206528699" lat="25.3765222" lon="51.5505591" /><node id="7206528700" lat="25.3765185" lon="51.5505585" /><node id="7206528701" lat="25.3765150" lon="51.5505592" /><node id="7206528702" lat="25.3765119" lon="51.5505611" /><node id="7206528703" lat="25.3765094" lon="51.5505640" /><node id="7206528704" lat="25.3765079" lon="51.5505676" /><node id="7206528705" lat="25.3765075" lon="51.5505715" /><node id="7206528706" lat="25.3765083" lon="51.5505753" /><node id="7206528707" lat="25.3765101" lon="51.5505787" /><node id="7206528708" lat="25.3765128" lon="51.5505813" /><node id="7206528709" lat="25.3765163" lon="51.5505829" /><node id="7206528710" lat="25.3765200" lon="51.5505831" /><node id="7206528711" lat="25.3765236" lon="51.5505819" /><node id="7206528712" lat="25.3765266" lon="51.5505795" /><node id="7206528714" lat="25.3760226" lon="51.5505637" /><node id="7206528715" lat="25.3760236" lon="51.5505597" /><node id="7206528716" lat="25.3760234" lon="51.5505555" /><node id="7206528717" lat="25.3760219" lon="51.5505517" /><node id="7206528718" lat="25.3760194" lon="51.5505487" /><node id="7206528719" lat="25.3760161" lon="51.5505467" /><node id="7206528720" lat="25.3760124" lon="51.5505461" /><node id="7206528721" lat="25.3760088" lon="51.5505468" /><node id="7206528722" lat="25.3760057" lon="51.5505487" /><node id="7206528723" lat="25.3760033" lon="51.5505516" /><node id="7206528724" lat="25.3760018" lon="51.5505552" /><node id="7206528725" lat="25.3760014" lon="51.5505591" /><node id="7206528726" lat="25.3760021" lon="51.5505630" /><node id="7206528727" lat="25.3760040" lon="51.5505664" /><node id="7206528728" lat="25.3760067" lon="51.5505689" /><node id="7206528729" lat="25.3760101" lon="51.5505705" /><node id="7206528730" lat="25.3760139" lon="51.5505707" /><node id="7206528731" lat="25.3760175" lon="51.5505695" /><node id="7206528732" lat="25.3760205" lon="51.5505671" /><node id="7206528754" lat="25.3759520" lon="51.5505563" /><node id="7206528755" lat="25.3759530" lon="51.5505523" /><node id="7206528756" lat="25.3759527" lon="51.5505482" /><node id="7206528757" lat="25.3759512" lon="51.5505444" /><node id="7206528758" lat="25.3759487" lon="51.5505413" /><node id="7206528759" lat="25.3759454" lon="51.5505394" /><node id="7206528760" lat="25.3759417" lon="51.5505387" /><node id="7206528761" lat="25.3759382" lon="51.5505394" /><node id="7206528762" lat="25.3759351" lon="51.5505413" /><node id="7206528763" lat="25.3759326" lon="51.5505442" /><node id="7206528764" lat="25.3759311" lon="51.5505478" /><node id="7206528765" lat="25.3759308" lon="51.5505517" /><node id="7206528766" lat="25.3759315" lon="51.5505556" /><node id="7206528767" lat="25.3759333" lon="51.5505590" /><node id="7206528768" lat="25.3759360" lon="51.5505616" /><node id="7206528769" lat="25.3759395" lon="51.5505631" /><node id="7206528770" lat="25.3759432" lon="51.5505633" /><node id="7206528771" lat="25.3759468" lon="51.5505621" /><node id="7206528772" lat="25.3759499" lon="51.5505597" /><node id="7206528774" lat="25.3759377" lon="51.5506461" /><node id="7206528775" lat="25.3759387" lon="51.5506421" /><node id="7206528776" lat="25.3759385" lon="51.5506380" /><node id="7206528777" lat="25.3759370" lon="51.5506342" /><node id="7206528778" lat="25.3759345" lon="51.5506312" /><node id="7206528779" lat="25.3759312" lon="51.5506292" /><node id="7206528780" lat="25.3759275" lon="51.5506286" /><node id="7206528781" lat="25.3759240" lon="51.5506293" /><node id="7206528782" lat="25.3759208" lon="51.5506311" /><node id="7206528783" lat="25.3759184" lon="51.5506340" /><node id="7206528784" lat="25.3759169" lon="51.5506376" /><node id="7206528785" lat="25.3759165" lon="51.5506416" /><node id="7206528786" lat="25.3759173" lon="51.5506454" /><node id="7206528787" lat="25.3759191" lon="51.5506488" /><node id="7206528788" lat="25.3759218" lon="51.5506514" /><node id="7206528789" lat="25.3759253" lon="51.5506530" /><node id="7206528790" lat="25.3759290" lon="51.5506532" /><node id="7206528791" lat="25.3759326" lon="51.5506520" /><node id="7206528792" lat="25.3759356" lon="51.5506495" /><node id="7206528794" lat="25.3761579" lon="51.5505666" /><node id="7206528795" lat="25.3761588" lon="51.5505626" /><node id="7206528796" lat="25.3761586" lon="51.5505585" /><node id="7206528797" lat="25.3761571" lon="51.5505547" /><node id="7206528798" lat="25.3761546" lon="51.5505516" /><node id="7206528799" lat="25.3761513" lon="51.5505497" /><node id="7206528800" lat="25.3761476" lon="51.5505491" /><node id="7206528801" lat="25.3761441" lon="51.5505498" /><node id="7206528802" lat="25.3761409" lon="51.5505516" /><node id="7206528803" lat="25.3761385" lon="51.5505545" /><node id="7206528804" lat="25.3761370" lon="51.5505581" /><node id="7206528805" lat="25.3761366" lon="51.5505621" /><node id="7206528806" lat="25.3761374" lon="51.5505659" /><node id="7206528807" lat="25.3761392" lon="51.5505693" /><node id="7206528808" lat="25.3761419" lon="51.5505719" /><node id="7206528809" lat="25.3761454" lon="51.5505735" /><node id="7206528810" lat="25.3761491" lon="51.5505736" /><node id="7206528811" lat="25.3761527" lon="51.5505725" /><node id="7206528812" lat="25.3761557" lon="51.5505700" /><node id="7206528814" lat="25.3761534" lon="51.5505743" /><node id="7206528815" lat="25.3761580" lon="51.5505532" /><node id="7206528816" lat="25.3761610" lon="51.5505600" /><node id="7206528817" lat="25.3761579" lon="51.5505698" /><node id="7206528818" lat="25.3761606" lon="51.5505651" /><node id="7206528819" lat="25.3745944" lon="51.5531139" /><node id="7206528820" lat="25.3744226" lon="51.5531744" /><node id="7206528821" lat="25.3744425" lon="51.5532911" /><node id="7206528822" lat="25.3744512" lon="51.5533231" /><node id="7206528823" lat="25.3744832" lon="51.5534417" /><node id="7206528824" lat="25.3746455" lon="51.5533713" /><node id="7206528825" lat="25.3746446" lon="51.5532545" /><node id="7206528826" lat="25.3746314" lon="51.5532599" /><node id="7206528827" lat="25.3745250" lon="51.5531376" /><node id="7206528828" lat="25.3744898" lon="51.5531503" /><node id="7206528829" lat="25.3745192" lon="51.5531290" /><node id="7206528830" lat="25.3745102" lon="51.5531253" /><node id="7206528831" lat="25.3744983" lon="51.5531297" /><node id="7206528832" lat="25.3744906" lon="51.5531388" /><node id="7206528833" lat="25.3744576" lon="51.5532856" /><node id="7206528834" lat="25.3746928" lon="51.5534019" /><node id="7206528835" lat="25.3746600" lon="51.5534108" /><node id="7206528836" lat="25.3746800" lon="51.5534067" /><node id="7206528837" lat="25.3746768" lon="51.5533608" /><node id="7206528838" lat="25.3746513" lon="51.5533874" /><node id="7206528839" lat="25.3744506" lon="51.5519003" /><node id="7206528840" lat="25.3753539" lon="51.5523437" /><node id="7206528841" lat="25.3751809" lon="51.5523097" /><node id="7206528842" lat="25.3734783" lon="51.5511745" /><node id="7206528884" lat="25.3757051" lon="51.5508646" /><node id="7206528885" lat="25.3755845" lon="51.5508574" /><node id="7206528886" lat="25.3755789" lon="51.5509098" /><node id="7206528887" lat="25.3757002" lon="51.5509227" /><node id="7206528892" lat="25.3742881" lon="51.5489070" /><node id="7207880060" lat="25.3760258" lon="51.5446083" /><node id="7207880061" lat="25.3760223" lon="51.5447646" /><node id="7207880062" lat="25.3759068" lon="51.5447694" /><node id="7207880063" lat="25.3759059" lon="51.5448107" /><node id="7207880064" lat="25.3755927" lon="51.5448027" /><node id="7207880065" lat="25.3756143" lon="51.5437236" /><node id="7207880066" lat="25.3759349" lon="51.5437633" /><node id="7207880067" lat="25.3759345" lon="51.5437852" /><node id="7207880068" lat="25.3760534" lon="51.5437887" /><node id="7207880069" lat="25.3760550" lon="51.5439181" /><node id="7207880070" lat="25.3759276" lon="51.5439166" /><node id="7207880071" lat="25.3759273" lon="51.5439283" /><node id="7207880072" lat="25.3757940" lon="51.5439244" /><node id="7207880073" lat="25.3757779" lon="51.5446072" /><node id="7207880074" lat="25.3759085" lon="51.5446110" /><node id="7207880075" lat="25.3759086" lon="51.5446051" /><node id="7207880077" lat="25.3753870" lon="51.5437270" /><node id="7207880078" lat="25.3753702" lon="51.5440116" /><node id="7207880079" lat="25.3754001" lon="51.5440076" /><node id="7207880080" lat="25.3753864" lon="51.5444282" /><node id="7207880081" lat="25.3753566" lon="51.5444276" /><node id="7207880082" lat="25.3753409" lon="51.5446887" /><node id="7207880083" lat="25.3753633" lon="51.5446891" /><node id="7207880084" lat="25.3753639" lon="51.5447107" /><node id="7207897285" lat="25.3753878" lon="51.5447544" /><node id="7207897287" lat="25.3755908" lon="51.5447374" /><node id="7207897334" lat="25.3762944" lon="51.5448288" /><node id="7207897335" lat="25.3760592" lon="51.5448246" /><node id="7207897336" lat="25.3760587" lon="51.5448731" /><node id="7207897337" lat="25.3762939" lon="51.5448767" /><node id="7207897338" lat="25.3762935" lon="51.5449198" /><node id="7207897339" lat="25.3760584" lon="51.5449122" /><node id="7207897340" lat="25.3760579" lon="51.5449615" /><node id="7207897341" lat="25.3762931" lon="51.5449681" /><node id="7207965629" lat="25.3773088" lon="51.5433463" /><node id="7207965630" lat="25.3772737" lon="51.5433668" /><node id="7207965631" lat="25.3772802" lon="51.5433805" /><node id="7207965632" lat="25.3771074" lon="51.5434813" /><node id="7207965633" lat="25.3770713" lon="51.5434057" /><node id="7207965634" lat="25.3769919" lon="51.5434521" /><node id="7207965635" lat="25.3769390" lon="51.5433413" /><node id="7207965636" lat="25.3772263" lon="51.5431734" /><node id="7207965637" lat="25.3775835" lon="51.5445769" /><node id="7207965638" lat="25.3776152" lon="51.5445644" /><node id="7207965639" lat="25.3776825" lon="51.5443087" /><node id="7207965640" lat="25.3773912" lon="51.5444274" /><node id="7207965641" lat="25.3773810" lon="51.5443967" /><node id="7207965642" lat="25.3772833" lon="51.5444365" /><node id="7207965643" lat="25.3772391" lon="51.5443037" /><node id="7207965644" lat="25.3773388" lon="51.5442630" /><node id="7207965645" lat="25.3773303" lon="51.5442440" /><node id="7207965646" lat="25.3774720" lon="51.5441896" /><node id="7207965647" lat="25.3773995" lon="51.5439583" /><node id="7207965648" lat="25.3775461" lon="51.5438984" /><node id="7210891443" lat="25.3769685" lon="51.5437743" /><node id="7211038665" lat="25.3770384" lon="51.5439921" /><node id="7211038668" lat="25.3771453" lon="51.5443079" /><node id="7211038671" lat="25.3771394" lon="51.5442905" /><node id="7211048210" lat="25.3767351" lon="51.5445688" /><node id="7211048211" lat="25.3767329" lon="51.5445663" /><node id="7211048212" lat="25.3767301" lon="51.5445646" /><node id="7211048213" lat="25.3767271" lon="51.5445639" /><node id="7211048214" lat="25.3767239" lon="51.5445643" /><node id="7211048215" lat="25.3767171" lon="51.5445711" /><node id="7211048216" lat="25.3767165" lon="51.5445749" /><node id="7211048217" lat="25.3767170" lon="51.5445786" /><node id="7211048218" lat="25.3767186" lon="51.5445820" /><node id="7211048219" lat="25.3767212" lon="51.5445846" /><node id="7211048220" lat="25.3767244" lon="51.5445861" /><node id="7211048221" lat="25.3767210" lon="51.5445657" /><node id="7211048222" lat="25.3767187" lon="51.5445681" /><node id="7211048223" lat="25.3767278" lon="51.5445863" /><node id="7211048224" lat="25.3767311" lon="51.5445852" /><node id="7211048225" lat="25.3767339" lon="51.5445830" /><node id="7211048226" lat="25.3767359" lon="51.5445798" /><node id="7211048227" lat="25.3767368" lon="51.5445761" /><node id="7211048228" lat="25.3767365" lon="51.5445723" /><node id="7211048229" lat="25.3766892" lon="51.5444611" /><node id="7211048230" lat="25.3766925" lon="51.5444600" /><node id="7211048231" lat="25.3766953" lon="51.5444577" /><node id="7211048232" lat="25.3766972" lon="51.5444546" /><node id="7211048233" lat="25.3766981" lon="51.5444509" /><node id="7211048234" lat="25.3766978" lon="51.5444471" /><node id="7211048235" lat="25.3766964" lon="51.5444436" /><node id="7211048236" lat="25.3766943" lon="51.5444410" /><node id="7211048237" lat="25.3766915" lon="51.5444393" /><node id="7211048238" lat="25.3766884" lon="51.5444387" /><node id="7211048239" lat="25.3766853" lon="51.5444391" /><node id="7211048240" lat="25.3766824" lon="51.5444405" /><node id="7211048241" lat="25.3766801" lon="51.5444429" /><node id="7211048242" lat="25.3766785" lon="51.5444459" /><node id="7211048243" lat="25.3766778" lon="51.5444496" /><node id="7211048244" lat="25.3766784" lon="51.5444534" /><node id="7211048245" lat="25.3766800" lon="51.5444568" /><node id="7211048246" lat="25.3766825" lon="51.5444594" /><node id="7211048247" lat="25.3766857" lon="51.5444608" /><node id="7211048266" lat="25.3765334" lon="51.5442906" /><node id="7211048267" lat="25.3765367" lon="51.5442895" /><node id="7211048268" lat="25.3765395" lon="51.5442873" /><node id="7211048269" lat="25.3765414" lon="51.5442841" /><node id="7211048270" lat="25.3765423" lon="51.5442804" /><node id="7211048271" lat="25.3765420" lon="51.5442766" /><node id="7211048272" lat="25.3765406" lon="51.5442731" /><node id="7211048273" lat="25.3765385" lon="51.5442706" /><node id="7211048274" lat="25.3765357" lon="51.5442689" /><node id="7211048275" lat="25.3765326" lon="51.5442682" /><node id="7211048276" lat="25.3765295" lon="51.5442686" /><node id="7211048277" lat="25.3765266" lon="51.5442700" /><node id="7211048278" lat="25.3765243" lon="51.5442724" /><node id="7211048279" lat="25.3765227" lon="51.5442754" /><node id="7211048280" lat="25.3765220" lon="51.5442792" /><node id="7211048281" lat="25.3765226" lon="51.5442830" /><node id="7211048282" lat="25.3765242" lon="51.5442863" /><node id="7211048283" lat="25.3765267" lon="51.5442889" /><node id="7211048284" lat="25.3765299" lon="51.5442904" /><node id="7211073949" lat="25.3757887" lon="51.5441483" /><node id="7211073950" lat="25.3757860" lon="51.5442652" /><node id="7211073962" lat="25.3762699" lon="51.5449674" /><node id="7211073981" lat="25.3761874" lon="51.5448751" /><node id="7211073982" lat="25.3761885" lon="51.5448269" /><node id="7211073983" lat="25.3761867" lon="51.5449163" /><node id="7211073984" lat="25.3761857" lon="51.5449651" /><node id="7211231949" lat="25.3762338" lon="51.5451667" /><node id="7213686268" lat="25.3786727" lon="51.5472213" /><node id="7213686269" lat="25.3786449" lon="51.5472520" /><node id="7213686270" lat="25.3786819" lon="51.5472929" /><node id="7213686271" lat="25.3787097" lon="51.5472622" /><node id="7213686272" lat="25.3787218" lon="51.5472772" /><node id="7213686273" lat="25.3786932" lon="51.5473110" /><node id="7213686274" lat="25.3787218" lon="51.5473408" /><node id="7213686275" lat="25.3787505" lon="51.5473070" /><node id="7213686276" lat="25.3781579" lon="51.5443439" /><node id="7213686282" lat="25.3780416" lon="51.5446107" /><node id="7213686321" lat="25.3781492" lon="51.5443599" /><node id="7213686340" lat="25.3786524" lon="51.5434242" /><node id="7213686341" lat="25.3786497" lon="51.5434190" /><node id="7213686342" lat="25.3786455" lon="51.5434151" /><node id="7213686343" lat="25.3786404" lon="51.5434129" /><node id="7213686344" lat="25.3786350" lon="51.5434128" /><node id="7213686345" lat="25.3786244" lon="51.5434407" /><node id="7213686346" lat="25.3786280" lon="51.5434447" /><node id="7213686347" lat="25.3786325" lon="51.5434472" /><node id="7213686348" lat="25.3786375" lon="51.5434480" /><node id="7213686349" lat="25.3786425" lon="51.5434471" /><node id="7213686350" lat="25.3786298" lon="51.5434147" /><node id="7213686351" lat="25.3786255" lon="51.5434184" /><node id="7213686352" lat="25.3786226" lon="51.5434234" /><node id="7213686353" lat="25.3786214" lon="51.5434293" /><node id="7213686354" lat="25.3786220" lon="51.5434353" /><node id="7213686355" lat="25.3786470" lon="51.5434444" /><node id="7213686356" lat="25.3786505" lon="51.5434404" /><node id="7213686357" lat="25.3786527" lon="51.5434353" /><node id="7213686358" lat="25.3786534" lon="51.5434297" /><node id="7213686359" lat="25.3784518" lon="51.5431302" /><node id="7213686360" lat="25.3784512" lon="51.5428808" /><node id="7213686361" lat="25.3784591" lon="51.5427641" /><node id="7213686366" lat="25.3793091" lon="51.5453149" /><node id="7243597411" lat="25.3709264" lon="51.5406551" /><node id="7243597416" lat="25.3704912" lon="51.5406378" /><node id="8043869818" lat="25.3645994" lon="51.5513727" /><node id="8043869819" lat="25.3646300" lon="51.5515690" /><node id="8043869820" lat="25.3647733" lon="51.5515416" /><node id="8043869821" lat="25.3647427" lon="51.5513453" /><node id="8043869822" lat="25.3645237" lon="51.5511081" /><node id="8043869823" lat="25.3645813" lon="51.5512968" /><node id="8043869824" lat="25.3647191" lon="51.5512453" /><node id="8043869825" lat="25.3646614" lon="51.5510565" /><node id="8043869826" lat="25.3644074" lon="51.5508682" /><node id="8043869827" lat="25.3644955" lon="51.5510420" /><node id="8043869828" lat="25.3646223" lon="51.5509632" /><node id="8043869829" lat="25.3645342" lon="51.5507895" /><node id="8043869830" lat="25.3642521" lon="51.5506597" /><node id="8043869831" lat="25.3643721" lon="51.5508082" /><node id="8043869832" lat="25.3644805" lon="51.5507010" /><node id="8043869833" lat="25.3643605" lon="51.5505525" /><node id="8043869834" lat="25.3646291" lon="51.5516320" /><node id="8043869835" lat="25.3646151" lon="51.5518306" /><node id="8043869836" lat="25.3647601" lon="51.5518431" /><node id="8043869837" lat="25.3647740" lon="51.5516445" /><node id="8043869838" lat="25.3646163" lon="51.5519052" /><node id="8043869839" lat="25.3645711" lon="51.5520981" /><node id="8043869840" lat="25.3647118" lon="51.5521384" /><node id="8043869841" lat="25.3647570" lon="51.5519456" /><node id="8043869842" lat="25.3645555" lon="51.5521764" /><node id="8043869843" lat="25.3644746" lon="51.5523544" /><node id="8043869844" lat="25.3646045" lon="51.5524267" /><node id="8043869845" lat="25.3646854" lon="51.5522487" /><node id="8043869846" lat="25.3649521" lon="51.5520702" /><node id="8043869847" lat="25.3648947" lon="51.5522590" /><node id="8043869848" lat="25.3650325" lon="51.5523103" /><node id="8043869849" lat="25.3650899" lon="51.5521215" /><node id="8043869850" lat="25.3653623" lon="51.5522729" /><node id="8043869851" lat="25.3651824" lon="51.5522674" /><node id="8043869852" lat="25.3651784" lon="51.5524283" /><node id="8043869853" lat="25.3653584" lon="51.5524337" /><node id="8043869854" lat="25.3656341" lon="51.5523032" /><node id="8043869855" lat="25.3654542" lon="51.5523122" /><node id="8043869856" lat="25.3654608" lon="51.5524730" /><node id="8043869857" lat="25.3656406" lon="51.5524640" /><node id="8043869858" lat="25.3659064" lon="51.5522831" /><node id="8043869859" lat="25.3657269" lon="51.5522991" /><node id="8043869860" lat="25.3657386" lon="51.5524596" /><node id="8043869861" lat="25.3659181" lon="51.5524435" /><node id="8043869862" lat="25.3651250" lon="51.5501915" /><node id="8043869863" lat="25.3652131" lon="51.5503653" /><node id="8043869864" lat="25.3653400" lon="51.5502865" /><node id="8043869865" lat="25.3652518" lon="51.5501128" /><node id="8043869866" lat="25.3652754" lon="51.5504434" /><node id="8043869867" lat="25.3653963" lon="51.5505910" /><node id="8043869868" lat="25.3655041" lon="51.5504829" /><node id="8043869869" lat="25.3653831" lon="51.5503353" /><node id="8043869870" lat="25.3654483" lon="51.5506845" /><node id="8043869871" lat="25.3655848" lon="51.5508144" /><node id="8043869872" lat="25.3656796" lon="51.5506924" /><node id="8043869873" lat="25.3655431" lon="51.5505625" /><node id="8043869874" lat="25.3656468" lon="51.5508789" /><node id="8043869875" lat="25.3657940" lon="51.5509936" /><node id="8043869876" lat="25.3658777" lon="51.5508621" /><node id="8043869877" lat="25.3657305" lon="51.5507474" /><node id="8043869878" lat="25.3658648" lon="51.5510397" /><node id="8043869879" lat="25.3660241" lon="51.5511327" /><node id="8043869880" lat="25.3660919" lon="51.5509904" /><node id="8043869881" lat="25.3659327" lon="51.5508974" /><node id="8043869882" lat="25.3660831" lon="51.5511633" /><node id="8043869883" lat="25.3662423" lon="51.5512563" /><node id="8043869884" lat="25.3663102" lon="51.5511140" /><node id="8043876685" lat="25.3661509" lon="51.5510210" /><node id="8043876686" lat="25.3663257" lon="51.5518966" /><node id="8043876687" lat="25.3663224" lon="51.5520941" /><node id="8043876688" lat="25.3664504" lon="51.5520967" /><node id="8043876689" lat="25.3664537" lon="51.5518992" /><node id="8043876690" lat="25.3663349" lon="51.5521549" /><node id="8043876691" lat="25.3663317" lon="51.5523523" /><node id="8043876692" lat="25.3664596" lon="51.5523549" /><node id="8043876693" lat="25.3664629" lon="51.5521575" /><node id="8043876694" lat="25.3663373" lon="51.5516267" /><node id="8043876695" lat="25.3663341" lon="51.5518242" /><node id="8043876696" lat="25.3664621" lon="51.5518267" /><node id="8043876697" lat="25.3664653" lon="51.5516293" /><node id="8043876698" lat="25.3663467" lon="51.5513638" /><node id="8043876699" lat="25.3663434" lon="51.5515612" /><node id="8043876700" lat="25.3664714" lon="51.5515638" /><node id="8043876701" lat="25.3664747" lon="51.5513664" /><node id="8153914878" lat="25.3659305" lon="51.5411296" /><node id="8153914879" lat="25.3658150" lon="51.5411044" /><node id="8153914880" lat="25.3659215" lon="51.5411474" /><node id="8153914881" lat="25.3659086" lon="51.5411608" /><node id="8153914882" lat="25.3658929" lon="51.5411693" /><node id="8153914883" lat="25.3658737" lon="51.5411724" /><node id="8153914884" lat="25.3658549" lon="51.5411687" /><node id="8153914885" lat="25.3658381" lon="51.5411586" /><node id="8153914886" lat="25.3658250" lon="51.5411432" /><node id="8153914887" lat="25.3658170" lon="51.5411240" /><node id="8155452581" lat="25.3792499" lon="51.5527564" /><node id="8155452582" lat="25.3792644" lon="51.5529012" /><node id="8155452583" lat="25.3794315" lon="51.5528807" /><node id="8155452584" lat="25.3794169" lon="51.5527359" /><node id="8155452585" lat="25.3798030" lon="51.5521705" /><node id="8155452586" lat="25.3791632" lon="51.5515161" /><node id="8155452587" lat="25.3792925" lon="51.5513437" /><node id="8155452588" lat="25.3799517" lon="51.5519981" /><node id="8155452589" lat="25.3785574" lon="51.5529999" /><node id="8155452590" lat="25.3785889" lon="51.5531769" /><node id="8155452591" lat="25.3789674" lon="51.5530944" /><node id="8155452592" lat="25.3789359" lon="51.5529174" /><node id="8155452593" lat="25.3776133" lon="51.5533979" /><node id="8155452594" lat="25.3776933" lon="51.5536045" /><node id="8155452595" lat="25.3778404" lon="51.5535347" /><node id="8155452596" lat="25.3777604" lon="51.5533282" /><node id="8155452597" lat="25.3780352" lon="51.5530341" /><node id="8155452598" lat="25.3780958" lon="51.5532058" /><node id="8155452599" lat="25.3782707" lon="51.5531301" /><node id="8155452600" lat="25.3782101" lon="51.5529585" /><node id="8155452601" lat="25.3759564" lon="51.5562241" /><node id="8155452602" lat="25.3758619" lon="51.5560632" /><node id="8155452603" lat="25.3759480" lon="51.5560012" /><node id="8155452604" lat="25.3760426" lon="51.5561621" /><node id="8155452605" lat="25.3758310" lon="51.5560422" /><node id="8155452606" lat="25.3757268" lon="51.5558491" /><node id="8155452607" lat="25.3758354" lon="51.5557773" /><node id="8155452608" lat="25.3759396" lon="51.5559704" /><node id="8155452609" lat="25.3757561" lon="51.5552132" /><node id="8155452610" lat="25.3757319" lon="51.5553634" /><node id="8155452611" lat="25.3758748" lon="51.5553917" /><node id="8155452612" lat="25.3758991" lon="51.5552415" /><node id="8155452613" lat="25.3757790" lon="51.5549444" /><node id="8155452614" lat="25.3757201" lon="51.5550942" /><node id="8155452615" lat="25.3758982" lon="51.5551775" /><node id="8155452616" lat="25.3759509" lon="51.5550300" /><node id="8155467088" lat="25.3609885" lon="51.5567891" /><node id="8155467089" lat="25.3609910" lon="51.5569635" /><node id="8155467090" lat="25.3611750" lon="51.5569603" /><node id="8155467091" lat="25.3611726" lon="51.5567860" /><node id="8155467092" lat="25.3650121" lon="51.5514206" /><node id="8155467093" lat="25.3650388" lon="51.5514890" /><node id="8155467094" lat="25.3651231" lon="51.5514488" /><node id="8155467095" lat="25.3650964" lon="51.5513804" /><node id="8155467096" lat="25.3650386" lon="51.5515256" /><node id="8155467097" lat="25.3650665" lon="51.5515980" /><node id="8155467098" lat="25.3651413" lon="51.5515628" /><node id="8155467099" lat="25.3651134" lon="51.5514904" /><node id="8155467100" lat="25.3650433" lon="51.5516461" /><node id="8155467101" lat="25.3650711" lon="51.5517037" /><node id="8155467102" lat="25.3651461" lon="51.5516593" /><node id="8155467103" lat="25.3651183" lon="51.5516017" /><node id="8155467104" lat="25.3650683" lon="51.5517467" /><node id="8155467105" lat="25.3651071" lon="51.5518218" /><node id="8155467106" lat="25.3651922" lon="51.5517680" /><node id="8155467107" lat="25.3651534" lon="51.5516929" /><node id="8155467108" lat="25.3651675" lon="51.5519120" /><node id="8155467109" lat="25.3651917" lon="51.5519723" /><node id="8155467110" lat="25.3652746" lon="51.5519316" /><node id="8155467111" lat="25.3652503" lon="51.5518712" /><node id="8155467112" lat="25.3652332" lon="51.5519919" /><node id="8155467113" lat="25.3652623" lon="51.5520523" /><node id="8155467114" lat="25.3653327" lon="51.5520107" /><node id="8155467115" lat="25.3653037" lon="51.5519504" /><node id="8155467116" lat="25.3652986" lon="51.5520542" /><node id="8155467117" lat="25.3653301" lon="51.5521199" /><node id="8155467118" lat="25.3654042" lon="51.5520764" /><node id="8155467119" lat="25.3653727" lon="51.5520107" /><node id="8155467120" lat="25.3653552" lon="51.5521243" /><node id="8155467121" lat="25.3653892" lon="51.5521967" /><node id="8155467122" lat="25.3654842" lon="51.5521421" /><node id="8155467123" lat="25.3654503" lon="51.5520697" /><node id="8155467124" lat="25.3655900" lon="51.5519972" /><node id="8155467125" lat="25.3656179" lon="51.5520535" /><node id="8155467126" lat="25.3656894" lon="51.5520102" /><node id="8155467127" lat="25.3656615" lon="51.5519539" /><node id="8155467128" lat="25.3655699" lon="51.5518861" /><node id="8155467129" lat="25.3656002" lon="51.5519518" /><node id="8155467130" lat="25.3656773" lon="51.5519083" /><node id="8155467131" lat="25.3656470" lon="51.5518426" /><node id="8155467132" lat="25.3655612" lon="51.5517835" /><node id="8155467133" lat="25.3655963" lon="51.5518492" /><node id="8155467134" lat="25.3656761" lon="51.5517970" /><node id="8155467135" lat="25.3656409" lon="51.5517312" /><node id="8155467136" lat="25.3655275" lon="51.5516845" /><node id="8155467137" lat="25.3655602" lon="51.5517529" /><node id="8155467138" lat="25.3656361" lon="51.5517085" /><node id="8155467139" lat="25.3656034" lon="51.5516401" /><node id="8155467140" lat="25.3654490" lon="51.5515136" /><node id="8155467141" lat="25.3654842" lon="51.5515887" /><node id="8155467142" lat="25.3655561" lon="51.5515475" /><node id="8155467143" lat="25.3655210" lon="51.5514724" /><node id="8155467144" lat="25.3653830" lon="51.5514376" /><node id="8155467145" lat="25.3654133" lon="51.5515033" /><node id="8155467146" lat="25.3654822" lon="51.5514644" /><node id="8155467147" lat="25.3654519" lon="51.5513987" /><node id="8155467148" lat="25.3652971" lon="51.5513794" /><node id="8155467149" lat="25.3653347" lon="51.5514452" /><node id="8155467150" lat="25.3654107" lon="51.5513920" /><node id="8155467151" lat="25.3653731" lon="51.5513262" /><node id="8155467152" lat="25.3652295" lon="51.5512993" /><node id="8155467153" lat="25.3652574" lon="51.5513597" /><node id="8155467154" lat="25.3653331" lon="51.5513168" /><node id="8155467155" lat="25.3653053" lon="51.5512565" /><node id="8155467156" lat="25.3639880" lon="51.5471533" /><node id="8155467157" lat="25.3640195" lon="51.5472150" /><node id="8155467158" lat="25.3640931" lon="51.5471689" /><node id="8155467159" lat="25.3640616" lon="51.5471072" /><node id="8155467160" lat="25.3639022" lon="51.5470797" /><node id="8155467161" lat="25.3639325" lon="51.5471454" /><node id="8155467162" lat="25.3640095" lon="51.5471019" /><node id="8155467163" lat="25.3639792" lon="51.5470362" /><node id="8155467164" lat="25.3638162" lon="51.5469975" /><node id="8155467165" lat="25.3638489" lon="51.5470713" /><node id="8155467166" lat="25.3639259" lon="51.5470295" /><node id="8155467167" lat="25.3638932" lon="51.5469557" /><node id="8155467168" lat="25.3637404" lon="51.5469386" /><node id="8155467169" lat="25.3637731" lon="51.5470084" /><node id="8155467170" lat="25.3638508" lon="51.5469637" /><node id="8155467171" lat="25.3638180" lon="51.5468940" /><node id="8155467172" lat="25.3636699" lon="51.5468705" /><node id="8155467173" lat="25.3637002" lon="51.5469349" /><node id="8155467174" lat="25.3637805" lon="51.5468886" /><node id="8155467175" lat="25.3637502" lon="51.5468243" /><node id="8155467176" lat="25.3636301" lon="51.5467767" /><node id="8155467177" lat="25.3636568" lon="51.5468384" /><node id="8155467178" lat="25.3637417" lon="51.5467934" /><node id="8155467179" lat="25.3637150" lon="51.5467317" /><node id="8155467180" lat="25.3635897" lon="51.5466822" /><node id="8155467181" lat="25.3636188" lon="51.5467533" /><node id="8155467182" lat="25.3636993" lon="51.5467130" /><node id="8155467183" lat="25.3636702" lon="51.5466419" /><node id="8155467184" lat="25.3635409" lon="51.5465928" /><node id="8155467185" lat="25.3635687" lon="51.5466585" /><node id="8155467186" lat="25.3636472" lon="51.5466177" /><node id="8155467187" lat="25.3636193" lon="51.5465520" /><node id="8155467188" lat="25.3634877" lon="51.5465263" /><node id="8155467189" lat="25.3635168" lon="51.5465907" /><node id="8155467190" lat="25.3635914" lon="51.5465493" /><node id="8155467191" lat="25.3635624" lon="51.5464850" /><node id="8155467192" lat="25.3634693" lon="51.5464119" /><node id="8155467193" lat="25.3634960" lon="51.5464857" /><node id="8155467194" lat="25.3635733" lon="51.5464514" /><node id="8155467195" lat="25.3635466" lon="51.5463777" /><node id="8155467196" lat="25.3633996" lon="51.5463370" /><node id="8155467197" lat="25.3634263" lon="51.5464094" /><node id="8155467198" lat="25.3635115" lon="51.5463710" /><node id="8155467199" lat="25.3634848" lon="51.5462986" /><node id="8155467200" lat="25.3634069" lon="51.5462227" /><node id="8155467201" lat="25.3634323" lon="51.5463005" /><node id="8155467202" lat="25.3635175" lon="51.5462664" /><node id="8155467203" lat="25.3634921" lon="51.5461886" /><node id="8155467204" lat="25.3633837" lon="51.5461293" /><node id="8155467205" lat="25.3634116" lon="51.5461950" /><node id="8155467206" lat="25.3635066" lon="51.5461457" /><node id="8155467207" lat="25.3634787" lon="51.5460800" /><node id="8155467208" lat="25.3649638" lon="51.5496498" /><node id="8155467209" lat="25.3649904" lon="51.5498697" /><node id="8155467210" lat="25.3651923" lon="51.5498397" /><node id="8155467211" lat="25.3651657" lon="51.5496198" /><node id="8155467212" lat="25.3649512" lon="51.5492723" /><node id="8155467213" lat="25.3649415" lon="51.5494976" /><node id="8155467214" lat="25.3651398" lon="51.5495081" /><node id="8155467215" lat="25.3651495" lon="51.5492828" /><node id="8155467216" lat="25.3651696" lon="51.5491548" /><node id="8155467217" lat="25.3649611" lon="51.5490985" /><node id="8155467218" lat="25.3650113" lon="51.5488713" /><node id="8155467219" lat="25.3652197" lon="51.5489276" /><node id="8155467220" lat="25.3651293" lon="51.5485624" /><node id="8155467221" lat="25.3650494" lon="51.5487662" /><node id="8155467222" lat="25.3652485" lon="51.5488619" /><node id="8155467223" lat="25.3653284" lon="51.5486580" /><node id="8155467224" lat="25.3651517" lon="51.5480708" /><node id="8155467225" lat="25.3649675" lon="51.5482639" /><node id="8155467226" lat="25.3651220" lon="51.5484444" /><node id="8155467227" lat="25.3653062" lon="51.5482513" /><node id="8155467228" lat="25.3649591" lon="51.5478528" /><node id="8155467229" lat="25.3647967" lon="51.5479923" /><node id="8155467230" lat="25.3649376" lon="51.5481931" /><node id="8155467231" lat="25.3651000" lon="51.5480536" /><node id="8155467232" lat="25.3648029" lon="51.5476100" /><node id="8155467233" lat="25.3646211" lon="51.5477602" /><node id="8155467234" lat="25.3647455" lon="51.5479446" /><node id="8155467235" lat="25.3649273" lon="51.5477944" /><node id="8155467236" lat="25.3726025" lon="51.5462698" /><node id="8155467237" lat="25.3724861" lon="51.5462054" /><node id="8155467238" lat="25.3725474" lon="51.5460697" /><node id="8155467239" lat="25.3726638" lon="51.5461341" /><node id="8155467240" lat="25.3728386" lon="51.5460804" /><node id="8155467241" lat="25.3726798" lon="51.5464519" /><node id="8155467242" lat="25.3728071" lon="51.5465185" /><node id="8155467243" lat="25.3729658" lon="51.5461470" /><node id="8155467244" lat="25.3729931" lon="51.5457514" /><node id="8155467245" lat="25.3728586" lon="51.5460666" /><node id="8155467246" lat="25.3729791" lon="51.5461296" /><node id="8155467247" lat="25.3731136" lon="51.5458144" /><node id="8155467248" lat="25.3731475" lon="51.5455163" /><node id="8155467249" lat="25.3730542" lon="51.5457322" /><node id="8155467250" lat="25.3731488" lon="51.5457822" /><node id="8155467251" lat="25.3732421" lon="51.5455663" /><node id="8155467252" lat="25.3732507" lon="51.5452713" /><node id="8155467253" lat="25.3731792" lon="51.5454872" /><node id="8155467254" lat="25.3732784" lon="51.5455274" /><node id="8155467255" lat="25.3733499" lon="51.5453115" /><node id="8155467256" lat="25.3732813" lon="51.5448546" /><node id="8155467257" lat="25.3732207" lon="51.5452207" /><node id="8155467258" lat="25.3733378" lon="51.5452445" /><node id="8155467259" lat="25.3733984" lon="51.5448783" /><node id="8155467260" lat="25.3733219" lon="51.5445500" /><node id="8155467261" lat="25.3732807" lon="51.5447994" /><node id="8155467262" lat="25.3733923" lon="51.5448220" /><node id="8155467263" lat="25.3734335" lon="51.5445726" /><node id="8155467264" lat="25.3733684" lon="51.5442129" /><node id="8155467265" lat="25.3733151" lon="51.5444838" /><node id="8155467266" lat="25.3734553" lon="51.5445176" /><node id="8155467267" lat="25.3735087" lon="51.5442467" /><node id="8155467268" lat="25.3734317" lon="51.5439335" /><node id="8155467269" lat="25.3734244" lon="51.5441883" /><node id="8155467270" lat="25.3735208" lon="51.5441917" /><node id="8155467271" lat="25.3735281" lon="51.5439369" /><node id="8155467272" lat="25.3733455" lon="51.5435706" /><node id="8155467273" lat="25.3733819" lon="51.5438791" /><node id="8155467274" lat="25.3735111" lon="51.5438604" /><node id="8155467275" lat="25.3734747" lon="51.5435520" /><node id="8155467276" lat="25.3732416" lon="51.5432260" /><node id="8155467277" lat="25.3732756" lon="51.5435238" /><node id="8155467278" lat="25.3734578" lon="51.5434983" /><node id="8155467279" lat="25.3734238" lon="51.5432006" /><node id="8155467280" lat="25.3730673" lon="51.5423841" /><node id="8155467281" lat="25.3732636" lon="51.5431888" /><node id="8155467282" lat="25.3734214" lon="51.5431416" /><node id="8155467283" lat="25.3732251" lon="51.5423369" /><node id="8155467309" lat="25.3642424" lon="51.5387168" /><node id="8155467310" lat="25.3642812" lon="51.5388375" /><node id="8155467311" lat="25.3644470" lon="51.5387723" /><node id="8155467312" lat="25.3644082" lon="51.5386516" /><node id="8155467313" lat="25.3641836" lon="51.5384503" /><node id="8155467314" lat="25.3641739" lon="51.5385925" /><node id="8155467315" lat="25.3643355" lon="51.5386060" /><node id="8155467316" lat="25.3643452" lon="51.5384638" /><node id="8155467317" lat="25.3642598" lon="51.5381933" /><node id="8155467318" lat="25.3642162" lon="51.5383301" /><node id="8155467319" lat="25.3643525" lon="51.5383834" /><node id="8155467320" lat="25.3643961" lon="51.5382466" /><node id="8155467321" lat="25.3644197" lon="51.5381651" /><node id="8155467322" lat="25.3642985" lon="51.5379666" /><node id="8155467323" lat="25.3644227" lon="51.5378737" /><node id="8155467324" lat="25.3645439" lon="51.5380722" /><node id="8155467325" lat="25.3650447" lon="51.5381344" /><node id="8155467326" lat="25.3647805" lon="51.5381263" /><node id="8155467327" lat="25.3647847" lon="51.5379565" /><node id="8155467328" lat="25.3650489" lon="51.5379645" /><node id="8155467329" lat="25.3651265" lon="51.5381294" /><node id="8155467330" lat="25.3651120" lon="51.5383037" /><node id="8155467331" lat="25.3652818" lon="51.5383211" /><node id="8155467332" lat="25.3652963" lon="51.5381467" /><node id="8155467333" lat="25.3654340" lon="51.5381884" /><node id="8155467334" lat="25.3654389" lon="51.5383172" /><node id="8155467335" lat="25.3655740" lon="51.5383109" /><node id="8155467336" lat="25.3655691" lon="51.5381822" /><node id="8155467337" lat="25.3656611" lon="51.5382077" /><node id="8155467338" lat="25.3657023" lon="51.5383499" /><node id="8155467339" lat="25.3658648" lon="51.5382922" /><node id="8155467340" lat="25.3658236" lon="51.5381500" /><node id="8155467341" lat="25.3660587" lon="51.5380441" /><node id="8155467342" lat="25.3659157" lon="51.5381273" /><node id="8155467343" lat="25.3659787" lon="51.5382600" /><node id="8155467344" lat="25.3661217" lon="51.5381768" /><node id="8155467355" lat="25.3666504" lon="51.5375927" /><node id="8155467356" lat="25.3666480" lon="51.5376731" /><node id="8155467357" lat="25.3667785" lon="51.5376779" /><node id="8155467358" lat="25.3667809" lon="51.5375975" /><node id="8155467359" lat="25.3662380" lon="51.5378938" /><node id="8155467360" lat="25.3661120" lon="51.5380199" /><node id="8155467361" lat="25.3661920" lon="51.5381178" /><node id="8155467362" lat="25.3663180" lon="51.5379918" /><node id="8155467363" lat="25.3663406" lon="51.5376867" /><node id="8155467364" lat="25.3662728" lon="51.5378074" /><node id="8155467365" lat="25.3664198" lon="51.5379086" /><node id="8155467366" lat="25.3664877" lon="51.5377879" /><node id="8155467367" lat="25.3664306" lon="51.5373939" /><node id="8155467368" lat="25.3664161" lon="51.5375307" /><node id="8155467369" lat="25.3665168" lon="51.5375438" /><node id="8155467370" lat="25.3665313" lon="51.5374070" /><node id="8155467371" lat="25.3664084" lon="51.5369158" /><node id="8155467372" lat="25.3663914" lon="51.5370579" /><node id="8155467373" lat="25.3665410" lon="51.5370798" /><node id="8155467374" lat="25.3665580" lon="51.5369377" /><node id="8155467375" lat="25.3664974" lon="51.5372220" /><node id="8155467376" lat="25.3664974" lon="51.5373802" /><node id="8155467377" lat="25.3666355" lon="51.5373802" /><node id="8155467378" lat="25.3666355" lon="51.5372220" /><node id="8155467387" lat="25.3675846" lon="51.5368994" /><node id="8155467388" lat="25.3675216" lon="51.5370227" /><node id="8155467389" lat="25.3676728" lon="51.5371174" /><node id="8155467390" lat="25.3677358" lon="51.5369940" /><node id="8155467391" lat="25.3677842" lon="51.5370307" /><node id="8155467392" lat="25.3677867" lon="51.5371701" /><node id="8155467393" lat="25.3679976" lon="51.5371656" /><node id="8155467394" lat="25.3679952" lon="51.5370262" /><node id="8155467395" lat="25.3680923" lon="51.5370041" /><node id="8155467396" lat="25.3681117" lon="51.5372187" /><node id="8155467397" lat="25.3682763" lon="51.5372005" /><node id="8155467398" lat="25.3682569" lon="51.5369859" /><node id="8155467399" lat="25.3683333" lon="51.5369236" /><node id="8155467400" lat="25.3684036" lon="51.5371167" /><node id="8155467401" lat="25.3685405" lon="51.5370557" /><node id="8155467402" lat="25.3684702" lon="51.5368625" /><node id="8155467416" lat="25.3758060" lon="51.5364576" /><node id="8155467442" lat="25.3729751" lon="51.5343517" /><node id="8155467444" lat="25.3732739" lon="51.5348168" /><node id="8155467445" lat="25.3732645" lon="51.5343447" /><node id="8155467486" lat="25.3746877" lon="51.5383665" /><node id="8155467487" lat="25.3745011" lon="51.5381586" /><node id="8155467488" lat="25.3745774" lon="51.5380669" /><node id="8155467489" lat="25.3747652" lon="51.5382600" /><node id="8155467490" lat="25.3749006" lon="51.5385590" /><node id="8155467493" lat="25.3749797" lon="51.5384504" /><node id="8155467494" lat="25.3751098" lon="51.5387210" /><node id="8155467497" lat="25.3752365" lon="51.5386597" /><node id="8155467498" lat="25.3731802" lon="51.5365745" /><node id="8155467499" lat="25.3733111" lon="51.5370117" /><node id="8155467500" lat="25.3735935" lon="51.5369081" /><node id="8155467501" lat="25.3734626" lon="51.5364709" /><node id="8155467502" lat="25.3732402" lon="51.5374711" /><node id="8155467503" lat="25.3733420" lon="51.5378198" /><node id="8155467504" lat="25.3734311" lon="51.5377879" /><node id="8155467505" lat="25.3733293" lon="51.5374392" /><node id="8155467506" lat="25.3733317" lon="51.5378581" /><node id="8155467507" lat="25.3734892" lon="51.5384643" /><node id="8155467508" lat="25.3736928" lon="51.5383995" /><node id="8155467509" lat="25.3735353" lon="51.5377933" /><node id="8155467510" lat="25.3734930" lon="51.5375034" /><node id="8155467511" lat="25.3736796" lon="51.5378575" /><node id="8155467512" lat="25.3739328" lon="51.5376940" /><node id="8155467513" lat="25.3737462" lon="51.5373400" /><node id="8155467514" lat="25.3745344" lon="51.5387859" /><node id="8155467515" lat="25.3746313" lon="51.5392445" /><node id="8155467516" lat="25.3748913" lon="51.5391772" /><node id="8155467517" lat="25.3747944" lon="51.5387186" /><node id="8155467518" lat="25.3751155" lon="51.5387072" /><node id="8155467519" lat="25.3752001" lon="51.5389730" /><node id="8155467520" lat="25.3753263" lon="51.5389279" /><node id="8155467522" lat="25.3738630" lon="51.5383812" /><node id="8155467523" lat="25.3743344" lon="51.5393321" /><node id="8155467524" lat="25.3745399" lon="51.5392001" /><node id="8155467525" lat="25.3740600" lon="51.5382546" /><node id="8155467526" lat="25.3751559" lon="51.5392903" /><node id="8155467527" lat="25.3755231" lon="51.5402787" /><node id="8155467528" lat="25.3756473" lon="51.5401885" /><node id="8155467529" lat="25.3753408" lon="51.5394831" /><node id="8155467530" lat="25.3752259" lon="51.5402813" /><node id="8155467531" lat="25.3746297" lon="51.5407426" /><node id="8155467532" lat="25.3747083" lon="51.5408644" /><node id="8155467533" lat="25.3753045" lon="51.5404044" /><node id="8155467542" lat="25.3701642" lon="51.5431926" /><node id="8155467543" lat="25.3697910" lon="51.5436646" /><node id="8155467544" lat="25.3697135" lon="51.5436298" /><node id="8155467545" lat="25.3693693" lon="51.5434286" /><node id="8155467546" lat="25.3692675" lon="51.5434661" /><node id="8155467547" lat="25.3691003" lon="51.5434393" /><node id="8155467548" lat="25.3688240" lon="51.5428519" /><node id="8155467549" lat="25.3685647" lon="51.5429941" /><node id="8155467550" lat="25.3689088" lon="51.5435627" /><node id="8155467551" lat="25.3687416" lon="51.5440160" /><node id="8155467552" lat="25.3686471" lon="51.5440240" /><node id="8155467553" lat="25.3680630" lon="51.5441340" /><node id="8155467554" lat="25.3681478" lon="51.5444478" /><node id="8155467555" lat="25.3687707" lon="51.5443164" /><node id="8155467556" lat="25.3690106" lon="51.5444720" /><node id="8155467557" lat="25.3689500" lon="51.5445551" /><node id="8155467558" lat="25.3688822" lon="51.5447670" /><node id="8155467559" lat="25.3688313" lon="51.5452230" /><node id="8155467560" lat="25.3690785" lon="51.5452740" /><node id="8155467561" lat="25.3691512" lon="51.5447697" /><node id="8155467562" lat="25.3691779" lon="51.5447697" /><node id="8155467563" lat="25.3693863" lon="51.5448153" /><node id="8155467564" lat="25.3695026" lon="51.5448582" /><node id="8155467565" lat="25.3697062" lon="51.5451667" /><node id="8155467566" lat="25.3699413" lon="51.5449521" /><node id="8155467567" lat="25.3698831" lon="51.5448502" /><node id="8155467568" lat="25.3698298" lon="51.5447804" /><node id="8155467569" lat="25.3695729" lon="51.5445659" /><node id="8155467570" lat="25.3696650" lon="51.5443620" /><node id="8155467571" lat="25.3699873" lon="51.5445283" /><node id="8155467572" lat="25.3702151" lon="51.5441045" /><node id="8155467573" lat="25.3699485" lon="51.5439168" /><node id="8155467574" lat="25.3703363" lon="51.5433401" /><node id="8155467575" lat="25.3659189" lon="51.5445189" /><node id="8155467576" lat="25.3658389" lon="51.5445162" /><node id="8155467577" lat="25.3658220" lon="51.5443982" /><node id="8155467578" lat="25.3656984" lon="51.5444277" /><node id="8155467579" lat="25.3657165" lon="51.5445336" /><node id="8155467580" lat="25.3656875" lon="51.5445551" /><node id="8155467581" lat="25.3656026" lon="51.5446155" /><node id="8155467582" lat="25.3655287" lon="51.5447952" /><node id="8155467583" lat="25.3655360" lon="51.5449320" /><node id="8155467584" lat="25.3655639" lon="51.5450540" /><node id="8155467585" lat="25.3655966" lon="51.5451197" /><node id="8155467586" lat="25.3657577" lon="51.5452498" /><node id="8155467587" lat="25.3658704" lon="51.5452833" /><node id="8155467588" lat="25.3659728" lon="51.5452518" /><node id="8155467589" lat="25.3659686" lon="51.5452364" /><node id="8155467590" lat="25.3659541" lon="51.5451559" /><node id="8155467591" lat="25.3658583" lon="51.5451666" /><node id="8155467592" lat="25.3658026" lon="51.5451640" /><node id="8155467593" lat="25.3657105" lon="51.5451251" /><node id="8155467594" lat="25.3656378" lon="51.5450553" /><node id="8155467595" lat="25.3655893" lon="51.5449910" /><node id="8155467596" lat="25.3655723" lon="51.5448770" /><node id="8155467597" lat="25.3655942" lon="51.5447992" /><node id="8155467598" lat="25.3656390" lon="51.5446906" /><node id="8155467599" lat="25.3657287" lon="51.5446074" /><node id="8155467600" lat="25.3658256" lon="51.5445927" /><node id="8155467601" lat="25.3659177" lon="51.5445913" /><node id="8155467602" lat="25.3656841" lon="51.5453895" /><node id="8155467603" lat="25.3658465" lon="51.5459367" /><node id="8155467604" lat="25.3663377" lon="51.5457581" /><node id="8155467605" lat="25.3661753" lon="51.5452110" /><node id="8155467606" lat="25.3652267" lon="51.5455574" /><node id="8155467607" lat="25.3646741" lon="51.5458042" /><node id="8155467608" lat="25.3647184" lon="51.5459257" /><node id="8155467609" lat="25.3652710" lon="51.5456790" /><node id="8155467610" lat="25.3652624" lon="51.5457467" /><node id="8155467611" lat="25.3647122" lon="51.5459962" /><node id="8155467612" lat="25.3647596" lon="51.5461242" /><node id="8155467613" lat="25.3653098" lon="51.5458748" /><node id="8155467614" lat="25.3652920" lon="51.5454891" /><node id="8155467615" lat="25.3653987" lon="51.5458512" /><node id="8155467616" lat="25.3655788" lon="51.5457863" /><node id="8155467617" lat="25.3654722" lon="51.5454242" /><node id="8155467618" lat="25.3651734" lon="51.5445463" /><node id="8155467619" lat="25.3651734" lon="51.5448869" /><node id="8155467620" lat="25.3653043" lon="51.5448869" /><node id="8155467621" lat="25.3653043" lon="51.5445463" /><node id="8155467622" lat="25.3651093" lon="51.5440099" /><node id="8155467623" lat="25.3651360" lon="51.5444497" /><node id="8155467624" lat="25.3652668" lon="51.5444400" /><node id="8155467625" lat="25.3652401" lon="51.5440001" /><node id="8155467626" lat="25.3646889" lon="51.5435458" /><node id="8155467627" lat="25.3643205" lon="51.5424984" /><node id="8155467628" lat="25.3645641" lon="51.5424649" /><node id="8155467629" lat="25.3645920" lon="51.5425454" /><node id="8155467630" lat="25.3647035" lon="51.5425413" /><node id="8155467631" lat="25.3647992" lon="51.5429169" /><node id="8155467632" lat="25.3647483" lon="51.5430443" /><node id="8155467633" lat="25.3646901" lon="51.5430241" /><node id="8155467634" lat="25.3646223" lon="51.5430295" /><node id="8155467635" lat="25.3645480" lon="51.5431107" /><node id="8155467636" lat="25.3645290" lon="51.5431971" /><node id="8155467637" lat="25.3645653" lon="51.5433172" /><node id="8155467638" lat="25.3646041" lon="51.5433514" /><node id="8155467639" lat="25.3647070" lon="51.5433733" /><node id="8155467640" lat="25.3647592" lon="51.5433621" /><node id="8155467641" lat="25.3647992" lon="51.5433259" /><node id="8155467642" lat="25.3648392" lon="51.5432494" /><node id="8155467643" lat="25.3648465" lon="51.5431623" /><node id="8155467644" lat="25.3648804" lon="51.5431247" /><node id="8155467645" lat="25.3649725" lon="51.5431006" /><node id="8155467646" lat="25.3650622" lon="51.5431274" /><node id="8155467647" lat="25.3650610" lon="51.5431824" /><node id="8155467648" lat="25.3652246" lon="51.5432682" /><node id="8155467649" lat="25.3652985" lon="51.5431971" /><node id="8155467650" lat="25.3654306" lon="51.5433608" /><node id="8155467651" lat="25.3653772" lon="51.5434815" /><node id="8155467652" lat="25.3653760" lon="51.5435592" /><node id="8155467653" lat="25.3653979" lon="51.5436102" /><node id="8155467654" lat="25.3654342" lon="51.5436732" /><node id="8155467655" lat="25.3654875" lon="51.5436732" /><node id="8155467656" lat="25.3655227" lon="51.5437376" /><node id="8155467657" lat="25.3655178" lon="51.5437913" /><node id="8155467658" lat="25.3654693" lon="51.5438315" /><node id="8155467659" lat="25.3654051" lon="51.5438047" /><node id="8155467660" lat="25.3653833" lon="51.5437752" /><node id="8155467661" lat="25.3653663" lon="51.5437068" /><node id="8155467662" lat="25.3653118" lon="51.5436960" /><node id="8155467663" lat="25.3652948" lon="51.5436545" /><node id="8155467664" lat="25.3653082" lon="51.5436115" /><node id="8155467665" lat="25.3652730" lon="51.5435056" /><node id="8155467666" lat="25.3652221" lon="51.5435096" /><node id="8155467667" lat="25.3652403" lon="51.5436773" /><node id="8155467668" lat="25.3650864" lon="51.5436840" /><node id="8155467669" lat="25.3650573" lon="51.5435257" /><node id="8155467670" lat="25.3648780" lon="51.5434533" /><node id="8155467671" lat="25.3648174" lon="51.5435043" /><node id="8155467672" lat="25.3645508" lon="51.5435257" /><node id="8155467673" lat="25.3644660" lon="51.5434157" /><node id="8155467674" lat="25.3644054" lon="51.5433058" /><node id="8155467675" lat="25.3644054" lon="51.5432146" /><node id="8155467676" lat="25.3644175" lon="51.5431261" /><node id="8155467677" lat="25.3644732" lon="51.5430054" /><node id="8155467678" lat="25.3644684" lon="51.5429195" /><node id="8155467679" lat="25.3644126" lon="51.5428471" /><node id="8155467680" lat="25.3643787" lon="51.5427130" /><node id="8155467681" lat="25.3642575" lon="51.5426406" /><node id="8155467682" lat="25.3641305" lon="51.5427815" /><node id="8155467683" lat="25.3630447" lon="51.5430202" /><node id="8155467684" lat="25.3630025" lon="51.5427849" /><node id="8155467685" lat="25.3640883" lon="51.5425462" /><node id="8155467686" lat="25.3625998" lon="51.5447761" /><node id="8155467687" lat="25.3625489" lon="51.5449089" /><node id="8155467688" lat="25.3626753" lon="51.5449682" /><node id="8155467689" lat="25.3627262" lon="51.5448354" /><node id="8155467690" lat="25.3627526" lon="51.5445350" /><node id="8155467691" lat="25.3626836" lon="51.5446678" /><node id="8155467692" lat="25.3628183" lon="51.5447536" /><node id="8155467693" lat="25.3628874" lon="51.5446208" /><node id="8155467694" lat="25.3628559" lon="51.5442886" /><node id="8155467695" lat="25.3627868" lon="51.5443999" /><node id="8155467696" lat="25.3629346" lon="51.5445122" /><node id="8155467697" lat="25.3630037" lon="51.5444009" /><node id="8155467698" lat="25.3635401" lon="51.5457219" /><node id="8155467699" lat="25.3635256" lon="51.5459687" /><node id="8155467700" lat="25.3637164" lon="51.5459824" /><node id="8155467701" lat="25.3637309" lon="51.5457357" /><node id="8155467702" lat="25.3632337" lon="51.5457158" /><node id="8155467703" lat="25.3632022" lon="51.5459518" /><node id="8155467704" lat="25.3633942" lon="51.5459832" /><node id="8155467705" lat="25.3634257" lon="51.5457471" /><node id="8155467706" lat="25.3624846" lon="51.5450383" /><node id="8155467707" lat="25.3624458" lon="51.5451724" /><node id="8155467708" lat="25.3625735" lon="51.5452176" /><node id="8155467709" lat="25.3626123" lon="51.5450835" /><node id="8155467710" lat="25.3624364" lon="51.5452672" /><node id="8155467711" lat="25.3623904" lon="51.5454147" /><node id="8155467712" lat="25.3625274" lon="51.5454671" /><node id="8155467713" lat="25.3625735" lon="51.5453196" /><node id="8155467714" lat="25.3623156" lon="51.5454949" /><node id="8155467715" lat="25.3622720" lon="51.5456800" /><node id="8155467716" lat="25.3623893" lon="51.5457138" /><node id="8155467717" lat="25.3624329" lon="51.5455288" /><node id="8155467718" lat="25.3622826" lon="51.5457775" /><node id="8155467719" lat="25.3622608" lon="51.5459385" /><node id="8155467720" lat="25.3623941" lon="51.5459606" /><node id="8155467721" lat="25.3624160" lon="51.5457997" /><node id="8155467722" lat="25.3622318" lon="51.5460518" /><node id="8155467723" lat="25.3622318" lon="51.5462235" /><node id="8155467724" lat="25.3623820" lon="51.5462235" /><node id="8155467725" lat="25.3623820" lon="51.5460518" /><node id="8155467726" lat="25.3623036" lon="51.5463013" /><node id="8155467727" lat="25.3623157" lon="51.5464729" /><node id="8155467728" lat="25.3624402" lon="51.5464622" /><node id="8155467729" lat="25.3624281" lon="51.5462905" /><node id="8155467730" lat="25.3622482" lon="51.5465862" /><node id="8155467731" lat="25.3622676" lon="51.5467337" /><node id="8155467732" lat="25.3624547" lon="51.5467036" /><node id="8155467733" lat="25.3624353" lon="51.5465561" /><node id="8155467734" lat="25.3629453" lon="51.5459892" /><node id="8155467735" lat="25.3629445" lon="51.5462250" /><node id="8155467736" lat="25.3631058" lon="51.5462258" /><node id="8155467737" lat="25.3631001" lon="51.5460015" /><node id="8155467738" lat="25.3629358" lon="51.5463195" /><node id="8155467739" lat="25.3629606" lon="51.5465440" /><node id="8155467740" lat="25.3631386" lon="51.5465162" /><node id="8155467741" lat="25.3631092" lon="51.5462948" /><node id="8155467742" lat="25.3629915" lon="51.5466290" /><node id="8155467743" lat="25.3630607" lon="51.5468492" /><node id="8155467744" lat="25.3632076" lon="51.5467899" /><node id="8155467745" lat="25.3631439" lon="51.5465769" /><node id="8155467746" lat="25.3630942" lon="51.5469440" /><node id="8155467747" lat="25.3632014" lon="51.5471385" /><node id="8155467748" lat="25.3633371" lon="51.5470510" /><node id="8155467749" lat="25.3632363" lon="51.5468564" /><node id="8155467750" lat="25.3624041" lon="51.5468230" /><node id="8155467751" lat="25.3624405" lon="51.5469651" /><node id="8155467752" lat="25.3625905" lon="51.5469182" /><node id="8155467753" lat="25.3625541" lon="51.5467760" /><node id="8155467754" lat="25.3624035" lon="51.5471095" /><node id="8155467755" lat="25.3624471" lon="51.5472222" /><node id="8155467756" lat="25.3626074" lon="51.5471461" /><node id="8155467757" lat="25.3625638" lon="51.5470335" /><node id="8155467758" lat="25.3625469" lon="51.5473261" /><node id="8155467759" lat="25.3626123" lon="51.5474575" /><node id="8155467760" lat="25.3627359" lon="51.5473822" /><node id="8155467761" lat="25.3626704" lon="51.5472507" /><node id="8155467762" lat="25.3633848" lon="51.5473777" /><node id="8155467763" lat="25.3632479" lon="51.5472135" /><node id="8155467764" lat="25.3633624" lon="51.5470997" /><node id="8155467765" lat="25.3634937" lon="51.5472711" /><node id="8155467766" lat="25.3636032" lon="51.5475785" /><node id="8155467767" lat="25.3634466" lon="51.5474495" /><node id="8155467768" lat="25.3635434" lon="51.5473166" /><node id="8155467769" lat="25.3636946" lon="51.5474527" /><node id="8155467770" lat="25.3638080" lon="51.5477168" /><node id="8155467771" lat="25.3636743" lon="51.5476077" /><node id="8155467772" lat="25.3637489" lon="51.5474823" /><node id="8155467773" lat="25.3638845" lon="51.5476016" /><node id="8155467774" lat="25.3634543" lon="51.5530543" /><node id="8155467775" lat="25.3634761" lon="51.5531374" /><node id="8155467776" lat="25.3636157" lon="51.5530926" /><node id="8155467777" lat="25.3635939" lon="51.5530094" /><node id="8155467778" lat="25.3630980" lon="51.5533491" /><node id="8155467779" lat="25.3630835" lon="51.5535073" /><node id="8155467780" lat="25.3632594" lon="51.5535271" /><node id="8155467781" lat="25.3632739" lon="51.5533689" /><node id="8155467782" lat="25.3628552" lon="51.5533124" /><node id="8155467783" lat="25.3628431" lon="51.5535082" /><node id="8155467784" lat="25.3630219" lon="51.5535217" /><node id="8155467785" lat="25.3630340" lon="51.5533259" /><node id="8155467786" lat="25.3626445" lon="51.5532605" /><node id="8155467787" lat="25.3626154" lon="51.5534134" /><node id="8155467788" lat="25.3627698" lon="51.5534493" /><node id="8155467789" lat="25.3627989" lon="51.5532964" /><node id="8155467790" lat="25.3623828" lon="51.5532891" /><node id="8155467791" lat="25.3623658" lon="51.5534339" /><node id="8155467792" lat="25.3625105" lon="51.5534547" /><node id="8155467793" lat="25.3625274" lon="51.5533099" /><node id="8155467794" lat="25.3622193" lon="51.5534514" /><node id="8155467795" lat="25.3621006" lon="51.5533414" /><node id="8155467796" lat="25.3621954" lon="51.5532160" /><node id="8155467797" lat="25.3623142" lon="51.5533259" /><node id="8155467798" lat="25.3618844" lon="51.5531326" /><node id="8155467799" lat="25.3619862" lon="51.5533043" /><node id="8155467800" lat="25.3621300" lon="51.5531999" /><node id="8155467801" lat="25.3620282" lon="51.5530282" /><node id="8155467802" lat="25.3619078" lon="51.5528464" /><node id="8155467803" lat="25.3619175" lon="51.5529805" /><node id="8155467804" lat="25.3619845" lon="51.5529746" /><node id="8155467805" lat="25.3619748" lon="51.5528405" /><node id="8155467806" lat="25.3618688" lon="51.5525257" /><node id="8155467807" lat="25.3618325" lon="51.5526786" /><node id="8155467808" lat="25.3620476" lon="51.5527412" /><node id="8155467809" lat="25.3620839" lon="51.5525883" /><node id="8155467810" lat="25.3624454" lon="51.5522364" /><node id="8155467811" lat="25.3624769" lon="51.5524107" /><node id="8155467812" lat="25.3626195" lon="51.5523791" /><node id="8155467813" lat="25.3625880" lon="51.5522048" /><node id="8155467814" lat="25.3626587" lon="51.5522875" /><node id="8155467815" lat="25.3626902" lon="51.5524109" /><node id="8155467816" lat="25.3628861" lon="51.5523496" /><node id="8155467817" lat="25.3628546" lon="51.5522262" /><node id="8155467818" lat="25.3629797" lon="51.5522804" /><node id="8155467819" lat="25.3630331" lon="51.5524695" /><node id="8155467820" lat="25.3631782" lon="51.5524194" /><node id="8155467821" lat="25.3631249" lon="51.5522303" /><node id="8155467822" lat="25.3632163" lon="51.5522594" /><node id="8155467823" lat="25.3632768" lon="51.5524753" /><node id="8155467824" lat="25.3634084" lon="51.5524301" /><node id="8155467825" lat="25.3633479" lon="51.5522142" /><node id="8155467826" lat="25.3634656" lon="51.5522145" /><node id="8155467827" lat="25.3635311" lon="51.5523848" /><node id="8155467828" lat="25.3636714" lon="51.5523188" /><node id="8155467829" lat="25.3636060" lon="51.5521485" /><node id="8155467830" lat="25.3637959" lon="51.5520028" /><node id="8155467831" lat="25.3636736" lon="51.5521087" /><node id="8155467832" lat="25.3637841" lon="51.5522651" /><node id="8155467833" lat="25.3639065" lon="51.5521592" /><node id="8155467834" lat="25.3639083" lon="51.5517945" /><node id="8155467835" lat="25.3638319" lon="51.5519232" /><node id="8155467836" lat="25.3639962" lon="51.5520425" /><node id="8155467837" lat="25.3640725" lon="51.5519138" /><node id="8155467838" lat="25.3637517" lon="51.5508164" /><node id="8155467839" lat="25.3636354" lon="51.5509987" /><node id="8155467840" lat="25.3637526" lon="51.5510903" /><node id="8155467841" lat="25.3638689" lon="51.5509079" /><node id="8155467842" lat="25.3629964" lon="51.5503541" /><node id="8155467843" lat="25.3631164" lon="51.5503621" /><node id="8155467844" lat="25.3632519" lon="51.5501775" /><node id="8155467845" lat="25.3633004" lon="51.5502982" /><node id="8155467846" lat="25.3633939" lon="51.5502521" /><node id="8155467847" lat="25.3633454" lon="51.5501314" /><node id="8155467848" lat="25.3629553" lon="51.5501302" /><node id="8155467849" lat="25.3631395" lon="51.5506694" /><node id="8155467850" lat="25.3632437" lon="51.5505928" /><node id="8155467851" lat="25.3630704" lon="51.5501248" /><node id="8155467852" lat="25.3627785" lon="51.5475367" /><node id="8155467853" lat="25.3626767" lon="51.5476493" /><node id="8155467854" lat="25.3627724" lon="51.5477553" /><node id="8155467855" lat="25.3628742" lon="51.5476426" /><node id="8155467856" lat="25.3629280" lon="51.5476280" /><node id="8155467857" lat="25.3627656" lon="51.5478051" /><node id="8155467858" lat="25.3628619" lon="51.5479133" /><node id="8155467859" lat="25.3630243" lon="51.5477362" /><node id="8155467860" lat="25.3631343" lon="51.5477066" /><node id="8155467861" lat="25.3630471" lon="51.5478461" /><node id="8155467862" lat="25.3631697" lon="51.5479401" /><node id="8155467863" lat="25.3632570" lon="51.5478006" /><node id="8155467864" lat="25.3632780" lon="51.5478733" /><node id="8155467865" lat="25.3632053" lon="51.5480208" /><node id="8155467866" lat="25.3633248" lon="51.5480930" /><node id="8155467867" lat="25.3633975" lon="51.5479454" /><node id="8155467868" lat="25.3635676" lon="51.5482678" /><node id="8155467869" lat="25.3634270" lon="51.5481686" /><node id="8155467870" lat="25.3634969" lon="51.5480474" /><node id="8155467871" lat="25.3636375" lon="51.5481466" /><node id="8155467872" lat="25.3636025" lon="51.5483539" /><node id="8155467873" lat="25.3636825" lon="51.5485524" /><node id="8155467874" lat="25.3638362" lon="51.5484765" /><node id="8155467875" lat="25.3637562" lon="51.5482780" /><node id="8155467876" lat="25.3640319" lon="51.5479090" /><node id="8155467877" lat="25.3638935" lon="51.5477668" /><node id="8155467878" lat="25.3639779" lon="51.5476667" /><node id="8155467879" lat="25.3641237" lon="51.5477905" /><node id="8155467880" lat="25.3641907" lon="51.5481320" /><node id="8155467881" lat="25.3640844" lon="51.5479745" /><node id="8155467882" lat="25.3642016" lon="51.5478797" /><node id="8155467883" lat="25.3642941" lon="51.5480412" /><node id="8155467884" lat="25.3642310" lon="51.5482155" /><node id="8155467885" lat="25.3643013" lon="51.5483845" /><node id="8155467886" lat="25.3643991" lon="51.5483401" /><node id="8155467888" lat="25.3643229" lon="51.5484584" /><node id="8155467889" lat="25.3643447" lon="51.5486488" /><node id="8155467890" lat="25.3644640" lon="51.5486321" /><node id="8155467891" lat="25.3644422" lon="51.5484416" /><node id="8155467892" lat="25.3643281" lon="51.5489854" /><node id="8155467893" lat="25.3642869" lon="51.5491758" /><node id="8155467894" lat="25.3644144" lon="51.5492159" /><node id="8155467895" lat="25.3644611" lon="51.5490234" /><node id="8155467896" lat="25.3643681" lon="51.5487369" /><node id="8155467897" lat="25.3643597" lon="51.5489219" /><node id="8155467898" lat="25.3644807" lon="51.5489292" /><node id="8155467899" lat="25.3644910" lon="51.5487371" /><node id="8155467900" lat="25.3642646" lon="51.5492354" /><node id="8155467901" lat="25.3641706" lon="51.5494131" /><node id="8155467902" lat="25.3642989" lon="51.5494998" /><node id="8155467903" lat="25.3643938" lon="51.5493242" /><node id="8155467907" lat="25.3641433" lon="51.5494967" /><node id="8155467908" lat="25.3640476" lon="51.5496348" /><node id="8155467909" lat="25.3641309" lon="51.5497055" /><node id="8155467910" lat="25.3642266" lon="51.5495673" /><node id="8155467911" lat="25.3639542" lon="51.5497326" /><node id="8155467912" lat="25.3638861" lon="51.5498445" /><node id="8155467913" lat="25.3639964" lon="51.5499211" /><node id="8155467914" lat="25.3640820" lon="51.5498245" /><node id="8155467915" lat="25.3638753" lon="51.5500406" /><node id="8155467916" lat="25.3638789" lon="51.5501626" /><node id="8155467917" lat="25.3639910" lon="51.5501585" /><node id="8155467918" lat="25.3639873" lon="51.5500365" /><node id="8155467919" lat="25.3640157" lon="51.5504600" /><node id="8155467920" lat="25.3639381" lon="51.5503527" /><node id="8155467921" lat="25.3640123" lon="51.5502870" /><node id="8155467922" lat="25.3640899" lon="51.5503943" /><node id="8155467923" lat="25.3641700" lon="51.5505978" /><node id="8155467924" lat="25.3640985" lon="51.5505227" /><node id="8155467925" lat="25.3641779" lon="51.5504302" /><node id="8155467926" lat="25.3642494" lon="51.5505053" /><node id="8155467927" lat="25.3663098" lon="51.5511882" /><node id="8155467928" lat="25.3663676" lon="51.5512836" /><node id="8155467929" lat="25.3664824" lon="51.5512117" /><node id="8155467930" lat="25.3664261" lon="51.5511147" /><node id="8432973645" lat="25.3810872" lon="51.5497479" /><node id="8432973649" lat="25.3811211" lon="51.5497418" /><node id="8432973653" lat="25.3813895" lon="51.5498813" /><node id="8463304750" lat="25.3724357" lon="51.5563550" /><node id="8463304751" lat="25.3723784" lon="51.5563653" /><node id="8463304752" lat="25.3724091" lon="51.5566387" /><node id="8463304753" lat="25.3724801" lon="51.5566257" /><node id="8463304754" lat="25.3725110" lon="51.5568868" /><node id="8463304755" lat="25.3724390" lon="51.5568961" /><node id="8463304756" lat="25.3720451" lon="51.5557357" /><node id="8465442075" lat="25.3726443" lon="51.5419015" /><node id="8465442076" lat="25.3720947" lon="51.5422419" /><node id="8465442077" lat="25.3721431" lon="51.5423600" /><node id="8465442078" lat="25.3727160" lon="51.5420418" /><node id="8478066441" lat="25.3761321" lon="51.5453882" /><node id="8478066442" lat="25.3760819" lon="51.5458600" /><node id="8478066443" lat="25.3764629" lon="51.5459180" /><node id="8478066444" lat="25.3764799" lon="51.5457213" /><node id="8478066445" lat="25.3763415" lon="51.5457057" /><node id="8478066446" lat="25.3763721" lon="51.5454196" /><node id="8478066447" lat="25.3767154" lon="51.5457550" /><node id="8478066448" lat="25.3767488" lon="51.5454938" /><node id="8478066449" lat="25.3769539" lon="51.5455259" /><node id="8478066450" lat="25.3768952" lon="51.5459852" /><node id="8478066453" lat="25.3756729" lon="51.5424067" /><node id="8478066454" lat="25.3753239" lon="51.5424453" /><node id="8478066455" lat="25.3753698" lon="51.5430205" /><node id="8478066456" lat="25.3756196" lon="51.5429900" /><node id="8478066457" lat="25.3755902" lon="51.5427034" /><node id="8478066458" lat="25.3756949" lon="51.5426892" /><node id="8478066459" lat="25.3758167" lon="51.5430035" /><node id="8478066460" lat="25.3759940" lon="51.5429860" /><node id="8478066461" lat="25.3759513" lon="51.5424568" /><node id="8478066462" lat="25.3757740" lon="51.5424743" /><node id="8478066463" lat="25.3759962" lon="51.5430158" /><node id="8478066464" lat="25.3758192" lon="51.5430267" /><node id="8478066465" lat="25.3758540" lon="51.5434519" /><node id="8478066466" lat="25.3760293" lon="51.5434323" /><node id="8478066471" lat="25.3756206" lon="51.5430483" /><node id="8478066472" lat="25.3753836" lon="51.5430687" /><node id="8478066473" lat="25.3754149" lon="51.5435687" /><node id="8478066474" lat="25.3757914" lon="51.5435545" /><node id="8478066475" lat="25.3757895" lon="51.5433736" /><node id="8478066476" lat="25.3756408" lon="51.5433756" /><node id="8478806853" lat="25.3770949" lon="51.5494218" /><node id="8478806858" lat="25.3765780" lon="51.5442642" /><node id="8478806859" lat="25.3765813" lon="51.5442631" /><node id="8478806860" lat="25.3765841" lon="51.5442609" /><node id="8478806861" lat="25.3765860" lon="51.5442577" /><node id="8478806862" lat="25.3765869" lon="51.5442540" /><node id="8478806863" lat="25.3765866" lon="51.5442502" /><node id="8478806864" lat="25.3765852" lon="51.5442467" /><node id="8478806865" lat="25.3765831" lon="51.5442442" /><node id="8478806866" lat="25.3765803" lon="51.5442425" /><node id="8478806867" lat="25.3765772" lon="51.5442418" /><node id="8478806868" lat="25.3765741" lon="51.5442422" /><node id="8478806869" lat="25.3765712" lon="51.5442436" /><node id="8478806870" lat="25.3765689" lon="51.5442460" /><node id="8478806871" lat="25.3765673" lon="51.5442490" /><node id="8478806872" lat="25.3765666" lon="51.5442528" /><node id="8478806873" lat="25.3765672" lon="51.5442566" /><node id="8478806874" lat="25.3765688" lon="51.5442599" /><node id="8478806875" lat="25.3765713" lon="51.5442625" /><node id="8478806876" lat="25.3765745" lon="51.5442640" /><node id="8478806877" lat="25.3780708" lon="51.5478449" /><node id="8479029691" lat="25.3795581" lon="51.5447362" /><node id="8479029692" lat="25.3795805" lon="51.5447080" /><node id="8479029693" lat="25.3796175" lon="51.5446671" /><node id="8479029694" lat="25.3799010" lon="51.5438338" /><node id="8479029695" lat="25.3798822" lon="51.5438189" /><node id="8479029696" lat="25.3798501" lon="51.5437954" /><node id="8479029699" lat="25.3786605" lon="51.5434558" /><node id="8479029700" lat="25.3786760" lon="51.5434430" /><node id="8479029701" lat="25.3787360" lon="51.5433005" /><node id="8479029702" lat="25.3787232" lon="51.5432630" /><node id="8479029703" lat="25.3786845" lon="51.5432261" /><node id="8479029708" lat="25.3785045" lon="51.5426400" /><node id="8479029709" lat="25.3785445" lon="51.5426256" /><node id="8479029710" lat="25.3785560" lon="51.5426199" /><node id="8479029711" lat="25.3785615" lon="51.5426092" /><node id="8479029712" lat="25.3785554" lon="51.5425884" /><node id="8479029713" lat="25.3785409" lon="51.5425824" /><node id="8479029714" lat="25.3776836" lon="51.5425596" /><node id="8479029715" lat="25.3776972" lon="51.5425348" /><node id="8479029716" lat="25.3777051" lon="51.5425086" /><node id="8479044817" lat="25.3777063" lon="51.5424902" /><node id="8479044818" lat="25.3777060" lon="51.5424804" /><node id="8479044819" lat="25.3776573" lon="51.5423487" /><node id="8479044820" lat="25.3776203" lon="51.5423219" /><node id="8479044821" lat="25.3775691" lon="51.5423121" /><node id="8479044822" lat="25.3775297" lon="51.5423081" /><node id="8479918279" lat="25.3782435" lon="51.5463445" /><node id="8479918280" lat="25.3781883" lon="51.5463340" /><node id="8479918283" lat="25.3809509" lon="51.5482485" /><node id="8479918284" lat="25.3813435" lon="51.5483505" /><node id="8479918285" lat="25.3817039" lon="51.5493295" /><node id="8479918286" lat="25.3816488" lon="51.5495715" /><node id="8479918287" lat="25.3815619" lon="51.5498287" /><node id="8479918288" lat="25.3814465" lon="51.5500684" /><node id="8479918289" lat="25.3814216" lon="51.5500892" /><node id="8479918290" lat="25.3813986" lon="51.5500865" /><node id="8479918291" lat="25.3813762" lon="51.5500771" /><node id="8479918292" lat="25.3813520" lon="51.5500597" /><node id="8479918293" lat="25.3797053" lon="51.5497512" /><node id="8479918294" lat="25.3796853" lon="51.5497271" /><node id="8479918295" lat="25.3794896" lon="51.5493040" /><node id="8479918296" lat="25.3794278" lon="51.5492517" /><node id="8479918297" lat="25.3791891" lon="51.5491846" /><node id="8479918298" lat="25.3790837" lon="51.5491672" /><node id="8479918299" lat="25.3787281" lon="51.5489211" /><node id="8479918300" lat="25.3786136" lon="51.5487474" /><node id="8479918301" lat="25.3793627" lon="51.5490519" /><node id="8479918302" lat="25.3793824" lon="51.5489975" /><node id="8479918303" lat="25.3807060" lon="51.5470213" /><node id="8480121047" lat="25.3808906" lon="51.5459353" /><node id="8480121050" lat="25.3809082" lon="51.5459576" /><node id="8480121051" lat="25.3808067" lon="51.5458580" /><node id="8480121052" lat="25.3808703" lon="51.5459096" /><node id="8480121053" lat="25.3809251" lon="51.5459965" /><node id="8480121054" lat="25.3809300" lon="51.5460173" /><node id="8480121055" lat="25.3809339" lon="51.5460411" /><node id="8480121056" lat="25.3797477" lon="51.5453095" /><node id="8480121057" lat="25.3797241" lon="51.5453015" /><node id="8480121058" lat="25.3797005" lon="51.5452921" /><node id="8480121059" lat="25.3796774" lon="51.5452666" /><node id="8480121060" lat="25.3796465" lon="51.5452203" /><node id="8483504984" lat="25.3769939" lon="51.5504631" /><node id="8483504985" lat="25.3771323" lon="51.5504935" /><node id="8483504986" lat="25.3771212" lon="51.5504933" /><node id="8486054173" lat="25.3763274" lon="51.5437821" /><node id="8486054174" lat="25.3763284" lon="51.5438157" /><node id="8486054175" lat="25.3763100" lon="51.5438177" /><node id="8486054176" lat="25.3762971" lon="51.5442181" /><node id="8486054177" lat="25.3764808" lon="51.5442232" /><node id="8486054178" lat="25.3764849" lon="51.5441353" /><node id="8486054179" lat="25.3765033" lon="51.5441363" /><node id="8486054180" lat="25.3765074" lon="51.5440632" /><node id="8486054181" lat="25.3765478" lon="51.5440637" /><node id="8486054182" lat="25.3765538" lon="51.5439437" /><node id="8486054183" lat="25.3765074" lon="51.5439432" /><node id="8486054184" lat="25.3765125" lon="51.5437897" /><node id="8486054185" lat="25.3765140" lon="51.5442559" /><node id="8486054186" lat="25.3763073" lon="51.5442477" /><node id="8486054187" lat="25.3762901" lon="51.5447771" /><node id="8486054188" lat="25.3767817" lon="51.5447967" /><node id="8486054189" lat="25.3767879" lon="51.5446040" /><node id="8486054190" lat="25.3765032" lon="51.5445928" /><node id="8486916855" lat="25.3762712" lon="51.5448764" /><node id="8486916856" lat="25.3762722" lon="51.5448284" /><node id="8486916857" lat="25.3762699" lon="51.5449190" /><node id="8489826746" lat="25.3711466" lon="51.5478000" /><node id="8489939528" lat="25.3717153" lon="51.5464637" /><node id="8489939529" lat="25.3718992" lon="51.5466411" /><node id="8489939530" lat="25.3716934" lon="51.5468388" /><node id="8489939531" lat="25.3716182" lon="51.5467349" /><node id="8489939532" lat="25.3716567" lon="51.5466984" /><node id="8489939533" lat="25.3716810" lon="51.5466537" /><node id="8489939534" lat="25.3716764" lon="51.5465952" /><node id="8489939535" lat="25.3716408" lon="51.5465312" /><node id="8489939536" lat="25.3717438" lon="51.5465000" /><node id="8489939537" lat="25.3717747" lon="51.5464751" /><node id="8489939538" lat="25.3714694" lon="51.5470540" /><node id="8523515225" lat="25.3670359" lon="51.5517524" /><node id="8523515226" lat="25.3688775" lon="51.5522536" /><node id="8523515227" lat="25.3688072" lon="51.5522402" /><node id="8523515228" lat="25.3687660" lon="51.5522617" /><node id="8523515229" lat="25.3687006" lon="51.5522536" /><node id="8523515230" lat="25.3686473" lon="51.5522375" /><node id="8523515231" lat="25.3685770" lon="51.5522054" /><node id="8523515232" lat="25.3685528" lon="51.5521812" /><node id="8523515233" lat="25.3684413" lon="51.5521705" /><node id="8523515234" lat="25.3683274" lon="51.5527338" /><node id="8523515235" lat="25.3688436" lon="51.5528571" /><node id="8523515236" lat="25.3689478" lon="51.5523153" /><node id="8523515237" lat="25.3688702" lon="51.5522992" /><node id="8523515238" lat="25.3692248" lon="51.5504258" /><node id="8523515239" lat="25.3691405" lon="51.5504192" /><node id="8523515240" lat="25.3691243" lon="51.5504781" /><node id="8523515241" lat="25.3690175" lon="51.5503924" /><node id="8523515242" lat="25.3689703" lon="51.5503810" /><node id="8523515243" lat="25.3688972" lon="51.5503892" /><node id="8523515244" lat="25.3688343" lon="51.5504135" /><node id="8523515245" lat="25.3687812" lon="51.5504079" /><node id="8523515246" lat="25.3686765" lon="51.5503173" /><node id="8523515247" lat="25.3692764" lon="51.5500043" /><node id="8523515248" lat="25.3687510" lon="51.5498996" /><node id="8523515249" lat="25.3686877" lon="51.5502918" /><node id="8523515250" lat="25.3687890" lon="51.5503175" /><node id="8523515251" lat="25.3687932" lon="51.5503782" /><node id="8523515252" lat="25.3688346" lon="51.5503846" /><node id="8523515253" lat="25.3688770" lon="51.5503678" /><node id="8523515254" lat="25.3689273" lon="51.5503591" /><node id="8523515255" lat="25.3689739" lon="51.5503537" /><node id="8523515256" lat="25.3690188" lon="51.5503658" /><node id="8523515257" lat="25.3690581" lon="51.5503960" /><node id="8523515258" lat="25.3690903" lon="51.5504248" /><node id="8523515259" lat="25.3691193" lon="51.5504355" /><node id="8523515260" lat="25.3691351" lon="51.5503966" /><node id="8523515261" lat="25.3692169" lon="51.5504047" /><node id="8523515262" lat="25.3682156" lon="51.5526213" /><node id="8523515263" lat="25.3681444" lon="51.5526072" /><node id="8524123471" lat="25.3702584" lon="51.5522885" /><node id="8524123472" lat="25.3700909" lon="51.5524916" /><node id="8524123473" lat="25.3700279" lon="51.5524279" /><node id="8524123474" lat="25.3698793" lon="51.5522773" /><node id="8524123475" lat="25.3698930" lon="51.5523179" /><node id="8524123476" lat="25.3699150" lon="51.5523578" /><node id="8524123477" lat="25.3699407" lon="51.5523937" /><node id="8524123478" lat="25.3699737" lon="51.5524194" /><node id="8524123479" lat="25.3699999" lon="51.5524287" /><node id="8524420132" lat="25.3640421" lon="51.5498957" /><node id="8524420133" lat="25.3640147" lon="51.5498845" /><node id="8524420137" lat="25.3659172" lon="51.5513713" /><node id="8524420138" lat="25.3657928" lon="51.5513659" /><node id="8524420139" lat="25.3657887" lon="51.5514568" /><node id="8524420140" lat="25.3659139" lon="51.5514645" /><node id="8524420141" lat="25.3660019" lon="51.5514791" /><node id="8524420142" lat="25.3658775" lon="51.5514737" /><node id="8524420143" lat="25.3658733" lon="51.5515646" /><node id="8524420144" lat="25.3659986" lon="51.5515723" /><node id="8524420145" lat="25.3660228" lon="51.5515839" /><node id="8524420146" lat="25.3658984" lon="51.5515785" /><node id="8524420147" lat="25.3658942" lon="51.5516694" /><node id="8524420148" lat="25.3660195" lon="51.5516771" /><node id="8524420149" lat="25.3660339" lon="51.5516825" /><node id="8524420150" lat="25.3659095" lon="51.5516771" /><node id="8524420151" lat="25.3659053" lon="51.5517680" /><node id="8524420152" lat="25.3660306" lon="51.5517757" /><node id="8524420153" lat="25.3660506" lon="51.5517841" /><node id="8524420154" lat="25.3659262" lon="51.5517788" /><node id="8524420155" lat="25.3659220" lon="51.5518696" /><node id="8524420156" lat="25.3660473" lon="51.5518773" /><node id="8524420157" lat="25.3660423" lon="51.5518874" /><node id="8524420158" lat="25.3659178" lon="51.5518820" /><node id="8524420159" lat="25.3659137" lon="51.5519729" /><node id="8524420160" lat="25.3660390" lon="51.5519806" /><node id="8524420161" lat="25.3660255" lon="51.5519906" /><node id="8524420162" lat="25.3659011" lon="51.5519852" /><node id="8524420163" lat="25.3658970" lon="51.5520761" /><node id="8524420164" lat="25.3660222" lon="51.5520838" /><node id="8524420165" lat="25.3660088" lon="51.5520938" /><node id="8524420166" lat="25.3658844" lon="51.5520884" /><node id="8524420167" lat="25.3658803" lon="51.5521793" /><node id="8524420168" lat="25.3660055" lon="51.5521870" /><node id="8537888968" lat="25.3646485" lon="51.5433737" /><node id="8537888969" lat="25.3645292" lon="51.5432593" /><node id="8537888970" lat="25.3645765" lon="51.5430598" /><node id="8603057752" lat="25.3771877" lon="51.5455988" /><node id="8663065717" lat="25.3826617" lon="51.5467304" /><node id="8663065718" lat="25.3824703" lon="51.5474921" /><node id="8663065719" lat="25.3823395" lon="51.5483773" /><node id="8663065720" lat="25.3823306" lon="51.5488357" /><node id="8663065721" lat="25.3822861" lon="51.5496352" /><node id="8663065722" lat="25.3821989" lon="51.5499812" /><node id="8663065723" lat="25.3816669" lon="51.5577824" /><node id="8663065724" lat="25.3831270" lon="51.5516791" /><node id="8663065725" lat="25.3832530" lon="51.5508530" /><node id="8663065726" lat="25.3831246" lon="51.5486321" /><node id="8663065727" lat="25.3834844" lon="51.5484028" /><node id="8663065728" lat="25.3830858" lon="51.5465180" /><node id="8663065732" lat="25.3834321" lon="51.5449048" /><node id="8678398930" lat="25.3777266" lon="51.5457125" /><node id="8678398931" lat="25.3778317" lon="51.5456396" /><node id="8678398932" lat="25.3778195" lon="51.5458545" /><node id="8720813130" lat="25.3696154" lon="51.5572004" /><node id="8720813131" lat="25.3680546" lon="51.5571991" /><node id="8732660506" lat="25.3702160" lon="51.5406917" /><node id="8732660507" lat="25.3703199" lon="51.5407296" /><node id="8732660508" lat="25.3703510" lon="51.5404300" /><node id="8732660509" lat="25.3704047" lon="51.5404507" /><node id="8732956697" lat="25.3715658" lon="51.5405523" /><node id="8732956704" lat="25.3717412" lon="51.5407018" /><node id="8732964578" lat="25.3729555" lon="51.5452910" /><node id="8732964611" lat="25.3729594" lon="51.5452802" /><node id="8943330446" lat="25.3658794" lon="51.5412634" /><node id="8943330447" lat="25.3657170" lon="51.5412647" /><node id="8943330448" lat="25.3657248" lon="51.5412909" /><node id="8943330449" lat="25.3657467" lon="51.5413197" /><node id="8943330450" lat="25.3657679" lon="51.5413284" /><node id="8943330451" lat="25.3657909" lon="51.5413197" /><node id="8943330452" lat="25.3657067" lon="51.5412513" /><node id="8943330453" lat="25.3651941" lon="51.5410669" /><node id="8943359951" lat="25.3767742" lon="51.5557064" /><node id="8943359952" lat="25.3757213" lon="51.5614772" /><node id="8943359953" lat="25.3710634" lon="51.5640038" /><node id="8943359954" lat="25.3609666" lon="51.5698564" /><node id="8943359955" lat="25.3590494" lon="51.5702520" /><node id="8943359956" lat="25.3585828" lon="51.5704881" /><node id="8943359957" lat="25.3586289" lon="51.5704800" /><node id="8943359958" lat="25.3563596" lon="51.5668724" /><node id="8943359959" lat="25.3566874" lon="51.5662931" /><node id="8943359960" lat="25.3567517" lon="51.5657137" /><node id="8943359961" lat="25.3567323" lon="51.5656534" /><node id="8943359962" lat="25.3567347" lon="51.5655488" /><node id="8943359963" lat="25.3567601" lon="51.5654938" /><node id="8943359964" lat="25.3568353" lon="51.5652014" /><node id="8943359965" lat="25.3568086" lon="51.5651364" /><node id="8943359966" lat="25.3575036" lon="51.5644632" /><node id="8943359967" lat="25.3575430" lon="51.5644383" /><node id="8943359968" lat="25.3576194" lon="51.5645188" /><node id="8943359969" lat="25.3577321" lon="51.5646073" /><node id="8943359970" lat="25.3580544" lon="51.5646154" /><node id="8943359971" lat="25.3579781" lon="51.5644665" /><node id="8943359972" lat="25.3580169" lon="51.5644665" /><node id="8943359973" lat="25.3584120" lon="51.5646663" /><node id="8943359974" lat="25.3584507" lon="51.5647012" /><node id="8943359975" lat="25.3584616" lon="51.5647522" /><node id="8943359976" lat="25.3595245" lon="51.5641922" /><node id="8943359977" lat="25.3595051" lon="51.5641507" /><node id="8943359978" lat="25.3597596" lon="51.5637483" /><node id="8943359979" lat="25.3601692" lon="51.5634915" /><node id="8943359980" lat="25.3601928" lon="51.5634929" /><node id="8943359981" lat="25.3610599" lon="51.5626439" /><node id="8943359982" lat="25.3610417" lon="51.5626037" /><node id="8943359983" lat="25.3610350" lon="51.5620820" /><node id="8943359984" lat="25.3610472" lon="51.5620009" /><node id="8943359985" lat="25.3612320" lon="51.5607134" /><node id="8943359986" lat="25.3610581" lon="51.5606363" /><node id="8943359987" lat="25.3610375" lon="51.5606075" /><node id="8943359988" lat="25.3608018" lon="51.5602407" /><node id="8943359989" lat="25.3607836" lon="51.5601924" /><node id="8943359990" lat="25.3607436" lon="51.5597351" /><node id="8943359991" lat="25.3612550" lon="51.5582371" /><node id="8943359992" lat="25.3607509" lon="51.5576886" /><node id="8943359993" lat="25.3653874" lon="51.5550922" /><node id="8943359994" lat="25.3633836" lon="51.5540240" /><node id="8943359995" lat="25.3634957" lon="51.5540890" /><node id="8943359996" lat="25.3635920" lon="51.5541923" /><node id="8943359997" lat="25.3625335" lon="51.5517984" /><node id="8943359998" lat="25.3619536" lon="51.5494562" /><node id="8943359999" lat="25.3619476" lon="51.5494113" /><node id="8943360000" lat="25.3617288" lon="51.5431134" /><node id="8943360001" lat="25.3616997" lon="51.5430115" /><node id="8943536459" lat="25.3786339" lon="51.5434967" /><node id="8943536460" lat="25.3798725" lon="51.5439643" /><node id="8943536461" lat="25.3799190" lon="51.5438629" /><node id="8943536462" lat="25.3798848" lon="51.5439575" /><node id="8943536463" lat="25.3799038" lon="51.5439450" /><node id="8943536464" lat="25.3799176" lon="51.5439107" /><node id="8943536465" lat="25.3799220" lon="51.5438881" /><node id="8943536466" lat="25.3812938" lon="51.5498096" /><node id="8943536467" lat="25.3811720" lon="51.5497566" /><node id="8943572236" lat="25.3569734" lon="51.5650392" /><node id="8943572237" lat="25.3568135" lon="51.5651773" /><node id="8943572238" lat="25.3568238" lon="51.5650935" /><node id="8943572239" lat="25.3568535" lon="51.5650673" /><node id="8943572242" lat="25.3727899" lon="51.5321351" /><node id="8943572243" lat="25.3732510" lon="51.5323967" /><node id="8943572244" lat="25.3733505" lon="51.5324000" /><node id="8943572245" lat="25.3733949" lon="51.5323459" /><node id="8943572246" lat="25.3755298" lon="51.5323967" /><node id="8943572247" lat="25.3760072" lon="51.5333435" /><node id="8943572248" lat="25.3761708" lon="51.5336211" /><node id="8943572249" lat="25.3762702" lon="51.5338035" /><node id="8943572250" lat="25.3763114" lon="51.5338652" /><node id="8943572284" lat="25.3804728" lon="51.5387563" /><node id="8943572285" lat="25.3806259" lon="51.5391700" /><node id="8943572286" lat="25.3807755" lon="51.5395764" /><node id="8943572289" lat="25.3809744" lon="51.5399369" /><node id="8943572290" lat="25.3825463" lon="51.5417845" /><node id="8943572291" lat="25.3830575" lon="51.5465011" /><node id="8943572292" lat="25.3832408" lon="51.5461637" /><node id="8943572293" lat="25.3834163" lon="51.5459861" /><node id="8943572294" lat="25.3835112" lon="51.5458204" /><node id="8943572295" lat="25.3835635" lon="51.5456733" /><node id="8943572296" lat="25.3835841" lon="51.5455107" /><node id="8943572297" lat="25.3835781" lon="51.5454074" /><node id="8943572298" lat="25.3830078" lon="51.5473232" /><node id="8943572299" lat="25.3828736" lon="51.5472440" /><node id="8943572300" lat="25.3828418" lon="51.5471289" /><node id="8943572301" lat="25.3828981" lon="51.5469690" /><node id="8943572302" lat="25.3831288" lon="51.5476223" /><node id="8943572303" lat="25.3835220" lon="51.5475284" /><node id="8943572304" lat="25.3835674" lon="51.5473849" /><node id="8943572305" lat="25.3834954" lon="51.5474124" /><node id="8943572306" lat="25.3835002" lon="51.5473882" /><node id="8943572307" lat="25.3835178" lon="51.5473641" /><node id="8943572308" lat="25.3835384" lon="51.5473607" /><node id="8943572309" lat="25.3835523" lon="51.5473647" /><node id="8943572310" lat="25.3836141" lon="51.5475458" /><node id="8943572311" lat="25.3836650" lon="51.5478086" /><node id="8943572312" lat="25.3837264" lon="51.5481065" /><node id="8943572313" lat="25.3838240" lon="51.5484741" /><node id="8943572314" lat="25.3835608" lon="51.5483826" /><node id="8943572315" lat="25.3826739" lon="51.5481935" /><node id="8943572316" lat="25.3826254" lon="51.5482298" /><node id="8943589317" lat="25.3825854" lon="51.5483008" /><node id="8943589318" lat="25.3825878" lon="51.5486589" /><node id="8943589319" lat="25.3826109" lon="51.5487099" /><node id="8943589320" lat="25.3826630" lon="51.5487488" /><node id="8943589321" lat="25.3830798" lon="51.5486294" /><node id="8943589322" lat="25.3827138" lon="51.5487541" /><node id="8943589323" lat="25.3831622" lon="51.5490518" /><node id="8943589324" lat="25.3834227" lon="51.5490787" /><node id="8943589325" lat="25.3834263" lon="51.5491538" /><node id="8943589326" lat="25.3836271" lon="51.5492870" /><node id="8943589327" lat="25.3836617" lon="51.5501116" /><node id="8943589328" lat="25.3830816" lon="51.5497447" /><node id="8943589329" lat="25.3831353" lon="51.5497787" /><node id="8943589330" lat="25.3830059" lon="51.5496969" /><node id="8943589331" lat="25.3827272" lon="51.5494877" /><node id="8943589332" lat="25.3826399" lon="51.5494931" /><node id="8943589333" lat="25.3824388" lon="51.5500000" /><node id="8943589334" lat="25.3824485" lon="51.5501234" /><node id="8943589335" lat="25.3824945" lon="51.5501824" /><node id="8943589336" lat="25.3825648" lon="51.5501958" /><node id="8943589337" lat="25.3828071" lon="51.5501636" /><node id="8943589338" lat="25.3829332" lon="51.5501609" /><node id="8943589339" lat="25.3825648" lon="51.5495333" /><node id="8943589340" lat="25.3830107" lon="51.5501904" /><node id="8943589341" lat="25.3829501" lon="51.5505794" /><node id="8943589342" lat="25.3831197" lon="51.5506276" /><node id="8943589343" lat="25.3831828" lon="51.5506732" /><node id="8943589344" lat="25.3834428" lon="51.5509338" /><node id="8943589345" lat="25.3834205" lon="51.5514584" /><node id="8943589346" lat="25.3834126" lon="51.5517506" /><node id="8943589347" lat="25.3832235" lon="51.5516911" /><node id="8943589348" lat="25.3828532" lon="51.5514028" /><node id="8943589349" lat="25.3824000" lon="51.5508154" /><node id="8943589350" lat="25.3823395" lon="51.5507859" /><node id="8943589351" lat="25.3822279" lon="51.5507645" /><node id="8943589352" lat="25.3828501" lon="51.5578697" /><node id="8943589353" lat="25.3821359" lon="51.5502012" /><node id="8943589354" lat="25.3820535" lon="51.5504292" /><node id="8943589355" lat="25.3823225" lon="51.5492892" /><node id="8943589356" lat="25.3823916" lon="51.5479146" /><node id="8943589357" lat="25.3825297" lon="51.5471770" /><node id="8943589358" lat="25.3825660" lon="51.5470348" /><node id="8943589359" lat="25.3825927" lon="51.5469061" /><node id="8943589360" lat="25.3828180" lon="51.5464421" /><node id="8943589361" lat="25.3799864" lon="51.5418354" /><node id="8943589362" lat="25.3796411" lon="51.5414746" /><node id="8943589363" lat="25.3794648" lon="51.5413365" /><node id="8943589364" lat="25.3794042" lon="51.5412841" /><node id="8943589365" lat="25.3793303" lon="51.5412231" /><node id="8943589366" lat="25.3792206" lon="51.5411125" /><node id="8943589367" lat="25.3791479" lon="51.5410548" /><node id="8943589368" lat="25.3758586" lon="51.5402579" /><node id="8943589372" lat="25.3758733" lon="51.5412117" /><node id="8943589373" lat="25.3760418" lon="51.5413023" /><node id="8943589374" lat="25.3763629" lon="51.5416979" /><node id="9412926283" lat="25.3764938" lon="51.5384417" /><node id="9412926284" lat="25.3763380" lon="51.5381755" /><node id="9412926285" lat="25.3756980" lon="51.5386319" /><node id="9412926287" lat="25.3766009" lon="51.5383666" /><node id="9412926288" lat="25.3764483" lon="51.5380910" /><node id="9472366305" lat="25.3724450" lon="51.5481364" /><node id="9500693602" lat="25.3741663" lon="51.5429667" /><node id="9500693603" lat="25.3741532" lon="51.5428967" /><node id="9500693604" lat="25.3741767" lon="51.5430653" /><node id="9500693612" lat="25.3749296" lon="51.5411846" /><node id="9500693614" lat="25.3754854" lon="51.5411778" /><node id="9500761453" lat="25.3752876" lon="51.5414646" /><node id="9519239468" lat="25.3757042" lon="51.5421730" /><node id="9521843460" lat="25.3756791" lon="51.5424866" /><node id="9521843461" lat="25.3757907" lon="51.5434892" /><node id="9521845803" lat="25.3683276" lon="51.5597544" /><node id="9521845804" lat="25.3681444" lon="51.5598556" /><node id="9521845815" lat="25.3702874" lon="51.5645434" /><node id="9521869998" lat="25.3724221" lon="51.5551204" /><node id="9521869999" lat="25.3718428" lon="51.5553224" /><node id="9521870000" lat="25.3715788" lon="51.5546894" /><node id="9521870001" lat="25.3713697" lon="51.5538857" /><node id="9521870002" lat="25.3712942" lon="51.5535930" /><node id="9521870003" lat="25.3725459" lon="51.5543240" /><node id="9521870004" lat="25.3724463" lon="51.5547407" /><node id="9521870061" lat="25.3758912" lon="51.5537690" /><node id="9521870062" lat="25.3757285" lon="51.5538056" /><node id="9521870063" lat="25.3759069" lon="51.5538543" /><node id="9521870064" lat="25.3757442" lon="51.5538909" /><node id="9521886317" lat="25.3701564" lon="51.5641996" /><node id="9521901220" lat="25.3738770" lon="51.5384095" /><node id="9524503437" lat="25.3555061" lon="51.5671396" /><node id="9524503438" lat="25.3552175" lon="51.5677858" /><node id="9524503441" lat="25.3564720" lon="51.5708090" /><node id="9524571506" lat="25.3668351" lon="51.5474206" /><node id="9524582430" lat="25.3679708" lon="51.5396165" /><node id="9524582433" lat="25.3712996" lon="51.5399844" /><node id="9524582441" lat="25.3716344" lon="51.5472583" /><node id="9525524027" lat="25.3784363" lon="51.5460824" /><node id="9525524028" lat="25.3795003" lon="51.5450040" /><node id="9525524029" lat="25.3795597" lon="51.5451030" /><node id="9525524031" lat="25.3794452" lon="51.5449051" /><node id="9525547340" lat="25.3787235" lon="51.5436147" /><node id="9525547341" lat="25.3787553" lon="51.5436561" /><node id="9525547343" lat="25.3786669" lon="51.5435471" /><node id="9525638775" lat="25.3756368" lon="51.5421349" /><node id="9530486388" lat="25.3699885" lon="51.5646610" /><node id="9530486390" lat="25.3701148" lon="51.5646074" /><node id="9530486397" lat="25.3823921" lon="51.5578721" /><node id="9530486398" lat="25.3823103" lon="51.5582847" /><node id="9530486399" lat="25.3817223" lon="51.5582618" /><node id="9530486400" lat="25.3812306" lon="51.5578925" /><node id="9530486401" lat="25.3812104" lon="51.5578051" /><node id="9530486402" lat="25.3816683" lon="51.5573437" /><node id="9530486403" lat="25.3813213" lon="51.5557466" /><node id="9530486404" lat="25.3812069" lon="51.5537617" /><node id="9530486405" lat="25.3812156" lon="51.5547568" /><node id="9530486406" lat="25.3813062" lon="51.5526188" /><node id="9530486407" lat="25.3814908" lon="51.5518797" /><node id="9530486408" lat="25.3817463" lon="51.5510748" /><node id="9530486409" lat="25.3816976" lon="51.5522341" /><node id="9530486410" lat="25.3819785" lon="51.5512636" /><node id="9530486411" lat="25.3814768" lon="51.5531938" /><node id="9530486412" lat="25.3815790" lon="51.5533632" /><node id="9530486413" lat="25.3819777" lon="51.5533566" /><node id="9530486414" lat="25.3819901" lon="51.5537319" /><node id="9530486415" lat="25.3822585" lon="51.5537951" /><node id="9530486416" lat="25.3822676" lon="51.5538979" /><node id="9530500517" lat="25.3824065" lon="51.5539246" /><node id="9530500518" lat="25.3824615" lon="51.5547144" /><node id="9530500519" lat="25.3816788" lon="51.5542661" /><node id="9530500520" lat="25.3815797" lon="51.5541829" /><node id="9530500521" lat="25.3814483" lon="51.5542533" /><node id="9530500522" lat="25.3814726" lon="51.5551868" /><node id="9530500523" lat="25.3815830" lon="51.5552852" /><node id="9530500524" lat="25.3820753" lon="51.5550655" /><node id="9530500525" lat="25.3821217" lon="51.5555106" /><node id="9530500526" lat="25.3824038" lon="51.5554974" /><node id="9530500527" lat="25.3824332" lon="51.5556594" /><node id="9530500528" lat="25.3825908" lon="51.5564968" /><node id="9530500529" lat="25.3819039" lon="51.5560942" /><node id="9530500530" lat="25.3817985" lon="51.5560697" /><node id="9530500531" lat="25.3816847" lon="51.5561393" /><node id="9530500532" lat="25.3816982" lon="51.5563025" /><node id="9530500533" lat="25.3823180" lon="51.5572042" /><node id="9530500534" lat="25.3827349" lon="51.5570910" /><node id="9530500535" lat="25.3823838" lon="51.5581592" /><node id="9530500536" lat="25.3821531" lon="51.5583214" /><node id="9530500537" lat="25.3815177" lon="51.5580403" /><node id="9530500546" lat="25.3831635" lon="51.5516722" /><node id="9530500551" lat="25.3824839" lon="51.5539762" /><node id="9530500566" lat="25.3833735" lon="51.5442412" /><node id="9530500568" lat="25.3834804" lon="51.5432477" /><node id="9530500572" lat="25.3831320" lon="51.5421043" /><node id="9530500574" lat="25.3826904" lon="51.5417420" /><node id="9530500575" lat="25.3825530" lon="51.5418679" /><node id="9530500579" lat="25.3822211" lon="51.5413948" /><node id="9536213724" lat="25.3760773" lon="51.5389130" /><node id="9536213725" lat="25.3760398" lon="51.5388658" /><node id="9536213726" lat="25.3763607" lon="51.5386002" /><node id="9536213727" lat="25.3766249" lon="51.5383484" /><node id="9536213728" lat="25.3763470" lon="51.5385566" /><node id="9536213729" lat="25.3770501" lon="51.5380917" /><node id="9536213730" lat="25.3760611" lon="51.5389560" /><node id="9536213731" lat="25.3760168" lon="51.5389428" /><node id="9536213732" lat="25.3758396" lon="51.5403071" /><node id="9536213733" lat="25.3758482" lon="51.5401927" /><node id="9536213734" lat="25.3758118" lon="51.5401344" /><node id="9536213735" lat="25.3757824" lon="51.5401108" /><node id="9536213736" lat="25.3757403" lon="51.5400777" /><node id="9536213737" lat="25.3757030" lon="51.5400294" /><node id="9536233895" lat="25.3729769" lon="51.5345841" /><node id="9536280201" lat="25.3646891" lon="51.5402012" /><node id="9536280209" lat="25.3649181" lon="51.5407235" /><node id="9536437042" lat="25.3678910" lon="51.5398869" /><node id="9536437046" lat="25.3711933" lon="51.5402915" /><node id="9536437076" lat="25.3651327" lon="51.5428178" /><node id="9542870156" lat="25.3781151" lon="51.5526619" /><node id="9542870157" lat="25.3781034" lon="51.5526224" /><node id="9542870158" lat="25.3782228" lon="51.5525790" /><node id="9542870159" lat="25.3782345" lon="51.5526185" /><node id="9542870160" lat="25.3766239" lon="51.5533046" /><node id="9542870161" lat="25.3765482" lon="51.5532605" /><node id="9542870162" lat="25.3765082" lon="51.5533446" /><node id="9542870163" lat="25.3765839" lon="51.5533887" /><node id="9545110540" lat="25.3745724" lon="51.5410418" /><node id="9545110541" lat="25.3746865" lon="51.5409646" /><node id="9545110542" lat="25.3745730" lon="51.5407517" /><node id="9545110543" lat="25.3744605" lon="51.5407092" /><node id="9545110544" lat="25.3739303" lon="51.5398660" /><node id="9545110545" lat="25.3738987" lon="51.5398776" /><node id="9545110546" lat="25.3738810" lon="51.5399094" /><node id="9545110547" lat="25.3738822" lon="51.5399415" /><node id="9545110548" lat="25.3739460" lon="51.5400441" /><node id="9545110549" lat="25.3739601" lon="51.5400339" /><node id="9545110550" lat="25.3743134" lon="51.5406118" /><node id="9545110551" lat="25.3745132" lon="51.5409957" /><node id="9545110736" lat="25.3739453" lon="51.5397264" /><node id="9545110737" lat="25.3735392" lon="51.5388376" /><node id="9545110738" lat="25.3735445" lon="51.5392972" /><node id="9545110739" lat="25.3737216" lon="51.5396605" /><node id="9545110740" lat="25.3735074" lon="51.5387559" /><node id="9545110741" lat="25.3733620" lon="51.5388139" /><node id="9545110742" lat="25.3730217" lon="51.5375840" /><node id="9545110743" lat="25.3731429" lon="51.5374190" /><node id="9545110744" lat="25.3730922" lon="51.5372360" /><node id="9545110745" lat="25.3729342" lon="51.5372380" /><node id="9545110746" lat="25.3728303" lon="51.5368484" /><node id="9545110747" lat="25.3728688" lon="51.5365100" /><node id="9545110748" lat="25.3728630" lon="51.5364652" /><node id="9545110749" lat="25.3727774" lon="51.5363567" /><node id="9545110750" lat="25.3726851" lon="51.5362598" /><node id="9545110751" lat="25.3726418" lon="51.5361385" /><node id="9545110752" lat="25.3726872" lon="51.5358161" /><node id="9545110753" lat="25.3727270" lon="51.5358209" /><node id="9547620258" lat="25.3763136" lon="51.5531156" /><node id="9547620259" lat="25.3763025" lon="51.5530495" /><node id="9547620260" lat="25.3761582" lon="51.5530794" /><node id="9547620261" lat="25.3761694" lon="51.5531454" /><node id="9547648508" lat="25.3652688" lon="51.5429573" /><node id="9547648510" lat="25.3659922" lon="51.5447024" /><node id="9547648511" lat="25.3661115" lon="51.5451052" /><node id="9547667051" lat="25.3832603" lon="51.5508854" /><node id="9547667053" lat="25.3834178" lon="51.5493027" /><node id="9547667055" lat="25.3837094" lon="51.5438391" /><node id="9547667073" lat="25.3824066" lon="51.5412361" /><node id="9547667075" lat="25.3836572" lon="51.5500101" /><node id="9547667079" lat="25.3838212" lon="51.5484636" /><node id="9547667081" lat="25.3837726" lon="51.5478355" /><node id="9547667084" lat="25.3835944" lon="51.5483943" /><node id="9547667088" lat="25.3834237" lon="51.5512692" /><node id="9547667092" lat="25.3826692" lon="51.5548180" /><node id="9547667096" lat="25.3828582" lon="51.5565185" /><node id="9549688705" lat="25.3768069" lon="51.5433442" /><node id="9549688709" lat="25.3791305" lon="51.5437296" /><node id="9549721122" lat="25.3785112" lon="51.5484780" /><node id="9549721123" lat="25.3789833" lon="51.5491328" /><node id="9551884972" lat="25.3655646" lon="51.5386662" /><node id="9551884973" lat="25.3655662" lon="51.5387197" /><node id="9551884974" lat="25.3654355" lon="51.5387246" /><node id="9551884975" lat="25.3654338" lon="51.5386711" /><node id="9551884976" lat="25.3653038" lon="51.5392018" /><node id="9551884977" lat="25.3653607" lon="51.5391710" /><node id="9551884978" lat="25.3653765" lon="51.5392085" /><node id="9551884979" lat="25.3654371" lon="51.5391750" /><node id="9551884980" lat="25.3653959" lon="51.5390731" /><node id="9551884981" lat="25.3652814" lon="51.5391387" /><node id="9571014828" lat="25.3786583" lon="51.5435340" /><node id="9587169234" lat="25.3750474" lon="51.5439958" /><node id="9587169235" lat="25.3750484" lon="51.5441967" /><node id="9587169236" lat="25.3749673" lon="51.5441999" /><node id="9587169237" lat="25.3749683" lon="51.5439979" /><node id="9587215184" lat="25.3671091" lon="51.5382499" /><node id="9587215185" lat="25.3668076" lon="51.5383786" /><node id="9587215186" lat="25.3668547" lon="51.5385138" /><node id="9587215187" lat="25.3671562" lon="51.5383853" /><node id="9587274763" lat="25.3756609" lon="51.5508620" /><node id="9587384032" lat="25.3815315" lon="51.5484761" /><node id="9587384041" lat="25.3824927" lon="51.5450377" /><node id="9589064871" lat="25.3727139" lon="51.5378961" /><node id="9589064872" lat="25.3727672" lon="51.5380704" /><node id="9589064873" lat="25.3727527" lon="51.5380879" /><node id="9589064874" lat="25.3728169" lon="51.5382019" /><node id="9589064875" lat="25.3727587" lon="51.5382434" /><node id="9589064876" lat="25.3729587" lon="51.5385438" /><node id="9589064877" lat="25.3731283" lon="51.5384231" /><node id="9589064878" lat="25.3730350" lon="51.5382595" /><node id="9589064879" lat="25.3730774" lon="51.5382260" /><node id="9589064880" lat="25.3729611" lon="51.5377995" /><node id="9589129113" lat="25.3753449" lon="51.5446228" /><node id="9589135627" lat="25.3752300" lon="51.5383405" /><node id="9589172783" lat="25.3721072" lon="51.5423792" /><node id="9589172784" lat="25.3724915" lon="51.5423910" /><node id="9589172786" lat="25.3721822" lon="51.5425617" /><node id="9589185328" lat="25.3837812" lon="51.5478377" /><node id="9589185331" lat="25.3826193" lon="51.5539703" /><node id="9589185333" lat="25.3826890" lon="51.5556347" /><node id="9589185339" lat="25.3814302" lon="51.5405698" /><node id="9589185340" lat="25.3806843" lon="51.5393723" /><node id="9589300422" lat="25.3746267" lon="51.5404967" /><node id="9589340130" lat="25.3702320" lon="51.5399622" /><node id="9589340131" lat="25.3707396" lon="51.5401266" /><node id="9589340134" lat="25.3707993" lon="51.5398731" /><node id="9589340135" lat="25.3708990" lon="51.5396788" /><node id="9589340136" lat="25.3712549" lon="51.5398854" /><node id="9589340137" lat="25.3713389" lon="51.5397077" /><node id="9589340138" lat="25.3707465" lon="51.5397062" /><node id="9589340139" lat="25.3707098" lon="51.5396860" /><node id="9589340140" lat="25.3706546" lon="51.5403444" /><node id="9589340150" lat="25.3698101" lon="51.5396465" /><node id="9589346737" lat="25.3696049" lon="51.5573017" /><node id="9589346738" lat="25.3696176" lon="51.5570595" /><node id="9589346739" lat="25.3680572" lon="51.5570535" /><node id="9589364218" lat="25.3671446" lon="51.5400525" /><node id="9589406098" lat="25.3722489" lon="51.5504728" /><node id="9589406099" lat="25.3722283" lon="51.5503816" /><node id="9589406100" lat="25.3722368" lon="51.5502837" /><node id="9589406101" lat="25.3722707" lon="51.5502059" /><node id="9589406102" lat="25.3722841" lon="51.5501496" /><node id="9589406103" lat="25.3722465" lon="51.5500866" /><node id="9589406104" lat="25.3722174" lon="51.5500758" /><node id="9589406105" lat="25.3721690" lon="51.5500946" /><node id="9589406106" lat="25.3721229" lon="51.5501456" /><node id="9589406107" lat="25.3720696" lon="51.5501764" /><node id="9589406108" lat="25.3720235" lon="51.5502260" /><node id="9589406109" lat="25.3720017" lon="51.5503253" /><node id="9589406110" lat="25.3719448" lon="51.5504178" /><node id="9589406111" lat="25.3718939" lon="51.5504741" /><node id="9589406112" lat="25.3718714" lon="51.5505880" /><node id="9589406113" lat="25.3718301" lon="51.5506620" /><node id="9589406114" lat="25.3718094" lon="51.5507897" /><node id="9589406115" lat="25.3718689" lon="51.5508677" /><node id="9589406116" lat="25.3719358" lon="51.5509162" /><node id="9589410517" lat="25.3720269" lon="51.5509417" /><node id="9589410518" lat="25.3720925" lon="51.5509431" /><node id="9589410519" lat="25.3721533" lon="51.5509363" /><node id="9589410520" lat="25.3722043" lon="51.5509135" /><node id="9589410521" lat="25.3721764" lon="51.5508180" /><node id="9589410522" lat="25.3721824" lon="51.5507010" /><node id="9589410523" lat="25.3722116" lon="51.5506432" /><node id="9589410524" lat="25.3722481" lon="51.5505732" /><node id="9589410525" lat="25.3722578" lon="51.5505087" /><node id="9590094658" lat="25.3751675" lon="51.5541020" /><node id="9590094659" lat="25.3751808" lon="51.5540121" /><node id="9590094660" lat="25.3751233" lon="51.5540028" /><node id="9590094661" lat="25.3751106" lon="51.5540899" /><node id="9594547085" lat="25.3795143" lon="51.5471044" /><node id="9594547086" lat="25.3794969" lon="51.5470072" /><node id="9594547087" lat="25.3793495" lon="51.5470395" /><node id="9594547088" lat="25.3793668" lon="51.5471367" /><node id="9594547089" lat="25.3797856" lon="51.5464892" /><node id="9594547090" lat="25.3797795" lon="51.5465576" /><node id="9594547091" lat="25.3796632" lon="51.5465388" /><node id="9594547092" lat="25.3796705" lon="51.5464691" /><node id="9599840576" lat="25.3626333" lon="51.5428424" /><node id="9599840577" lat="25.3623843" lon="51.5429161" /><node id="9599840578" lat="25.3625475" lon="51.5435541" /><node id="9599840579" lat="25.3628661" lon="51.5435850" /><node id="9601949822" lat="25.3680044" lon="51.5498469" /><node id="9602115939" lat="25.3628247" lon="51.5425531" /><node id="9602115940" lat="25.3619446" lon="51.5428601" /><node id="9611945530" lat="25.3794393" lon="51.5449040" /><node id="9613318466" lat="25.3741350" lon="51.5399453" /><node id="9613318467" lat="25.3745293" lon="51.5396652" /><node id="9613318468" lat="25.3749016" lon="51.5403062" /><node id="9613318469" lat="25.3745024" lon="51.5405827" /><node id="9621535682" lat="25.3753372" lon="51.5563321" /><node id="9621535683" lat="25.3749809" lon="51.5563924" /><node id="9621535684" lat="25.3749870" lon="51.5564997" /><node id="9621535685" lat="25.3753493" lon="51.5564394" /><node id="9632503075" lat="25.3749678" lon="51.5414368" /><node id="9654161102" lat="25.3727840" lon="51.5346050" /><node id="9654161103" lat="25.3727695" lon="51.5356766" /><node id="9654161104" lat="25.3728276" lon="51.5356846" /><node id="9654161105" lat="25.3728301" lon="51.5357946" /><node id="9654161106" lat="25.3727646" lon="51.5358161" /><node id="9654161107" lat="25.3730809" lon="51.5370968" /><node id="9654161108" lat="25.3733911" lon="51.5361688" /><node id="9654161109" lat="25.3729776" lon="51.5346075" /><node id="9654161112" lat="25.3744265" lon="51.5381114" /><node id="9654161113" lat="25.3741939" lon="51.5378083" /><node id="9654161114" lat="25.3740315" lon="51.5375655" /><node id="9654161115" lat="25.3738013" lon="51.5371672" /><node id="9654161116" lat="25.3738982" lon="51.5371002" /><node id="9654168317" lat="25.3741296" lon="51.5375092" /><node id="9654168318" lat="25.3742726" lon="51.5377479" /><node id="9654168319" lat="25.3744992" lon="51.5380443" /><node id="9654168320" lat="25.3744580" lon="51.5380792" /><node id="9654168324" lat="25.3752458" lon="51.5398276" /><node id="9654168325" lat="25.3753000" lon="51.5392626" /><node id="9654168326" lat="25.3753968" lon="51.5397577" /><node id="9664015786" lat="25.3724331" lon="51.5510248" /><node id="9664015787" lat="25.3723986" lon="51.5508920" /><node id="9664015788" lat="25.3724441" lon="51.5508766" /><node id="9664015789" lat="25.3724798" lon="51.5510127" /><node id="9664015796" lat="25.3716927" lon="51.5538257" /><node id="9671211213" lat="25.3674831" lon="51.5398620" /><node id="9671211214" lat="25.3670292" lon="51.5401235" /><node id="9671338338" lat="25.3679014" lon="51.5394373" /><node id="9671338339" lat="25.3669365" lon="51.5399609" /><node id="9671350474" lat="25.3745489" lon="51.5405505" /><node id="9678904303" lat="25.3724882" lon="51.5480989" /><node id="9678904304" lat="25.3721277" lon="51.5475889" /><node id="9678904305" lat="25.3716914" lon="51.5479253" /><node id="9678904306" lat="25.3720253" lon="51.5484998" /><node id="9678904307" lat="25.3717671" lon="51.5485230" /><node id="9678904308" lat="25.3723120" lon="51.5472278" /><node id="9678904309" lat="25.3717740" lon="51.5477026" /><node id="9678904310" lat="25.3716262" lon="51.5478206" /><node id="9678904311" lat="25.3714492" lon="51.5475363" /><node id="9678904312" lat="25.3716165" lon="51.5474290" /><node id="9678904313" lat="25.3716649" lon="51.5474933" /><node id="9678904314" lat="25.3717570" lon="51.5474102" /><node id="9678915311" lat="25.3719806" lon="51.5484229" /><node id="9680357566" lat="25.3708657" lon="51.5393449" /><node id="9680357567" lat="25.3709976" lon="51.5394163" /><node id="9680357568" lat="25.3705340" lon="51.5391509" /><node id="9680357569" lat="25.3701418" lon="51.5390925" /><node id="9680357570" lat="25.3702195" lon="51.5384452" /><node id="9680357571" lat="25.3695833" lon="51.5383517" /><node id="9680357572" lat="25.3695056" lon="51.5389989" /><node id="9680357575" lat="25.3706103" lon="51.5386157" /><node id="9680357576" lat="25.3702136" lon="51.5384939" /><node id="9680390181" lat="25.3695094" lon="51.5389673" /><node id="9680754711" lat="25.3637154" lon="51.5430171" /><node id="9680754712" lat="25.3637948" lon="51.5435601" /><node id="9680754713" lat="25.3641587" lon="51.5434950" /><node id="9680754714" lat="25.3630563" lon="51.5432374" /><node id="9680754715" lat="25.3640895" lon="51.5430216" /><node id="9680756268" lat="25.3717513" lon="51.5398369" /><node id="9680756269" lat="25.3720311" lon="51.5392217" /><node id="9680756270" lat="25.3715332" lon="51.5389301" /><node id="9680756271" lat="25.3712382" lon="51.5395579" /><node id="9680756273" lat="25.3717766" lon="51.5397812" /><node id="9680794929" lat="25.3687408" lon="51.5488267" /><node id="9680794930" lat="25.3643556" lon="51.5449571" /><node id="9680794931" lat="25.3650203" lon="51.5448976" /><node id="9680794932" lat="25.3649734" lon="51.5442560" /><node id="9680794933" lat="25.3643087" lon="51.5443154" /><node id="9685391566" lat="25.3659763" lon="51.5396116" /><node id="9685391567" lat="25.3665907" lon="51.5399629" /><node id="9685391568" lat="25.3662672" lon="51.5394037" /><node id="9685391569" lat="25.3663078" lon="51.5401670" /><node id="9685391571" lat="25.3665703" lon="51.5399287" /><node id="9685391573" lat="25.3660182" lon="51.5396817" /><node id="9685391579" lat="25.3662885" lon="51.5401346" /><node id="9685641000" lat="25.3706049" lon="51.5386535" /><node id="9685689416" lat="25.3712698" lon="51.5395751" /><node id="9685717119" lat="25.3712510" lon="51.5398950" /><node id="9685717120" lat="25.3716159" lon="51.5401112" /><node id="9685717121" lat="25.3717065" lon="51.5399238" /><node id="9685717122" lat="25.3713416" lon="51.5397077" /><node id="9687188525" lat="25.3668308" lon="51.5397257" /><node id="9687407066" lat="25.3730877" lon="51.5415125" /><node id="9687407073" lat="25.3735170" lon="51.5412479" /><node id="9687535564" lat="25.3729140" lon="51.5416403" /><node id="9687535565" lat="25.3727395" lon="51.5417744" /><node id="9687535566" lat="25.3717228" lon="51.5404869" /><node id="9687535567" lat="25.3719009" lon="51.5403032" /><node id="9687535568" lat="25.3724414" lon="51.5408906" /><node id="9687535569" lat="25.3722128" lon="51.5410397" /><node id="9688948307" lat="25.3712731" lon="51.5394836" /><node id="9688948309" lat="25.3720263" lon="51.5401424" /><node id="9691044408" lat="25.3649517" lon="51.5442571" /><node id="9696588833" lat="25.3673976" lon="51.5401389" /><node id="9697825126" lat="25.3710670" lon="51.5403731" /><node id="9697825127" lat="25.3711749" lon="51.5400931" /><node id="9697825128" lat="25.3712346" lon="51.5401303" /><node id="9697825129" lat="25.3713209" lon="51.5399364" /><node id="9697825130" lat="25.3704292" lon="51.5406635" /><node id="9705426162" lat="25.3645564" lon="51.5424660" /><node id="9706322088" lat="25.3656887" lon="51.5436078" /><node id="9708406677" lat="25.3765059" lon="51.5457254" /><node id="9708406678" lat="25.3764895" lon="51.5459261" /><node id="9708668826" lat="25.3695099" lon="51.5396124" /><node id="9708668856" lat="25.3693007" lon="51.5395973" /><node id="9708668857" lat="25.3670766" lon="51.5403529" /><node id="9708668858" lat="25.3672301" lon="51.5402493" /><node id="9708838487" lat="25.3760296" lon="51.5453923" /><node id="9708838488" lat="25.3758454" lon="51.5453916" /><node id="9708838489" lat="25.3758448" lon="51.5456109" /><node id="9708838490" lat="25.3756327" lon="51.5456008" /><node id="9708838491" lat="25.3755800" lon="51.5455183" /><node id="9708838492" lat="25.3754092" lon="51.5456592" /><node id="9708838493" lat="25.3755328" lon="51.5458214" /><node id="9708838494" lat="25.3760175" lon="51.5458322" /><node id="9710671565" lat="25.3696418" lon="51.5404952" /><node id="9710671603" lat="25.3712040" lon="51.5468139" /><node id="9710700418" lat="25.3680173" lon="51.5474552" /><node id="9710719573" lat="25.3731193" lon="51.5443329" /><node id="9710719584" lat="25.3728657" lon="51.5455396" /><node id="9710847154" lat="25.3696646" lon="51.5479995" /><node id="9710847155" lat="25.3683221" lon="51.5475678" /><node id="9710847156" lat="25.3710043" lon="51.5475687" /><node id="9710847158" lat="25.3705525" lon="51.5477776" /><node id="9710847181" lat="25.3688508" lon="51.5479888" /><node id="9710847183" lat="25.3687014" lon="51.5479652" /><node id="9710851733" lat="25.3676117" lon="51.5477946" /><node id="9710851735" lat="25.3677718" lon="51.5478756" /><node id="9710863474" lat="25.3662993" lon="51.5466369" /><node id="9717017198" lat="25.3764363" lon="51.5340356" /><node id="9717017199" lat="25.3766705" lon="51.5342679" /><node id="9717017200" lat="25.3768436" lon="51.5344096" /><node id="9717017201" lat="25.3770378" lon="51.5345676" /><node id="9717017202" lat="25.3772338" lon="51.5347180" /><node id="9717017203" lat="25.3774007" lon="51.5348820" /><node id="9717017204" lat="25.3775504" lon="51.5349837" /><node id="9717017205" lat="25.3776661" lon="51.5350542" /><node id="9717017206" lat="25.3777797" lon="51.5351354" /><node id="9717017207" lat="25.3780506" lon="51.5353043" /><node id="9717017208" lat="25.3781707" lon="51.5352854" /><node id="9717017209" lat="25.3781909" lon="51.5353708" /><node id="9717017210" lat="25.3782144" lon="51.5354836" /><node id="9717017211" lat="25.3792673" lon="51.5369961" /><node id="9717017212" lat="25.3796005" lon="51.5374241" /><node id="9717017213" lat="25.3798029" lon="51.5376878" /><node id="9717017214" lat="25.3801113" lon="51.5381468" /><node id="9717017215" lat="25.3802632" lon="51.5383826" /><node id="9717017216" lat="25.3803715" lon="51.5385499" /><node id="9717021517" lat="25.3812271" lon="51.5402737" /><node id="9717021518" lat="25.3818056" lon="51.5410219" /><node id="9717021543" lat="25.3813998" lon="51.5405255" /><node id="9717021544" lat="25.3754333" lon="51.5352213" /><node id="9719515356" lat="25.3717518" lon="51.5474149" /><node id="9719547302" lat="25.3809306" lon="51.5460207" /><node id="9719560820" lat="25.3697823" lon="51.5394196" /><node id="9846838294" lat="25.3752601" lon="51.5569671" /><node id="9846838295" lat="25.3753401" lon="51.5570663" /><node id="9846838296" lat="25.3752511" lon="51.5571541" /><node id="9846838297" lat="25.3751711" lon="51.5570549" /><node id="9914489812" lat="25.3658461" lon="51.5552399" /><node id="9914489813" lat="25.3653378" lon="51.5551006" /><node id="9914489814" lat="25.3651087" lon="51.5551721" /><node id="9914489816" lat="25.3647508" lon="51.5554525" /><node id="9914498823" lat="25.3774235" lon="51.5495015" /><node id="9914498828" lat="25.3767654" lon="51.5507011" /><node id="9914498829" lat="25.3761019" lon="51.5510063" /><node id="9914498830" lat="25.3757236" lon="51.5511053" /><node id="9914498833" lat="25.3766255" lon="51.5484105" /><node id="9914498834" lat="25.3773519" lon="51.5487405" /><node id="9914499218" lat="25.3639724" lon="51.5549197" /><node id="9914499219" lat="25.3633590" lon="51.5539923" /><node id="9914499224" lat="25.3737111" lon="51.5495634" /><node id="9914499226" lat="25.3738418" lon="51.5514516" /><node id="9914499229" lat="25.3751399" lon="51.5473838" /><node id="9914499230" lat="25.3748479" lon="51.5479531" /><node id="9914499233" lat="25.3779940" lon="51.5477750" /><node id="9914499266" lat="25.3744830" lon="51.5310713" /><node id="9914499267" lat="25.3751565" lon="51.5314783" /><node id="9914499268" lat="25.3753381" lon="51.5318670" /><node id="9914499295" lat="25.3813767" lon="51.5560016" /><node id="9914499297" lat="25.3812853" lon="51.5578014" /><node id="9914499299" lat="25.3822705" lon="51.5582940" /><node id="9914499301" lat="25.3828448" lon="51.5578336" /><node id="9914499302" lat="25.3826887" lon="51.5571035" /><node id="9914499305" lat="25.3827936" lon="51.5565133" /><node id="9914499308" lat="25.3824126" lon="51.5555458" /><node id="9914499312" lat="25.3814714" lon="51.5551390" /><node id="9914499315" lat="25.3826097" lon="51.5547883" /><node id="9914499318" lat="25.3822632" lon="51.5538484" /><node id="9914499336" lat="25.3831300" lon="51.5486925" /><node id="9914499340" lat="25.3837424" lon="51.5484458" /><node id="9914499341" lat="25.3837658" lon="51.5479132" /><node id="9914499344" lat="25.3834017" lon="51.5459735" /><node id="9914499347" lat="25.3833629" lon="51.5445030" /><node id="9914499351" lat="25.3826973" lon="51.5418348" /><node id="9914499353" lat="25.3824256" lon="51.5412921" /><node id="9914499357" lat="25.3804340" lon="51.5386773" /><node id="9914824539" lat="25.3650808" lon="51.5486861" /><node id="9927261903" lat="25.3679829" lon="51.5526048" /><node id="9927261904" lat="25.3678332" lon="51.5525753" /><node id="9927261905" lat="25.3678897" lon="51.5522886" /><node id="9927261906" lat="25.3680333" lon="51.5523141" /><node id="9927441713" lat="25.3650427" lon="51.5399776" /><node id="9983411531" lat="25.3643320" lon="51.5481652" /><node id="11581922459" lat="25.3702213" lon="51.5399585" /><node id="11581922460" lat="25.3702009" lon="51.5399322" /><node id="11581922461" lat="25.3701587" lon="51.5399934" /><node id="11581922462" lat="25.3702048" lon="51.5400181" /><node id="11756594060" lat="25.3749131" lon="51.5396111" /><node id="11756594061" lat="25.3750152" lon="51.5400602" /><node id="11756594062" lat="25.3748112" lon="51.5401170" /><node id="11756594063" lat="25.3747091" lon="51.5396679" /><node id="12109648613" lat="25.3682127" lon="51.5500907" /><node id="12214111691" lat="25.3626443" lon="51.5436889" /><node id="12214111692" lat="25.3626523" lon="51.5437228" /><node id="12214111693" lat="25.3627582" lon="51.5436924" /><node id="12214111694" lat="25.3627506" lon="51.5436601" /><node id="12214111695" lat="25.3628205" lon="51.5436400" /><node id="12214111696" lat="25.3628113" lon="51.5436007" /><node id="12214111697" lat="25.3627994" lon="51.5433004" /><node id="12214111698" lat="25.3627257" lon="51.5433216" /><node id="12214111699" lat="25.3626571" lon="51.5430294" /><node id="12214111700" lat="25.3627401" lon="51.5430056" /><node id="12214177201" lat="25.3626974" lon="51.5428240" /><node id="12214177202" lat="25.3626137" lon="51.5427590" /><node id="12214177203" lat="25.3625469" lon="51.5427782" /><node id="12214177204" lat="25.3625423" lon="51.5427585" /><node id="12214177205" lat="25.3624297" lon="51.5427909" /><node id="12214177206" lat="25.3624348" lon="51.5428129" /><node id="12214177207" lat="25.3623648" lon="51.5428330" /><node id="12214177208" lat="25.3623137" lon="51.5429363" /><node id="12214177209" lat="25.3624270" lon="51.5434191" /><node id="12214177210" lat="25.3624643" lon="51.5435780" /><node id="12214177211" lat="25.3625832" lon="51.5437065" /><node id="12214324922" lat="25.3783679" lon="51.5396507" /><node id="12214324923" lat="25.3781894" lon="51.5398493" /><node id="12214324924" lat="25.3785816" lon="51.5402811" /><node id="12214324925" lat="25.3787601" lon="51.5400825" /><node id="12214324926" lat="25.3782082" lon="51.5395283" /><node id="12214324927" lat="25.3780156" lon="51.5397095" /><node id="12214324928" lat="25.3776516" lon="51.5392353" /><node id="12214324929" lat="25.3778442" lon="51.5390542" /><node id="12214324930" lat="25.3777846" lon="51.5389055" /><node id="12214324931" lat="25.3775830" lon="51.5389859" /><node id="12214324932" lat="25.3775038" lon="51.5387425" /><node id="12214324933" lat="25.3774529" lon="51.5387627" /><node id="12214324934" lat="25.3773828" lon="51.5385473" /><node id="12214324935" lat="25.3774287" lon="51.5385290" /><node id="12214324936" lat="25.3772878" lon="51.5380959" /><node id="12214324937" lat="25.3774943" lon="51.5380135" /><node id="12214324938" lat="25.3766403" lon="51.5369319" /><node id="12214324939" lat="25.3766607" lon="51.5369116" /><node id="12214324940" lat="25.3766974" lon="51.5369568" /><node id="12214324941" lat="25.3767127" lon="51.5369416" /><node id="12214324942" lat="25.3767687" lon="51.5370105" /><node id="12214324943" lat="25.3767819" lon="51.5369973" /><node id="12214324944" lat="25.3768491" lon="51.5370799" /><node id="12214324945" lat="25.3768768" lon="51.5370523" /><node id="12214324946" lat="25.3769420" lon="51.5371325" /><node id="12214324947" lat="25.3769527" lon="51.5371218" /><node id="12214324948" lat="25.3770614" lon="51.5372556" /><node id="12214324949" lat="25.3770680" lon="51.5372491" /><node id="12214324950" lat="25.3772181" lon="51.5374337" /><node id="12214324951" lat="25.3771809" lon="51.5374708" /><node id="12214324952" lat="25.3772181" lon="51.5375165" /><node id="12214324953" lat="25.3772508" lon="51.5374839" /><node id="12214324954" lat="25.3773769" lon="51.5376389" /><node id="12214324955" lat="25.3771988" lon="51.5378163" /><node id="12214324956" lat="25.3768582" lon="51.5373974" /><node id="12214324957" lat="25.3768723" lon="51.5373834" /><node id="12214324958" lat="25.3767958" lon="51.5372894" /><node id="12214324959" lat="25.3767824" lon="51.5373027" /><node id="12214324960" lat="25.3767219" lon="51.5372283" /><node id="12214324961" lat="25.3767230" lon="51.5372273" /><node id="12214324962" lat="25.3765856" lon="51.5370584" /><node id="12214324963" lat="25.3765916" lon="51.5370523" /><node id="12214324964" lat="25.3765050" lon="51.5369458" /><node id="12214324965" lat="25.3765860" lon="51.5368652" /><node id="12214349446" lat="25.3792165" lon="51.5396736" /><node id="12214349447" lat="25.3790907" lon="51.5398183" /><node id="12214349448" lat="25.3790511" lon="51.5397762" /><node id="12214349449" lat="25.3789390" lon="51.5399051" /><node id="12214349450" lat="25.3787076" lon="51.5396588" /><node id="12214349451" lat="25.3787208" lon="51.5396436" /><node id="12214349452" lat="25.3786707" lon="51.5395904" /><node id="12214349453" lat="25.3786557" lon="51.5396076" /><node id="12214349454" lat="25.3785673" lon="51.5395135" /><node id="12214349455" lat="25.3787255" lon="51.5393314" /><node id="12214349456" lat="25.3789788" lon="51.5396010" /><node id="12214349457" lat="25.3790602" lon="51.5395072" /><node id="12214349458" lat="25.3791329" lon="51.5393849" /><node id="12214349459" lat="25.3792440" lon="51.5395832" /><node id="12214349460" lat="25.3794677" lon="51.5394296" /><node id="12214349461" lat="25.3794455" lon="51.5393899" /><node id="12214349462" lat="25.3794137" lon="51.5391268" /><node id="12214349463" lat="25.3794340" lon="51.5391129" /><node id="12214349464" lat="25.3793815" lon="51.5390191" /><node id="12214349465" lat="25.3793687" lon="51.5390279" /><node id="12214349466" lat="25.3786520" lon="51.5387175" /><node id="12214349467" lat="25.3787893" lon="51.5385932" /><node id="12214349468" lat="25.3786896" lon="51.5384785" /><node id="12214349469" lat="25.3786985" lon="51.5384704" /><node id="12214349470" lat="25.3785757" lon="51.5383245" /><node id="12214349471" lat="25.3786008" lon="51.5383018" /><node id="12214349472" lat="25.3787493" lon="51.5381650" /><node id="12214349473" lat="25.3787755" lon="51.5381412" /><node id="12214349474" lat="25.3789302" lon="51.5388108" /><node id="12214349475" lat="25.3789172" lon="51.5387932" /><node id="12214349476" lat="25.3784434" lon="51.5392157" /><node id="12214349477" lat="25.3784637" lon="51.5392432" /><node id="12214349478" lat="25.3785763" lon="51.5391413" /><node id="12214349479" lat="25.3785643" lon="51.5391251" /><node id="12214349480" lat="25.3786085" lon="51.5390850" /><node id="12214349481" lat="25.3787177" lon="51.5390111" /><node id="12214349482" lat="25.3785813" lon="51.5388266" /><node id="12214349483" lat="25.3784674" lon="51.5389297" /><node id="12214349484" lat="25.3778539" lon="51.5381510" /><node id="12214349485" lat="25.3778692" lon="51.5381452" /><node id="12214349486" lat="25.3779630" lon="51.5383399" /><node id="12214349487" lat="25.3779182" lon="51.5383570" /><node id="12214349488" lat="25.3781391" lon="51.5382601" /><node id="12214349489" lat="25.3782243" lon="51.5382276" /><node id="12214349490" lat="25.3781535" lon="51.5380330" /><node id="12214349491" lat="25.3781107" lon="51.5380476" /><node id="12214349492" lat="25.3780815" lon="51.5379541" /><node id="12214349493" lat="25.3780634" lon="51.5379610" /><node id="12214349494" lat="25.3782662" lon="51.5374804" /><node id="12214349495" lat="25.3782309" lon="51.5375125" /><node id="12214349496" lat="25.3785532" lon="51.5379839" /><node id="12214349497" lat="25.3785774" lon="51.5379618" /><node id="12214349498" lat="25.3785331" lon="51.5379022" /><node id="12214349499" lat="25.3785609" lon="51.5379943" /><node id="12214349500" lat="25.3784597" lon="51.5380865" /><node id="12214349501" lat="25.3784451" lon="51.5380669" /><node id="12214349502" lat="25.3781966" lon="51.5377876" /><node id="12214349503" lat="25.3781279" lon="51.5378502" /><node id="12214349504" lat="25.3780071" lon="51.5376877" /><node id="12214349505" lat="25.3780789" lon="51.5376223" /><node id="12214349506" lat="25.3791340" lon="51.5386261" /><node id="12214349507" lat="25.3787919" lon="51.5389068" /><node id="12214349508" lat="25.3785415" lon="51.5382215" /><node id="12214349509" lat="25.3786909" lon="51.5380861" /><node id="12214349510" lat="25.3786196" lon="51.5391000" /><node id="12214349511" lat="25.3783838" lon="51.5392697" /><node id="12214349512" lat="25.3780142" lon="51.5387697" /><node id="12214349513" lat="25.3782148" lon="51.5385880" /><node id="12214349514" lat="25.3781658" lon="51.5383454" /><node id="12214349515" lat="25.3779861" lon="51.5384141" /><node id="12214349516" lat="25.3777327" lon="51.5377080" /><node id="12214349517" lat="25.3779455" lon="51.5376307" /><node id="12214349518" lat="25.3785610" lon="51.5378768" /><node id="12214349519" lat="25.3784208" lon="51.5380891" /><node id="12214349520" lat="25.3780326" lon="51.5375601" /><node id="12214349521" lat="25.3781719" lon="51.5374332" /><node id="12214349522" lat="25.3780788" lon="51.5371616" /><node id="12214349523" lat="25.3779139" lon="51.5373103" /><node id="12214349524" lat="25.3775947" lon="51.5368768" /><node id="12214349525" lat="25.3777596" lon="51.5367281" /><node id="12214349526" lat="25.3773105" lon="51.5371530" /><node id="12214349527" lat="25.3774708" lon="51.5370073" /><node id="12214349528" lat="25.3777947" lon="51.5374441" /><node id="12214349529" lat="25.3776343" lon="51.5375898" /><node id="12216580275" lat="25.3649270" lon="51.5407513" /><node id="12216580278" lat="25.3649131" lon="51.5407059" /><node id="12216648037" lat="25.3663136" lon="51.5451153" /><node id="12216648039" lat="25.3663230" lon="51.5451380" /><node id="12216648056" lat="25.3661025" lon="51.5450748" /><node id="12216648057" lat="25.3659554" lon="51.5445360" /><node id="12216648063" lat="25.3651724" lon="51.5428585" /><node id="12216648074" lat="25.3696636" lon="51.5405026" /><node id="12216648113" lat="25.3696290" lon="51.5404908" /><node id="12216648114" lat="25.3701499" lon="51.5406679" /><node id="12216863734" lat="25.3813472" lon="51.5577983" /><node id="12216863751" lat="25.3820912" lon="51.5552176" /><node id="12216863765" lat="25.3822616" lon="51.5538301" /><node id="12216863772" lat="25.3829949" lon="51.5502917" /><node id="12216863790" lat="25.3831371" lon="51.5487713" /><node id="12216866103" lat="25.3830399" lon="51.5474024" /><node id="12216964810" lat="25.3704361" lon="51.5367931" /><node id="12216964811" lat="25.3705774" lon="51.5366694" /><node id="12217016388" lat="25.3731396" lon="51.5439603" /><node id="12217016580" lat="25.3723362" lon="51.5431102" /><node id="12218826661" lat="25.3689245" lon="51.5479980" /><node id="12218855770" lat="25.3711919" lon="51.5468281" /><node id="12218855771" lat="25.3716718" lon="51.5462651" /><node id="12218855937" lat="25.3680368" lon="51.5474625" /><node id="12218855938" lat="25.3680021" lon="51.5474490" /><node id="12218877443" lat="25.3730737" lon="51.5374413" /><node id="12218877444" lat="25.3731189" lon="51.5379246" /><node id="12218877445" lat="25.3732343" lon="51.5383493" /><node id="12218877446" lat="25.3732150" lon="51.5382205" /><node id="12218877447" lat="25.3731708" lon="51.5380374" /><node id="12218877448" lat="25.3732669" lon="51.5385000" /><node id="12218877449" lat="25.3733899" lon="51.5388179" /><node id="12218877450" lat="25.3733554" lon="51.5387974" /><node id="12218877451" lat="25.3734131" lon="51.5388081" /><node id="12218877452" lat="25.3738132" lon="51.5394915" /><node id="12218877453" lat="25.3738811" lon="51.5397602" /><node id="12218877454" lat="25.3738498" lon="51.5397703" /><node id="12218877455" lat="25.3738124" lon="51.5397661" /><node id="12218877456" lat="25.3737789" lon="51.5397501" /><node id="12218877457" lat="25.3745460" lon="51.5409776" /><node id="12218877462" lat="25.3746644" lon="51.5409785" /><node id="12218877463" lat="25.3746682" lon="51.5409859" /><node id="12218877464" lat="25.3746346" lon="51.5408678" /><node id="12218877465" lat="25.3744970" lon="51.5407326" /><node id="12218877466" lat="25.3744365" lon="51.5406783" /><node id="12218877467" lat="25.3743932" lon="51.5405846" /><node id="12218877468" lat="25.3739973" lon="51.5399392" /><node id="12218877469" lat="25.3739550" lon="51.5398796" /><node id="12218877470" lat="25.3736567" lon="51.5391595" /><node id="12218877471" lat="25.3734071" lon="51.5389069" /><node id="12218877472" lat="25.3733987" lon="51.5389263" /><node id="12218877473" lat="25.3734025" lon="51.5389508" /><node id="12218877474" lat="25.3734353" lon="51.5388858" /><node id="12218877475" lat="25.3730208" lon="51.5374871" /><node id="12218877476" lat="25.3730159" lon="51.5375339" /><node id="12218877477" lat="25.3730371" lon="51.5374637" /><node id="12218877583" lat="25.3730054" lon="51.5372721" /><node id="12218877584" lat="25.3729823" lon="51.5372721" /><node id="12218877585" lat="25.3729621" lon="51.5372636" /><node id="12218877586" lat="25.3728159" lon="51.5367814" /><node id="12218877587" lat="25.3728159" lon="51.5367165" /><node id="12218877588" lat="25.3728236" lon="51.5366568" /><node id="12218877589" lat="25.3728332" lon="51.5366207" /><node id="12218877590" lat="25.3728553" lon="51.5365717" /><node id="12218877591" lat="25.3728448" lon="51.5364280" /><node id="12218877592" lat="25.3728169" lon="51.5363939" /><node id="12218877593" lat="25.3727284" lon="51.5363173" /><node id="12218877594" lat="25.3726601" lon="51.5362130" /><node id="12218877595" lat="25.3726207" lon="51.5359905" /><node id="12218877596" lat="25.3726168" lon="51.5359245" /><node id="12218877597" lat="25.3726284" lon="51.5358819" /><node id="12218877598" lat="25.3726553" lon="51.5358394" /><node id="12757170317" lat="25.3738304" lon="51.5421923" /><node id="12757170318" lat="25.3736193" lon="51.5422638" /><node id="13152665007" lat="25.3738889" lon="51.5532083" /><node id="13152665008" lat="25.3739575" lon="51.5532728" /><node id="13152665009" lat="25.3738482" lon="51.5534152" /><node id="13152665010" lat="25.3737796" lon="51.5533508" /><node id="13152665011" lat="25.3739946" lon="51.5533597" /><node id="13152665012" lat="25.3740632" lon="51.5534241" /><node id="13152665013" lat="25.3739540" lon="51.5535666" /><node id="13152665014" lat="25.3738854" lon="51.5535022" /><node id="13152665015" lat="25.3741177" lon="51.5534823" /><node id="13152665016" lat="25.3741799" lon="51.5535543" /><node id="13152665017" lat="25.3740579" lon="51.5536834" /><node id="13152665018" lat="25.3739957" lon="51.5536115" /><node id="13152665019" lat="25.3742091" lon="51.5535961" /><node id="13152665020" lat="25.3742713" lon="51.5536681" /><node id="13152665021" lat="25.3741493" lon="51.5537973" /><node id="13152665022" lat="25.3740871" lon="51.5537253" /><node id="13152665023" lat="25.3742970" lon="51.5537248" /><node id="13152665024" lat="25.3743592" lon="51.5537967" /><node id="13152665025" lat="25.3742372" lon="51.5539259" /><node id="13152665026" lat="25.3741750" lon="51.5538540" /><node id="13152665027" lat="25.3743989" lon="51.5538498" /><node id="13152665028" lat="25.3744579" lon="51.5539249" /><node id="13152665029" lat="25.3743303" lon="51.5540475" /><node id="13152665030" lat="25.3742714" lon="51.5539723" /><node id="13152665031" lat="25.3744854" lon="51.5539832" /><node id="13152665032" lat="25.3745444" lon="51.5540584" /><node id="13152665033" lat="25.3744168" lon="51.5541809" /><node id="13152665034" lat="25.3743579" lon="51.5541058" /><node id="13152665035" lat="25.3745845" lon="51.5541350" /><node id="13152665036" lat="25.3746370" lon="51.5542158" /><node id="13152665037" lat="25.3744999" lon="51.5543249" /><node id="13152665038" lat="25.3744474" lon="51.5542441" /><node id="13152665039" lat="25.3737761" lon="51.5536813" /><node id="13152665040" lat="25.3738394" lon="51.5537544" /><node id="13152665041" lat="25.3737076" lon="51.5538941" /><node id="13152665042" lat="25.3736443" lon="51.5538210" /><node id="13152665043" lat="25.3738854" lon="51.5538129" /><node id="13152665044" lat="25.3739487" lon="51.5538860" /><node id="13152665045" lat="25.3738169" lon="51.5540258" /><node id="13152665046" lat="25.3737536" lon="51.5539527" /><node id="13152665047" lat="25.3739789" lon="51.5539440" /><node id="13152665048" lat="25.3740383" lon="51.5540210" /><node id="13152665049" lat="25.3738995" lon="51.5541521" /><node id="13152665050" lat="25.3738401" lon="51.5540750" /><node id="13152665051" lat="25.3740702" lon="51.5540741" /><node id="13152665052" lat="25.3741295" lon="51.5541511" /><node id="13152665053" lat="25.3739907" lon="51.5542822" /><node id="13152665054" lat="25.3739313" lon="51.5542052" /><node id="13152665055" lat="25.3741773" lon="51.5542062" /><node id="13152665056" lat="25.3742366" lon="51.5542832" /><node id="13152665057" lat="25.3740978" lon="51.5544143" /><node id="13152665058" lat="25.3740384" lon="51.5543373" /><node id="13152665059" lat="25.3742695" lon="51.5543543" /><node id="13152665060" lat="25.3743162" lon="51.5544414" /><node id="13152665061" lat="25.3741592" lon="51.5545444" /><node id="13152665062" lat="25.3741125" lon="51.5544573" /><node id="13152665063" lat="25.3737553" lon="51.5540536" /><node id="13152665064" lat="25.3737086" lon="51.5541406" /><node id="13152665065" lat="25.3735517" lon="51.5540375" /><node id="13152665066" lat="25.3735984" lon="51.5539504" /><node id="13152665067" lat="25.3736988" lon="51.5541870" /><node id="13152665068" lat="25.3736521" lon="51.5542740" /><node id="13152665069" lat="25.3734952" lon="51.5541709" /><node id="13152665070" lat="25.3735420" lon="51.5540838" /><node id="13152665071" lat="25.3736161" lon="51.5543261" /><node id="13152665072" lat="25.3735694" lon="51.5544131" /><node id="13152665073" lat="25.3734125" lon="51.5543100" /><node id="13152665074" lat="25.3734592" lon="51.5542229" /><node id="13152665075" lat="25.3735399" lon="51.5544581" /><node id="13152665076" lat="25.3734932" lon="51.5545451" /><node id="13152665077" lat="25.3733363" lon="51.5544420" /><node id="13152665078" lat="25.3733830" lon="51.5543549" /><node id="13152665079" lat="25.3734639" lon="51.5545963" /><node id="13152665080" lat="25.3734228" lon="51.5546868" /><node id="13152665081" lat="25.3732597" lon="51.5545960" /><node id="13152665082" lat="25.3733009" lon="51.5545055" /><node id="13152665083" lat="25.3736312" lon="51.5533790" /><node id="13152665084" lat="25.3735860" lon="51.5534670" /><node id="13152665085" lat="25.3734274" lon="51.5533671" /><node id="13152665086" lat="25.3734727" lon="51.5532790" /><node id="13152665087" lat="25.3735615" lon="51.5535054" /><node id="13152665088" lat="25.3735162" lon="51.5535933" /><node id="13152665089" lat="25.3733576" lon="51.5534934" /><node id="13152665090" lat="25.3734029" lon="51.5534054" /><node id="13152665091" lat="25.3734851" lon="51.5536444" /><node id="13152665092" lat="25.3734399" lon="51.5537324" /><node id="13152665093" lat="25.3732813" lon="51.5536325" /><node id="13152665094" lat="25.3733266" lon="51.5535445" /><node id="13152665095" lat="25.3734105" lon="51.5537836" /><node id="13152665096" lat="25.3733652" lon="51.5538716" /><node id="13152665097" lat="25.3732066" lon="51.5537717" /><node id="13152665098" lat="25.3732519" lon="51.5536837" /><node id="13152665099" lat="25.3733389" lon="51.5539052" /><node id="13152665100" lat="25.3732936" lon="51.5539932" /><node id="13152677000" lat="25.3751138" lon="51.5568629" /><node id="13152681501" lat="25.3752195" lon="51.5569136" /><node id="13152681502" lat="25.3751573" lon="51.5570724" /><node id="13152681503" lat="25.3750516" lon="51.5570218" /><node id="13152681504" lat="25.3749196" lon="51.5568476" /><node id="13152681505" lat="25.3750348" lon="51.5568471" /><node id="13152681506" lat="25.3750355" lon="51.5570202" /><node id="13152681507" lat="25.3749203" lon="51.5570207" /><node id="13152681508" lat="25.3747640" lon="51.5568850" /><node id="13152681509" lat="25.3748749" lon="51.5568505" /><node id="13152681510" lat="25.3749173" lon="51.5570171" /><node id="13152681511" lat="25.3748064" lon="51.5570516" /><node id="13152681512" lat="25.3746140" lon="51.5570056" /><node id="13152681513" lat="25.3747016" lon="51.5569228" /><node id="13152681514" lat="25.3748032" lon="51.5570545" /><node id="13152681515" lat="25.3747156" lon="51.5571373" /><node id="13152683455" lat="25.3697071" lon="51.5545661" /><node id="13152683456" lat="25.3694648" lon="51.5547573" /><node id="13152683457" lat="25.3695072" lon="51.5548230" /><node id="13152683458" lat="25.3694495" lon="51.5548686" /><node id="13152683459" lat="25.3695947" lon="51.5550940" /><node id="13152683460" lat="25.3696609" lon="51.5550417" /><node id="13152683461" lat="25.3696962" lon="51.5550967" /><node id="13152683462" lat="25.3699301" lon="51.5549121" /><node id="13152683463" lat="25.3692436" lon="51.5540497" /><node id="13152683464" lat="25.3690434" lon="51.5542934" /><node id="13152683465" lat="25.3690975" lon="51.5543477" /><node id="13152683466" lat="25.3690497" lon="51.5544058" /><node id="13152683467" lat="25.3692349" lon="51.5545920" /><node id="13152683468" lat="25.3692895" lon="51.5545254" /><node id="13152683469" lat="25.3693346" lon="51.5545708" /><node id="13152683470" lat="25.3695277" lon="51.5543355" /><node id="13152683471" lat="25.3686580" lon="51.5536283" /><node id="13152683472" lat="25.3685082" lon="51.5539129" /><node id="13152683473" lat="25.3685713" lon="51.5539535" /><node id="13152683474" lat="25.3685355" lon="51.5540213" /><node id="13152683475" lat="25.3687517" lon="51.5541607" /><node id="13152683476" lat="25.3687926" lon="51.5540830" /><node id="13152683477" lat="25.3688452" lon="51.5541169" /><node id="13152683478" lat="25.3689898" lon="51.5538423" /><node id="13152683479" lat="25.3680123" lon="51.5533113" /><node id="13152683480" lat="25.3679074" lon="51.5536195" /><node id="13152683481" lat="25.3679757" lon="51.5536479" /><node id="13152683482" lat="25.3679507" lon="51.5537214" /><node id="13152683483" lat="25.3681847" lon="51.5538191" /><node id="13152683484" lat="25.3682134" lon="51.5537349" /><node id="13152683485" lat="25.3682704" lon="51.5537587" /><node id="13152683486" lat="25.3683717" lon="51.5534613" /><node id="13152683487" lat="25.3673482" lon="51.5531887" /><node id="13152683488" lat="25.3673017" lon="51.5535140" /><node id="13152683489" lat="25.3673738" lon="51.5535265" /><node id="13152683490" lat="25.3673627" lon="51.5536041" /><node id="13152683491" lat="25.3676098" lon="51.5536473" /><node id="13152683492" lat="25.3676225" lon="51.5535585" /><node id="13152683493" lat="25.3676827" lon="51.5535690" /><node id="13152683494" lat="25.3677275" lon="51.5532550" /><node id="13152683495" lat="25.3666642" lon="51.5531435" /><node id="13152683496" lat="25.3666618" lon="51.5534728" /><node id="13152683497" lat="25.3667347" lon="51.5534734" /><node id="13152683498" lat="25.3667341" lon="51.5535519" /><node id="13152683499" lat="25.3669843" lon="51.5535542" /><node id="13152683500" lat="25.3669849" lon="51.5534643" /><node id="13152684301" lat="25.3731350" lon="51.5538933" /><node id="13152684302" lat="25.3731803" lon="51.5538053" /><node id="13152684303" lat="25.3732753" lon="51.5540481" /><node id="13152684304" lat="25.3732300" lon="51.5541360" /><node id="13152684305" lat="25.3730714" lon="51.5540361" /><node id="13152684306" lat="25.3731167" lon="51.5539481" /><node id="13152684307" lat="25.3732021" lon="51.5542012" /><node id="13152684308" lat="25.3731569" lon="51.5542892" /><node id="13152684309" lat="25.3729983" lon="51.5541893" /><node id="13152684310" lat="25.3730436" lon="51.5541013" /><node id="13152684311" lat="25.3731226" lon="51.5543440" /><node id="13152684312" lat="25.3730773" lon="51.5544320" /><node id="13152684313" lat="25.3729188" lon="51.5543320" /><node id="13152684314" lat="25.3729640" lon="51.5542440" /><node id="13152684315" lat="25.3730572" lon="51.5544825" /><node id="13152684316" lat="25.3730240" lon="51.5545769" /><node id="13152684317" lat="25.3728540" lon="51.5545037" /><node id="13152684318" lat="25.3728871" lon="51.5544093" /><node id="13152684319" lat="25.3730008" lon="51.5546244" /><node id="13152684320" lat="25.3729750" lon="51.5547215" /><node id="13152684321" lat="25.3727999" lon="51.5546646" /><node id="13152684322" lat="25.3728257" lon="51.5545675" /><node id="13152684323" lat="25.3729543" lon="51.5547774" /><node id="13152684324" lat="25.3729372" lon="51.5548769" /><node id="13152684325" lat="25.3727580" lon="51.5548391" /><node id="13152684326" lat="25.3727751" lon="51.5547396" /><node id="13152684327" lat="25.3734011" lon="51.5547305" /><node id="13152684328" lat="25.3732498" lon="51.5546658" /><node id="13152684329" lat="25.3732067" lon="51.5547891" /><node id="13152684330" lat="25.3733580" lon="51.5548538" /><node id="13152684331" lat="25.3736698" lon="51.5547520" /><node id="13152684332" lat="25.3736326" lon="51.5545773" /><node id="13152684333" lat="25.3735163" lon="51.5546077" /><node id="13152684334" lat="25.3735535" lon="51.5547823" /><node id="13152684335" lat="25.3738194" lon="51.5546825" /><node id="13152684336" lat="25.3737711" lon="51.5545112" /><node id="13152684337" lat="25.3736570" lon="51.5545507" /><node id="13152684338" lat="25.3737054" lon="51.5547220" /><node id="13152684339" lat="25.3739618" lon="51.5546322" /><node id="13152684340" lat="25.3739134" lon="51.5544609" /><node id="13152684341" lat="25.3737994" lon="51.5545004" /><node id="13152684342" lat="25.3738478" lon="51.5546717" /><node id="13152684343" lat="25.3740929" lon="51.5545807" /><node id="13152684344" lat="25.3740445" lon="51.5544094" /><node id="13152684345" lat="25.3739305" lon="51.5544489" /><node id="13152684346" lat="25.3739789" lon="51.5546202" /><node id="13152684366" lat="25.3747834" lon="51.5546372" /><node id="13152684367" lat="25.3747067" lon="51.5546893" /><node id="13152684368" lat="25.3746184" lon="51.5545299" /><node id="13152684369" lat="25.3746951" lon="51.5544779" /><node id="13152684370" lat="25.3746402" lon="51.5547231" /><node id="13152684371" lat="25.3745610" lon="51.5547704" /><node id="13152684372" lat="25.3744808" lon="51.5546059" /><node id="13152684373" lat="25.3745600" lon="51.5545586" /><node id="13152684374" lat="25.3745156" lon="51.5548146" /><node id="13152684375" lat="25.3744364" lon="51.5548619" /><node id="13152684376" lat="25.3743562" lon="51.5546974" /><node id="13152684377" lat="25.3744353" lon="51.5546501" /><node id="13152684378" lat="25.3743735" lon="51.5548946" /><node id="13152684379" lat="25.3742887" lon="51.5549281" /><node id="13152684380" lat="25.3742320" lon="51.5547520" /><node id="13152684381" lat="25.3743168" lon="51.5547186" /><node id="13152684382" lat="25.3742366" lon="51.5549784" /><node id="13152684383" lat="25.3741518" lon="51.5550118" /><node id="13152684384" lat="25.3740951" lon="51.5548357" /><node id="13152684385" lat="25.3741798" lon="51.5548023" /><node id="13152684386" lat="25.3741062" lon="51.5550411" /><node id="13152684387" lat="25.3740214" lon="51.5550746" /><node id="13152684388" lat="25.3739647" lon="51.5548985" /><node id="13152684389" lat="25.3740495" lon="51.5548651" /><node id="13152684390" lat="25.3739554" lon="51.5551004" /><node id="13152684391" lat="25.3738682" lon="51.5551247" /><node id="13152684392" lat="25.3738270" lon="51.5549434" /><node id="13152684393" lat="25.3739142" lon="51.5549191" /><node id="13152684394" lat="25.3738169" lon="51.5551612" /><node id="13152684395" lat="25.3737296" lon="51.5551855" /><node id="13152684396" lat="25.3736885" lon="51.5550042" /><node id="13152684397" lat="25.3737757" lon="51.5549800" /><node id="13152684398" lat="25.3736630" lon="51.5552050" /><node id="13152684399" lat="25.3735746" lon="51.5552236" /><node id="13152684400" lat="25.3735431" lon="51.5550400" /><node id="13152684401" lat="25.3736315" lon="51.5550214" /><node id="13152684402" lat="25.3735065" lon="51.5552306" /><node id="13152684403" lat="25.3734168" lon="51.5552385" /><node id="13152684404" lat="25.3734034" lon="51.5550522" /><node id="13152684405" lat="25.3734930" lon="51.5550443" /><node id="13152684406" lat="25.3733668" lon="51.5552666" /><node id="13152684407" lat="25.3732771" lon="51.5552746" /><node id="13152684408" lat="25.3732636" lon="51.5550882" /><node id="13152684409" lat="25.3733533" lon="51.5550803" /><node id="13152684410" lat="25.3732145" lon="51.5552854" /><node id="13152684411" lat="25.3731246" lon="51.5552869" /><node id="13152684412" lat="25.3731220" lon="51.5551000" /><node id="13152684413" lat="25.3732119" lon="51.5550985" /><node id="13152684414" lat="25.3730817" lon="51.5552971" /><node id="13152684415" lat="25.3729917" lon="51.5552986" /><node id="13152684416" lat="25.3729892" lon="51.5551117" /><node id="13152684417" lat="25.3730791" lon="51.5551102" /><node id="13152684418" lat="25.3729197" lon="51.5553032" /><node id="13152684419" lat="25.3728297" lon="51.5553047" /><node id="13152684420" lat="25.3728272" lon="51.5551178" /><node id="13152684421" lat="25.3729171" lon="51.5551163" /><node id="13152701601" lat="25.3670459" lon="51.5534649" /><node id="13152701602" lat="25.3670482" lon="51.5531470" /><node id="13152701603" lat="25.3659913" lon="51.5532496" /><node id="13152701604" lat="25.3660446" lon="51.5535736" /><node id="13152701605" lat="25.3661163" lon="51.5535591" /><node id="13152701606" lat="25.3661291" lon="51.5536363" /><node id="13152701607" lat="25.3663752" lon="51.5535867" /><node id="13152701608" lat="25.3663606" lon="51.5534982" /><node id="13152701609" lat="25.3664205" lon="51.5534861" /><node id="13152701610" lat="25.3663691" lon="51.5531735" /><way id="133985096" timestamp="2021-03-03T17:34:20Z"><nd ref="7206528499" /><nd ref="7206528483" /><nd ref="7206528484" /><nd ref="7206528485" /><nd ref="7206528486" /><nd ref="7206528487" /><nd ref="7206528491" /><nd ref="1630386892" /><nd ref="7206528490" /><nd ref="7206528488" /><nd ref="7206528489" /><nd ref="8483504985" /><nd ref="8483504986" /><nd ref="7206528481" /><tag k="natural" v="coastline" /></way><way id="150117959" timestamp="2022-05-05T03:51:03Z"><nd ref="9412926283" /><nd ref="9412926284" /><nd ref="9412926285" /><nd ref="9589135627" /><nd ref="1643583598" /><nd ref="1643583392" /><nd ref="1628752563" /><nd ref="1352294820" /><nd ref="1352294802" /><nd ref="1628752527" /><nd ref="1628752545" /><nd ref="1643583753" /><nd ref="1630387053" /><nd ref="1643583412" /><nd ref="1643583900" /><nd ref="1630386927" /><nd ref="1643583794" /><nd ref="1630387081" /><nd ref="1630386936" /><nd ref="1630387061" /><nd ref="9717021544" /><nd ref="1643583842" /><nd ref="1630387123" /><nd ref="1643583528" /><nd ref="8155467416" /><nd ref="1643583568" /><nd ref="1630387195" /><nd ref="1643583402" /><nd ref="1630387166" /><nd ref="1643583566" /><nd ref="1630386899" /><nd ref="9412926288" /><nd ref="9412926287" /><tag k="natural" v="coastline" /></way><way id="150117964" timestamp="2022-08-15T11:05:37Z"><nd ref="1630386968" /><nd ref="1643289937" /><nd ref="1630387160" /><nd ref="1630386907" /><nd ref="1643278761" /><nd ref="1643278745" /><nd ref="1630387159" /><nd ref="1630387215" /><nd ref="1643278810" /><nd ref="1643278798" /><nd ref="1643278695" /><nd ref="1630386989" /><nd ref="1643278682" /><nd ref="1643278738" /><nd ref="1630387161" /><nd ref="1643278678" /><nd ref="1643278808" /><nd ref="1630386971" /><nd ref="1643278820" /><nd ref="1643278693" /><nd ref="1630387162" /><nd ref="1643278809" /><nd ref="1643278813" /><nd ref="1643278818" /><nd ref="1630386896" /><nd ref="1643278772" /><nd ref="1643278749" /><nd ref="1643278731" /><nd ref="1630387096" /><nd ref="1643278709" /><nd ref="1643278719" /><nd ref="1643278714" /><nd ref="1630387008" /><nd ref="1643278685" /><nd ref="1643278821" /><nd ref="1643278708" /><nd ref="1643278679" /><nd ref="8720813131" /><nd ref="1630386943" /><nd ref="9589346739" /><nd ref="1630387003" /><nd ref="1643278733" /><nd ref="1643278687" /><nd ref="1643278769" /><nd ref="1643278742" /><nd ref="1630387197" /><nd ref="1630386934" /><nd ref="1643278704" /><nd ref="1643278812" /><nd ref="1643278792" /><nd ref="1630386973" /><nd ref="1643278774" /><nd ref="1630386968" /><tag k="natural" v="coastline" /></way><way id="151514909" timestamp="2022-08-03T00:45:10Z"><nd ref="3273869201" /><nd ref="1643278795" /><nd ref="3273869202" /><nd ref="1643278706" /><nd ref="3273869203" /><nd ref="1643278802" /><nd ref="3273869204" /><nd ref="1643278815" /><nd ref="1643278766" /><nd ref="3273869205" /><nd ref="1643278803" /><nd ref="3273869206" /><nd ref="1643278752" /><nd ref="1643278828" /><nd ref="3273869207" /><nd ref="1643278765" /><nd ref="3273869212" /><nd ref="1643278758" /><nd ref="1643278760" /><nd ref="3273869208" /><nd ref="1643278689" /><nd ref="1643278825" /><nd ref="3273869209" /><nd ref="1643278826" /><nd ref="1643278777" /><nd ref="3273869210" /><nd ref="1643278782" /><nd ref="3273869211" /><nd ref="1643278805" /><nd ref="3273869191" /><nd ref="1643278790" /><nd ref="1643278823" /><nd ref="3273869192" /><nd ref="3273869193" /><nd ref="1643278794" /><nd ref="3273869194" /><nd ref="3273869195" /><nd ref="1643278834" /><nd ref="3273869196" /><nd ref="1643278754" /><nd ref="1643278743" /><nd ref="3273869197" /><nd ref="1643278817" /><nd ref="1643278797" /><nd ref="3273869198" /><nd ref="1643278691" /><nd ref="1643278736" /><nd ref="3273869199" /><nd ref="3273869200" /><nd ref="1643278763" /><nd ref="1643278785" /><nd ref="3273869201" /><tag k="natural" v="coastline" /></way><way id="151543354" timestamp="2020-02-12T08:41:18Z"><nd ref="1643583648" /><nd ref="1643583933" /><nd ref="1643583537" /><nd ref="1643583655" /><nd ref="1643583573" /><nd ref="1643583745" /><nd ref="1643583756" /><nd ref="1643583493" /><nd ref="1643583953" /><nd ref="1643583670" /><nd ref="1643583698" /><nd ref="1643583663" /><nd ref="1643583799" /><nd ref="1643583806" /><nd ref="1643583803" /><nd ref="1643583543" /><nd ref="1643583534" /><nd ref="1643583926" /><nd ref="7205461972" /><nd ref="1643583407" /><nd ref="7205461971" /><nd ref="1643583531" /><nd ref="7205461970" /><nd ref="1643583972" /><nd ref="7205461969" /><nd ref="1643583611" /><nd ref="1643583977" /><nd ref="7205461968" /><nd ref="7205461967" /><nd ref="1643583956" /><nd ref="1643583748" /><nd ref="1643583945" /><nd ref="1643583641" /><nd ref="1643583621" /><nd ref="1643583695" /><nd ref="1643583690" /><nd ref="1643583497" /><nd ref="1643583648" /><tag k="natural" v="water" /></way><way id="151543355" timestamp="2016-10-07T21:25:27Z"><nd ref="1643583848" /><nd ref="1643583445" /><nd ref="1643583693" /><nd ref="1643583506" /><nd ref="1643583449" /><nd ref="1643583836" /><nd ref="1643583940" /><nd ref="1643583422" /><nd ref="1643583701" /><nd ref="1643583713" /><nd ref="1643583561" /><nd ref="1643583504" /><nd ref="1643583463" /><nd ref="1643583485" /><nd ref="1643583624" /><nd ref="1643583805" /><nd ref="1643583525" /><nd ref="1643583447" /><nd ref="1643583466" /><nd ref="1643583886" /><nd ref="1643583851" /><nd ref="1643583502" /><nd ref="1643583500" /><nd ref="1643583797" /><nd ref="1643583893" /><nd ref="1643583688" /><nd ref="1643583739" /><nd ref="1643583982" /><nd ref="1643583417" /><nd ref="1643583430" /><nd ref="1643583579" /><nd ref="1643583943" /><nd ref="1643583859" /><nd ref="1643583454" /><nd ref="1643583609" /><nd ref="1643583796" /><nd ref="1643583397" /><nd ref="1643583606" /><nd ref="1643583559" /><nd ref="1643583948" /><nd ref="1643583530" /><nd ref="1643583845" /><nd ref="1643583717" /><nd ref="1643583482" /><nd ref="1643583760" /><nd ref="1643583848" /><tag k="natural" v="water" /></way><way id="151543356" timestamp="2024-10-02T21:13:15Z"><nd ref="1643583951" /><nd ref="1643583856" /><nd ref="1643583929" /><nd ref="1643583563" /><nd ref="1643583614" /><nd ref="1643583741" /><nd ref="1643583937" /><nd ref="12216964811" /><nd ref="1643583489" /><nd ref="1643583743" /><nd ref="1643583883" /><nd ref="12216964810" /><nd ref="1643583519" /><nd ref="1643583708" /><nd ref="1643583894" /><nd ref="1643583488" /><nd ref="1643583829" /><nd ref="1643583832" /><nd ref="1643583522" /><nd ref="1643583801" /><nd ref="1643583704" /><nd ref="1643583652" /><nd ref="1643583601" /><nd ref="1643583991" /><nd ref="1643583576" /><nd ref="1643583452" /><nd ref="1643583673" /><nd ref="1643583427" /><nd ref="1643583667" /><nd ref="1643583623" /><nd ref="1643583904" /><nd ref="1643583659" /><nd ref="1643583789" /><nd ref="1643583749" /><nd ref="1643583460" /><nd ref="1643583792" /><nd ref="1643583604" /><nd ref="1643583890" /><nd ref="1643583897" /><nd ref="1643583853" /><nd ref="1643583951" /><tag k="natural" v="water" /></way><way id="155286881" timestamp="2026-02-01T07:09:00Z"><nd ref="1676879857" /><nd ref="9687188525" /><nd ref="1676879863" /><nd ref="1676879846" /><nd ref="1676879801" /><nd ref="1676879857" /><tag k="building" v="apartments" /></way><way id="155286885" timestamp="2026-02-01T07:09:00Z"><nd ref="1676879801" /><nd ref="1676879805" /><nd ref="1676879807" /><nd ref="1676879846" /><nd ref="1676879801" /><tag k="building" v="apartments" /></way><way id="155286891" timestamp="2018-08-21T23:16:53Z"><nd ref="5847397896" /><nd ref="1676879821" /><nd ref="1676879875" /><nd ref="5847397895" /><nd ref="5847397896" /><tag k="building" v="apartments" /></way><way id="155286893" timestamp="2022-04-20T17:57:40Z"><nd ref="1676879840" /><nd ref="1585646358" /><nd ref="1676879817" /><nd ref="1676879877" /><nd ref="1676879843" /><nd ref="1676879838" /><nd ref="1676879791" /><nd ref="1676879789" /><nd ref="1676879812" /><nd ref="1676879778" /><nd ref="1676879775" /><nd ref="1676879792" /><nd ref="1676879824" /><nd ref="1676879800" /><nd ref="5325033411" /><nd ref="5325033410" /><nd ref="5325033409" /><nd ref="9680754714" /><nd ref="1676879788" /><nd ref="1676879782" /><nd ref="1676879859" /><nd ref="1676879816" /><nd ref="1676879815" /><nd ref="1676879840" /><tag k="building" v="yes" /></way><way id="202776019" timestamp="2026-02-01T07:09:00Z"><nd ref="4879465138" /><nd ref="2127176813" /><nd ref="2127176817" /><nd ref="2127176819" /><nd ref="4879465138" /><tag k="building" v="apartments" /></way><way id="202776020" timestamp="2022-07-27T13:03:13Z"><nd ref="2127176780" /><nd ref="2127176779" /><nd ref="2127176781" /><nd ref="2127176783" /><nd ref="2127176782" /><nd ref="2127176784" /><nd ref="2127176785" /><nd ref="2127176786" /><nd ref="2127176780" /><tag k="building" v="residential" /></way><way id="211654930" timestamp="2022-04-20T04:16:37Z"><nd ref="2216325014" /><nd ref="2216325018" /><nd ref="2216325022" /><nd ref="2216325016" /><nd ref="2216325020" /><nd ref="9500693604" /><nd ref="9500693602" /><nd ref="9500693603" /><nd ref="2216318385" /><nd ref="2216325014" /><tag k="building" v="yes" /></way><way id="251205917" timestamp="2024-10-03T14:32:31Z"><nd ref="9589172786" /><nd ref="12217016580" /><nd ref="1643609852" /><nd ref="1643219971" /><nd ref="1643220178" /><nd ref="1643219935" /><nd ref="1643609849" /><nd ref="12217016388" /><nd ref="1643609906" /><nd ref="9710719573" /><nd ref="1643220187" /><nd ref="1643220101" /><nd ref="8732964611" /><nd ref="8732964578" /><nd ref="1643609840" /><nd ref="9710719584" /><nd ref="1643609924" /><nd ref="1643220173" /><nd ref="1643219955" /><nd ref="7205825259" /><nd ref="1643219977" /><nd ref="1643270424" /><nd ref="12218855771" /><nd ref="1643220058" /><nd ref="9710671603" /><nd ref="12218855770" /><nd ref="1643220019" /><nd ref="1643219994" /><nd ref="1643289900" /><nd ref="9710847156" /><nd ref="1643220338" /><nd ref="1643289944" /><nd ref="1643289860" /><nd ref="9710847158" /><nd ref="1643220068" /><nd ref="1643289753" /><nd ref="1643289751" /><nd ref="1643289729" /><nd ref="9710847154" /><nd ref="1643353727" /><nd ref="1643289829" /><nd ref="12218826661" /><nd ref="1643219969" /><nd ref="9710847181" /><nd ref="1643289974" /><nd ref="9710847183" /><nd ref="1643220021" /><nd ref="1643220055" /><nd ref="9710847155" /><nd ref="12218855937" /><nd ref="9710700418" /><nd ref="12218855938" /><nd ref="1643220262" /><nd ref="7200231472" /><nd ref="9710851735" /><nd ref="7200231469" /><nd ref="9710851733" /><nd ref="1643609720" /><nd ref="1643220228" /><nd ref="1643609815" /><nd ref="1643220133" /><nd ref="1643609784" /><nd ref="9710863474" /><nd ref="1643219974" /><nd ref="7200231450" /><nd ref="1643220255" /><nd ref="1643220185" /><nd ref="12216648039" /><nd ref="12216648037" /><nd ref="1643289802" /><nd ref="1643219992" /><nd ref="1643220324" /><nd ref="9547648511" /><nd ref="12216648056" /><nd ref="1643220014" /><nd ref="9547648510" /><nd ref="1643609777" /><nd ref="12216648057" /><nd ref="1643219949" /><nd ref="1643220242" /><nd ref="1643220221" /><nd ref="9706322088" /><nd ref="1643219939" /><nd ref="1643609842" /><nd ref="9547648508" /><nd ref="1352294158" /><nd ref="12216648063" /><nd ref="9536437076" /><nd ref="1643219962" /><nd ref="1352294001" /><nd ref="1643220103" /><nd ref="1643220249" /><tag k="natural" v="coastline" /></way><way id="251387780" timestamp="2021-03-16T10:33:48Z"><nd ref="2576116591" /><nd ref="7205461916" /><nd ref="2576116593" /><nd ref="5295860928" /><nd ref="5295860927" /><nd ref="2576116595" /><nd ref="2576116597" /><nd ref="2576116598" /><nd ref="8524123474" /><nd ref="8524123475" /><nd ref="8524123476" /><nd ref="8524123477" /><nd ref="8524123478" /><nd ref="8524123479" /><nd ref="8524123473" /><nd ref="8524123472" /><nd ref="8524123471" /><nd ref="2576116602" /><nd ref="2576116591" /><tag k="building" v="parking" /></way><way id="251389593" timestamp="2022-07-27T11:59:10Z"><nd ref="2576143705" /><nd ref="2576143708" /><nd ref="5844673191" /><nd ref="2576143710" /><nd ref="2576143705" /><tag k="building" v="commercial" /></way><way id="324802110" timestamp="2021-03-05T18:23:50Z"><nd ref="3314768476" /><nd ref="3314768477" /><nd ref="3314768478" /><nd ref="3314768479" /><nd ref="8489826746" /><nd ref="3314768480" /><nd ref="7200230986" /><nd ref="3314768481" /><nd ref="3314768482" /><nd ref="3314768487" /><nd ref="3314768483" /><nd ref="3314768485" /><nd ref="3314768486" /><nd ref="3314768484" /><nd ref="3314768476" /><tag k="building" v="yes" /></way><way id="324802404" timestamp="2021-03-05T18:55:05Z"><nd ref="5295860873" /><nd ref="3314779548" /><nd ref="3314779549" /><nd ref="8489939538" /><nd ref="3314779552" /><nd ref="3314779553" /><nd ref="3314779559" /><nd ref="3314779554" /><nd ref="3314779555" /><nd ref="3314779558" /><nd ref="3314779556" /><nd ref="3314779557" /><nd ref="5295860873" /><tag k="building" v="yes" /></way><way id="324810764" timestamp="2026-02-01T07:09:00Z"><nd ref="3314831606" /><nd ref="3314831607" /><nd ref="3314831601" /><nd ref="9687407066" /><nd ref="3314831613" /><nd ref="3314831602" /><nd ref="3314831605" /><nd ref="3314831608" /><nd ref="3314831609" /><nd ref="3314831610" /><nd ref="3314831611" /><nd ref="3314831612" /><nd ref="3314831600" /><nd ref="3314831604" /><nd ref="9687407073" /><nd ref="3314831603" /><nd ref="3314831606" /><tag k="building" v="apartments" /></way><way id="344371556" timestamp="2026-02-01T07:09:00Z"><nd ref="3511239706" /><nd ref="3511239707" /><nd ref="3511239705" /><nd ref="3511239708" /><nd ref="3511239706" /><tag k="building" v="apartments" /></way><way id="362100252" timestamp="2026-02-11T06:59:50Z"><nd ref="3664776344" /><nd ref="9601949822" /><nd ref="3664776345" /><nd ref="3664776346" /><nd ref="4818902834" /><nd ref="4818902835" /><nd ref="3664776348" /><nd ref="12109648613" /><nd ref="3664776344" /><tag k="building" v="parking" /></way><way id="362100363" timestamp="2026-02-11T06:59:50Z"><nd ref="3664774539" /><nd ref="8523515225" /><nd ref="3664774540" /><nd ref="3664774541" /><nd ref="3664774542" /><nd ref="4820479404" /><nd ref="4820479403" /><nd ref="3664774543" /><nd ref="3664774539" /><tag k="building" v="parking" /></way><way id="382687378" timestamp="2024-10-01T15:03:10Z"><nd ref="3859095531" /><nd ref="12214349461" /><nd ref="12214349460" /><nd ref="12214349459" /><nd ref="12214349458" /><nd ref="3859095528" /><nd ref="3859095525" /><nd ref="3859095529" /><nd ref="12214349465" /><nd ref="12214349464" /><nd ref="12214349463" /><nd ref="12214349462" /><nd ref="3859095531" /><tag k="building" v="yes" /></way><way id="446414603" timestamp="2016-10-07T21:25:24Z"><nd ref="4436934220" /><nd ref="4436934258" /><nd ref="4436934211" /><nd ref="4436934232" /><nd ref="4436934250" /><nd ref="4436934271" /><nd ref="4436934225" /><nd ref="4436934243" /><nd ref="4436934263" /><nd ref="4436934217" /><nd ref="4436934237" /><nd ref="4436934255" /><nd ref="4436934276" /><nd ref="4436934230" /><nd ref="4436934268" /><nd ref="4436934222" /><nd ref="4436934240" /><nd ref="4436934259" /><nd ref="4436934213" /><nd ref="4436934234" /><nd ref="4436934252" /><nd ref="4436934273" /><nd ref="4436934227" /><nd ref="4436934245" /><nd ref="4436934265" /><nd ref="4436934219" /><nd ref="4436934238" /><nd ref="4436934220" /><tag k="natural" v="water" /></way><way id="446414604" timestamp="2022-03-20T16:56:58Z"><nd ref="4436934272" /><nd ref="4436934212" /><nd ref="4436934233" /><nd ref="4436934251" /><nd ref="4436934272" /><tag k="building" v="service" /></way><way id="448263824" timestamp="2022-10-14T11:00:24Z"><nd ref="4452906386" /><nd ref="4452906387" /><nd ref="4452906388" /><nd ref="4452908389" /><nd ref="4452906386" /><tag k="building" v="yes" /></way><way id="449691514" timestamp="2016-10-27T12:07:34Z"><nd ref="4466270775" /><nd ref="4466270776" /><nd ref="4466270777" /><nd ref="4466270778" /><nd ref="4466270775" /><tag k="building" v="yes" /></way><way id="449691516" timestamp="2016-10-27T12:07:34Z"><nd ref="4466270779" /><nd ref="4466270780" /><nd ref="4466270781" /><nd ref="4466270782" /><nd ref="4466270779" /><tag k="building" v="yes" /></way><way id="489605874" timestamp="2022-01-12T14:44:13Z"><nd ref="5295892573" /><nd ref="4818340749" /><nd ref="4818340750" /><nd ref="5295892572" /><nd ref="5295892571" /><nd ref="5295892570" /><nd ref="5295892573" /><tag k="building" v="fire_station" /></way><way id="489605875" timestamp="2022-07-27T14:27:11Z"><nd ref="4818340752" /><nd ref="4818340753" /><nd ref="4818340754" /><nd ref="4818340755" /><nd ref="7205810924" /><nd ref="7205810925" /><nd ref="4818340756" /><nd ref="4818340757" /><nd ref="4818340758" /><nd ref="4818340759" /><nd ref="4818340760" /><nd ref="4818340761" /><nd ref="4820479940" /><nd ref="4818340762" /><nd ref="4818340763" /><nd ref="4818340752" /><tag k="building" v="industrial" /></way><way id="489619959" timestamp="2026-02-11T06:59:50Z"><nd ref="4818457764" /><nd ref="4818457765" /><nd ref="7205461957" /><nd ref="7205461958" /><nd ref="4818457766" /><nd ref="7205461959" /><nd ref="4818457767" /><nd ref="7205461960" /><nd ref="4818457768" /><nd ref="7205461961" /><nd ref="7205461966" /><nd ref="7205461965" /><nd ref="4818457769" /><nd ref="7205461964" /><nd ref="7205461963" /><nd ref="4818457770" /><nd ref="7205461962" /><nd ref="4818457771" /><nd ref="4818457772" /><nd ref="4818457773" /><nd ref="4818457774" /><nd ref="7205461953" /><nd ref="4818457775" /><nd ref="4818457776" /><nd ref="7205461954" /><nd ref="4818457777" /><nd ref="7205461955" /><nd ref="4818457778" /><nd ref="4818457779" /><nd ref="7205461956" /><nd ref="4818457780" /><nd ref="4818457764" /><tag k="building" v="commercial" /></way><way id="489655652" timestamp="2022-10-13T21:03:08Z"><nd ref="4818785694" /><nd ref="4818785688" /><nd ref="4818785689" /><nd ref="7203069892" /><nd ref="4818785694" /><tag k="building" v="retail" /></way><way id="489659921" timestamp="2021-02-28T09:02:52Z"><nd ref="4818826316" /><nd ref="4818826317" /><nd ref="4818826318" /><nd ref="4818826319" /><nd ref="4818826320" /><nd ref="4818826321" /><nd ref="4818826322" /><nd ref="4818826323" /><nd ref="4818826324" /><nd ref="4818826325" /><nd ref="4818826316" /><tag k="building" v="yes" /></way><way id="489659922" timestamp="2022-07-27T11:59:10Z"><nd ref="4818826326" /><nd ref="7205461941" /><nd ref="7205461943" /><nd ref="7205461944" /><nd ref="7205461942" /><nd ref="4818826327" /><nd ref="4818826328" /><nd ref="7205461952" /><nd ref="4818826330" /><nd ref="4818826329" /><nd ref="4818826334" /><nd ref="4818826326" /><tag k="building" v="commercial" /></way><way id="489659923" timestamp="2022-07-27T11:59:10Z"><nd ref="4818826330" /><nd ref="7205461945" /><nd ref="4818826331" /><nd ref="4818826332" /><nd ref="4818826333" /><nd ref="4818826334" /><nd ref="4818826329" /><nd ref="4818826330" /><tag k="building" v="commercial" /></way><way id="489662545" timestamp="2021-03-07T09:23:44Z"><nd ref="4818859626" /><nd ref="4818859627" /><nd ref="4818859628" /><nd ref="4818859629" /><nd ref="4818859630" /><nd ref="4818859631" /><nd ref="4818859632" /><nd ref="4818859633" /><nd ref="4818859634" /><nd ref="4818859635" /><nd ref="4818859626" /><tag k="building" v="yes" /></way><way id="489662546" timestamp="2026-02-11T06:59:50Z"><nd ref="4818859636" /><nd ref="4818525409" /><nd ref="4818525408" /><nd ref="4818525407" /><nd ref="4818525406" /><nd ref="4818859637" /><nd ref="4818859638" /><nd ref="4818859639" /><nd ref="4818859640" /><nd ref="4818859641" /><nd ref="4818859642" /><nd ref="8523515263" /><nd ref="8523515262" /><nd ref="4818859643" /><nd ref="4818859644" /><nd ref="4818859647" /><nd ref="4818859648" /><nd ref="4818859649" /><nd ref="4818859650" /><nd ref="5299599412" /><nd ref="4818859652" /><nd ref="5299599415" /><nd ref="4818859653" /><nd ref="4818859654" /><nd ref="4818859656" /><nd ref="4818859657" /><nd ref="4818859636" /><tag k="building" v="residential" /></way><way id="489671064" timestamp="2022-04-20T18:16:45Z"><nd ref="4436934247" /><nd ref="9680794929" /><nd ref="4818902827" /><nd ref="4818902828" /><nd ref="4818902829" /><nd ref="4436934247" /><tag k="building" v="yes" /></way><way id="489858906" timestamp="2022-08-02T16:25:37Z"><nd ref="4820667482" /><nd ref="4820667483" /><nd ref="4820667484" /><nd ref="4820667485" /><nd ref="4820667486" /><nd ref="4820667487" /><nd ref="4820667488" /><nd ref="4820667489" /><nd ref="4820667490" /><nd ref="8153914879" /><nd ref="8153914887" /><nd ref="8153914886" /><nd ref="8153914885" /><nd ref="8153914884" /><nd ref="8153914883" /><nd ref="8153914882" /><nd ref="8153914881" /><nd ref="8153914880" /><nd ref="8153914878" /><nd ref="4820667496" /><nd ref="4820667497" /><nd ref="4820667498" /><nd ref="4820667499" /><nd ref="4820667500" /><nd ref="5847397909" /><nd ref="4820667507" /><nd ref="4820667506" /><nd ref="4820667505" /><nd ref="4820667504" /><nd ref="4820667503" /><nd ref="4820667502" /><nd ref="4820667470" /><nd ref="4820667471" /><nd ref="4820667472" /><nd ref="4820667473" /><nd ref="4820667474" /><nd ref="4820667475" /><nd ref="4820667476" /><nd ref="9927441713" /><nd ref="4820667477" /><nd ref="4820667478" /><nd ref="4820667479" /><nd ref="4820667480" /><nd ref="4820667481" /><nd ref="4820667482" /><tag k="building" v="residential" /></way><way id="489870255" timestamp="2022-05-06T02:06:01Z"><nd ref="4820789201" /><nd ref="4820789202" /><nd ref="4820789203" /><nd ref="4820789204" /><nd ref="4820789206" /><nd ref="4820789207" /><nd ref="4820789208" /><nd ref="4820789209" /><nd ref="4820789210" /><nd ref="4820789211" /><nd ref="9589340150" /><nd ref="4820789212" /><nd ref="4820789213" /><nd ref="9719560820" /><nd ref="4820789201" /><tag k="building" v="retail" /></way><way id="489870261" timestamp="2024-02-03T14:37:12Z"><nd ref="4820789204" /><nd ref="4820799033" /><nd ref="4820799034" /><nd ref="9589340130" /><nd ref="11581922462" /><nd ref="4820799035" /><nd ref="4820799036" /><nd ref="4820799037" /><nd ref="4820799038" /><nd ref="4820799039" /><nd ref="4820799040" /><nd ref="4820799041" /><nd ref="4820799043" /><nd ref="4820799044" /><nd ref="4820799045" /><nd ref="4820799046" /><nd ref="4820799047" /><nd ref="4820799048" /><nd ref="4820799049" /><nd ref="4820799050" /><nd ref="4820799051" /><nd ref="4820799052" /><nd ref="4820799053" /><nd ref="4820799054" /><nd ref="4820799055" /><nd ref="4820789206" /><nd ref="4820789204" /><tag k="building" v="retail" /></way><way id="489870262" timestamp="2022-05-01T04:28:38Z"><nd ref="4820799039" /><nd ref="8732660508" /><nd ref="8732660509" /><nd ref="4820799058" /><nd ref="9697825130" /><nd ref="4820799060" /><nd ref="8732660507" /><nd ref="8732660506" /><nd ref="4820799062" /><nd ref="4820799063" /><nd ref="4820799041" /><nd ref="4820799040" /><nd ref="4820799039" /><tag k="building" v="retail" /></way><way id="489870263" timestamp="2022-04-27T13:31:34Z"><nd ref="4820799064" /><nd ref="4820799058" /><nd ref="4820799066" /><nd ref="4820799067" /><nd ref="9589340140" /><nd ref="4820799068" /><nd ref="4820799069" /><nd ref="9589340131" /><nd ref="4820820141" /><nd ref="4820799071" /><nd ref="4820799072" /><nd ref="4820799073" /><nd ref="4820799074" /><nd ref="7243597411" /><nd ref="4820799075" /><nd ref="4820799076" /><nd ref="7243597416" /><nd ref="4820799059" /><nd ref="4820799064" /><tag k="building" v="retail" /></way><way id="489871442" timestamp="2022-03-19T08:24:55Z"><nd ref="4820820136" /><nd ref="4820820137" /><nd ref="9589340138" /><nd ref="9589340139" /><nd ref="4820820138" /><nd ref="4820820139" /><nd ref="9589340137" /><nd ref="9589340136" /><nd ref="9589340135" /><nd ref="9589340134" /><nd ref="4820820140" /><nd ref="4820820141" /><nd ref="4820799069" /><nd ref="4820799070" /><nd ref="4820820136" /><tag k="building" v="retail" /></way><way id="489871443" timestamp="2026-02-01T07:09:00Z"><nd ref="4820820145" /><nd ref="9680357566" /><nd ref="9680357567" /><nd ref="4820820147" /><nd ref="4820820148" /><nd ref="4820820145" /><tag k="building" v="apartments" /></way><way id="496237254" timestamp="2026-02-01T07:09:00Z"><nd ref="4879468796" /><nd ref="4879468797" /><nd ref="4879468798" /><nd ref="4879468799" /><nd ref="4879468796" /><tag k="building" v="apartments" /></way><way id="496237255" timestamp="2026-02-01T07:09:00Z"><nd ref="4879468800" /><nd ref="4879468801" /><nd ref="4879468802" /><nd ref="9680357575" /><nd ref="9685641000" /><nd ref="9680357568" /><nd ref="4879468800" /><tag k="building" v="apartments" /></way><way id="513596531" timestamp="2022-07-27T11:59:10Z"><nd ref="5019927233" /><nd ref="5019927234" /><nd ref="5019927235" /><nd ref="5019927237" /><nd ref="5019927238" /><nd ref="5019927236" /><nd ref="5019927242" /><nd ref="5019927240" /><nd ref="5019927241" /><nd ref="5019927239" /><nd ref="5019927243" /><nd ref="5019927246" /><nd ref="5019927245" /><nd ref="5019927244" /><nd ref="5019927233" /><tag k="building" v="industrial" /></way><way id="548158098" timestamp="2017-12-20T14:30:19Z"><nd ref="5295799057" /><nd ref="5295799056" /><nd ref="5295799055" /><nd ref="5295799054" /><nd ref="5295799053" /><nd ref="5295799052" /><nd ref="5295799051" /><nd ref="5295799050" /><nd ref="5295799049" /><nd ref="5295799048" /><nd ref="5295799047" /><nd ref="5295799046" /><nd ref="5295799045" /><nd ref="5295799044" /><nd ref="5295799034" /><nd ref="5295799043" /><nd ref="5295799035" /><nd ref="5295799042" /><nd ref="5295799041" /><nd ref="5295799036" /><nd ref="5295799032" /><nd ref="5295799040" /><nd ref="5295799033" /><nd ref="5295799039" /><nd ref="5295799038" /><nd ref="5295799037" /><nd ref="5295799057" /><tag k="building" v="yes" /></way><way id="548158103" timestamp="2022-07-26T13:22:28Z"><nd ref="5295799087" /><nd ref="5295799086" /><nd ref="5295799085" /><nd ref="5295799084" /><nd ref="5295799087" /><tag k="building" v="residential" /></way><way id="548158104" timestamp="2022-07-26T13:22:28Z"><nd ref="5295799102" /><nd ref="5295799101" /><nd ref="5295799100" /><nd ref="5295799099" /><nd ref="5295799098" /><nd ref="5295799097" /><nd ref="5295799096" /><nd ref="5295799095" /><nd ref="5295799094" /><nd ref="5295799093" /><nd ref="5295799092" /><nd ref="5295799091" /><nd ref="5295799090" /><nd ref="5295799089" /><nd ref="5295799088" /><nd ref="5295799102" /><tag k="building" v="residential" /></way><way id="548158105" timestamp="2022-07-26T13:22:28Z"><nd ref="5295799106" /><nd ref="5295799105" /><nd ref="5295799104" /><nd ref="5295799103" /><nd ref="5295799106" /><tag k="building" v="residential" /></way><way id="548158106" timestamp="2017-12-20T14:30:20Z"><nd ref="5295799110" /><nd ref="5295799109" /><nd ref="5295799108" /><nd ref="5295799107" /><nd ref="5295799110" /><tag k="building" v="residential" /></way><way id="548158180" timestamp="2026-02-01T07:09:00Z"><nd ref="5295800112" /><nd ref="5295800111" /><nd ref="5295800110" /><nd ref="5295800109" /><nd ref="5295800108" /><nd ref="5295800107" /><nd ref="5295800106" /><nd ref="5295800105" /><nd ref="5295800112" /><tag k="building" v="apartments" /></way><way id="548158181" timestamp="2026-02-01T07:09:00Z"><nd ref="5295800120" /><nd ref="5295800119" /><nd ref="5295800118" /><nd ref="5295800117" /><nd ref="5295800116" /><nd ref="5295800115" /><nd ref="5295800114" /><nd ref="5295800113" /><nd ref="5295800120" /><tag k="building" v="apartments" /></way><way id="548158182" timestamp="2026-02-01T07:09:00Z"><nd ref="5295800228" /><nd ref="5295800227" /><nd ref="5295800226" /><nd ref="5295800225" /><nd ref="5295800224" /><nd ref="5295800223" /><nd ref="5295800222" /><nd ref="5295800221" /><nd ref="5295800228" /><tag k="building" v="apartments" /></way><way id="548166225" timestamp="2022-02-03T16:14:21Z"><nd ref="5295859807" /><nd ref="5295859806" /><nd ref="5295859805" /><nd ref="5295859804" /><nd ref="5295859807" /><tag k="building" v="yes" /></way><way id="548166226" timestamp="2017-12-20T15:10:00Z"><nd ref="5295859811" /><nd ref="5295859810" /><nd ref="5295859809" /><nd ref="5295859808" /><nd ref="5295859811" /><tag k="building" v="yes" /></way><way id="548166227" timestamp="2017-12-20T15:10:00Z"><nd ref="5295859819" /><nd ref="5295859818" /><nd ref="5295859817" /><nd ref="5295859816" /><nd ref="5295859815" /><nd ref="5295859814" /><nd ref="5295859813" /><nd ref="5295859812" /><nd ref="5295859819" /><tag k="building" v="yes" /></way><way id="548166228" timestamp="2017-12-20T15:10:00Z"><nd ref="5295860729" /><nd ref="5295860728" /><nd ref="5295860727" /><nd ref="5295860726" /><nd ref="5295860725" /><nd ref="5295860724" /><nd ref="5295860723" /><nd ref="5295860722" /><nd ref="5295860721" /><nd ref="5295859820" /><nd ref="5295860729" /><tag k="building" v="yes" /></way><way id="548166229" timestamp="2017-12-20T15:10:00Z"><nd ref="5295860733" /><nd ref="5295860732" /><nd ref="5295860731" /><nd ref="5295860730" /><nd ref="5295860733" /><tag k="building" v="yes" /></way><way id="548166230" timestamp="2017-12-20T15:10:00Z"><nd ref="5295860737" /><nd ref="5295860736" /><nd ref="5295860735" /><nd ref="5295860734" /><nd ref="5295860737" /><tag k="building" v="yes" /></way><way id="548166231" timestamp="2017-12-20T15:10:00Z"><nd ref="5295860744" /><nd ref="5295860743" /><nd ref="5295860742" /><nd ref="5295860741" /><nd ref="5295860740" /><nd ref="5295860739" /><nd ref="5295860738" /><nd ref="5295860744" /><tag k="building" v="yes" /></way><way id="548166232" timestamp="2017-12-20T15:10:00Z"><nd ref="5295860773" /><nd ref="5295860772" /><nd ref="5295860771" /><nd ref="5295860770" /><nd ref="5295860769" /><nd ref="5295860768" /><nd ref="5295860767" /><nd ref="5295860766" /><nd ref="5295860765" /><nd ref="5295860764" /><nd ref="5295860763" /><nd ref="5295860762" /><nd ref="5295860761" /><nd ref="5295860760" /><nd ref="5295860759" /><nd ref="5295860758" /><nd ref="5295860757" /><nd ref="5295860756" /><nd ref="5295860755" /><nd ref="5295860754" /><nd ref="5295860753" /><nd ref="5295860752" /><nd ref="5295860751" /><nd ref="5295860750" /><nd ref="5295860749" /><nd ref="5295860748" /><nd ref="5295860747" /><nd ref="5295860746" /><nd ref="5295860745" /><nd ref="5295860773" /><tag k="building" v="yes" /></way><way id="548166234" timestamp="2022-07-27T15:51:24Z"><nd ref="5295860798" /><nd ref="5295860797" /><nd ref="5295860796" /><nd ref="5295860795" /><nd ref="5295860798" /><tag k="building" v="residential" /></way><way id="548166235" timestamp="2022-07-27T15:51:24Z"><nd ref="5295860802" /><nd ref="5295860801" /><nd ref="5295860800" /><nd ref="5295860799" /><nd ref="5295860802" /><tag k="building" v="residential" /></way><way id="548166236" timestamp="2022-07-27T15:51:24Z"><nd ref="5295860806" /><nd ref="5295860805" /><nd ref="5295860804" /><nd ref="5295860803" /><nd ref="5295860806" /><tag k="building" v="residential" /></way><way id="548166237" timestamp="2022-07-27T15:51:24Z"><nd ref="5295860810" /><nd ref="5295860809" /><nd ref="5295860808" /><nd ref="5295860807" /><nd ref="5295860810" /><tag k="building" v="residential" /></way><way id="548166238" timestamp="2022-07-27T15:51:24Z"><nd ref="5295860814" /><nd ref="5295860813" /><nd ref="5295860812" /><nd ref="5295860811" /><nd ref="5295860814" /><tag k="building" v="residential" /></way><way id="548166239" timestamp="2026-02-01T07:09:00Z"><nd ref="5295860818" /><nd ref="5295860817" /><nd ref="5295860816" /><nd ref="5295860815" /><nd ref="5295860818" /><tag k="building" v="apartments" /></way><way id="548166243" timestamp="2026-02-01T07:09:00Z"><nd ref="5295860835" /><nd ref="5295860833" /><nd ref="5295860832" /><nd ref="5295860831" /><nd ref="5295860835" /><tag k="building" v="apartments" /></way><way id="548166244" timestamp="2026-02-01T07:09:00Z"><nd ref="5295860839" /><nd ref="5295860838" /><nd ref="5295860837" /><nd ref="5295860836" /><nd ref="9688948309" /><nd ref="5295860839" /><tag k="building" v="apartments" /></way><way id="548166245" timestamp="2026-02-01T07:09:00Z"><nd ref="5295860843" /><nd ref="5295860842" /><nd ref="5295860841" /><nd ref="5295860840" /><nd ref="12757170317" /><nd ref="12757170318" /><nd ref="5295860843" /><tag k="building" v="apartments" /></way><way id="548166246" timestamp="2026-02-01T07:09:00Z"><nd ref="5295860847" /><nd ref="5295860846" /><nd ref="5295860845" /><nd ref="5295860844" /><nd ref="5295860847" /><tag k="building" v="apartments" /></way><way id="548166247" timestamp="2026-02-01T07:09:00Z"><nd ref="5295860851" /><nd ref="5295860850" /><nd ref="5295860849" /><nd ref="5295860848" /><nd ref="5295860851" /><tag k="building" v="apartments" /></way><way id="548166248" timestamp="2026-02-01T07:09:00Z"><nd ref="5295860855" /><nd ref="5295860854" /><nd ref="5295860853" /><nd ref="5295860852" /><nd ref="5295860855" /><tag k="building" v="apartments" /></way><way id="548166249" timestamp="2017-12-20T15:10:02Z"><nd ref="5295860863" /><nd ref="5295860862" /><nd ref="5295860861" /><nd ref="5295860860" /><nd ref="5295860859" /><nd ref="5295860858" /><nd ref="5295860857" /><nd ref="5295860856" /><nd ref="5295860863" /><tag k="building" v="yes" /></way><way id="548166250" timestamp="2026-02-01T07:09:00Z"><nd ref="5295860877" /><nd ref="5295860876" /><nd ref="5295860875" /><nd ref="5295860874" /><nd ref="5295860877" /><tag k="building" v="apartments" /></way><way id="548166251" timestamp="2026-02-01T07:09:00Z"><nd ref="5295860881" /><nd ref="5295860880" /><nd ref="5295860879" /><nd ref="5295860878" /><nd ref="5295860881" /><tag k="building" v="apartments" /></way><way id="548166252" timestamp="2026-02-01T07:09:00Z"><nd ref="5295860885" /><nd ref="5295860884" /><nd ref="5295860883" /><nd ref="5295860882" /><nd ref="5295860885" /><tag k="building" v="apartments" /></way><way id="548166253" timestamp="2026-02-01T07:09:00Z"><nd ref="5295860889" /><nd ref="5295860888" /><nd ref="5295860887" /><nd ref="5295860886" /><nd ref="9678904307" /><nd ref="5295860889" /><tag k="building" v="apartments" /></way><way id="548166254" timestamp="2026-02-01T07:09:00Z"><nd ref="5295860893" /><nd ref="5295860892" /><nd ref="5295860891" /><nd ref="5295860890" /><nd ref="5295860893" /><tag k="building" v="apartments" /></way><way id="548166255" timestamp="2026-02-01T07:09:00Z"><nd ref="5295860897" /><nd ref="5295860896" /><nd ref="5295860895" /><nd ref="5295860894" /><nd ref="5295860897" /><tag k="building" v="apartments" /></way><way id="548166256" timestamp="2026-02-01T07:09:00Z"><nd ref="5295860901" /><nd ref="5295860900" /><nd ref="5295860899" /><nd ref="5295860898" /><nd ref="5295860901" /><tag k="building" v="apartments" /></way><way id="548166257" timestamp="2026-02-01T07:09:00Z"><nd ref="5295860905" /><nd ref="5295860904" /><nd ref="5295860903" /><nd ref="5295860902" /><nd ref="5295860905" /><tag k="building" v="apartments" /></way><way id="548166260" timestamp="2026-02-01T07:09:00Z"><nd ref="5295860935" /><nd ref="5295860934" /><nd ref="5295860933" /><nd ref="5295860932" /><nd ref="5295860935" /><tag k="building" v="apartments" /></way><way id="548166261" timestamp="2026-02-01T07:09:00Z"><nd ref="5295860939" /><nd ref="5295860938" /><nd ref="5295860937" /><nd ref="5295860936" /><nd ref="5295860939" /><tag k="building" v="apartments" /></way><way id="548166262" timestamp="2026-02-01T07:09:00Z"><nd ref="5295860943" /><nd ref="5295860942" /><nd ref="5295860941" /><nd ref="5295860940" /><nd ref="5295860943" /><tag k="building" v="apartments" /></way><way id="548166263" timestamp="2026-02-01T07:09:00Z"><nd ref="5295860944" /><nd ref="5295860947" /><nd ref="5295860946" /><nd ref="5295860945" /><nd ref="5295860944" /><tag k="building" v="apartments" /></way><way id="548166264" timestamp="2026-02-01T07:09:00Z"><nd ref="5295860951" /><nd ref="5295860950" /><nd ref="5295860949" /><nd ref="5295860948" /><nd ref="5295860951" /><tag k="building" v="apartments" /></way><way id="548166265" timestamp="2026-02-01T07:09:00Z"><nd ref="5295860955" /><nd ref="5295860954" /><nd ref="5295860953" /><nd ref="5295860952" /><nd ref="5295860955" /><tag k="building" v="apartments" /></way><way id="548166266" timestamp="2026-02-01T07:09:00Z"><nd ref="5295860959" /><nd ref="5295860958" /><nd ref="5295860957" /><nd ref="5295860956" /><nd ref="5295860959" /><tag k="building" v="apartments" /></way><way id="548169215" timestamp="2022-07-27T13:58:59Z"><nd ref="5295892569" /><nd ref="5295892568" /><nd ref="5295892567" /><nd ref="5295892566" /><nd ref="5295892565" /><nd ref="5295892564" /><nd ref="5295892569" /><tag k="building" v="industrial" /></way><way id="548582558" timestamp="2022-07-26T14:30:34Z"><nd ref="5299599358" /><nd ref="5299599357" /><nd ref="5299599356" /><nd ref="5299599355" /><nd ref="5299599358" /><tag k="building" v="residential" /></way><way id="548582560" timestamp="2022-07-26T14:30:34Z"><nd ref="5299599379" /><nd ref="5299599378" /><nd ref="5299599377" /><nd ref="5299599376" /><nd ref="5299599375" /><nd ref="5299599374" /><nd ref="5299599373" /><nd ref="5299599372" /><nd ref="5299599371" /><nd ref="5299599370" /><nd ref="5299599369" /><nd ref="5299599368" /><nd ref="5299599367" /><nd ref="5299599366" /><nd ref="5299599365" /><nd ref="5299599364" /><nd ref="5299599363" /><nd ref="5299599379" /><tag k="building" v="residential" /></way><way id="548582561" timestamp="2022-07-26T14:30:34Z"><nd ref="5299599395" /><nd ref="5299599394" /><nd ref="5299599393" /><nd ref="5299599392" /><nd ref="5299599391" /><nd ref="5299599390" /><nd ref="5299599389" /><nd ref="5299599388" /><nd ref="5299599387" /><nd ref="5299599386" /><nd ref="5299599385" /><nd ref="5299599384" /><nd ref="5299599383" /><nd ref="5299599382" /><nd ref="5299599381" /><nd ref="5299599380" /><nd ref="5299599395" /><tag k="building" v="residential" /></way><way id="548582562" timestamp="2022-07-26T14:30:34Z"><nd ref="5299599399" /><nd ref="5299599398" /><nd ref="5299599397" /><nd ref="5299599396" /><nd ref="5299599399" /><tag k="building" v="residential" /></way><way id="548582563" timestamp="2022-07-27T11:59:10Z"><nd ref="5299599405" /><nd ref="5299599404" /><nd ref="5299599403" /><nd ref="5299599402" /><nd ref="5299599405" /><tag k="building" v="service" /></way><way id="548582564" timestamp="2022-07-27T11:59:10Z"><nd ref="5299599409" /><nd ref="5299599408" /><nd ref="5299599407" /><nd ref="5299599406" /><nd ref="8463304755" /><nd ref="8463304754" /><nd ref="8463304753" /><nd ref="8463304752" /><nd ref="8463304751" /><nd ref="8463304750" /><nd ref="5299599409" /><tag k="building" v="industrial" /></way><way id="613834494" timestamp="2021-03-02T11:10:56Z"><nd ref="5807153438" /><nd ref="5807153442" /><nd ref="5807153444" /><nd ref="5807153445" /><nd ref="5807153443" /><nd ref="5807153446" /><nd ref="5807153448" /><nd ref="5807153449" /><nd ref="5807153447" /><nd ref="5807153451" /><nd ref="5807153450" /><nd ref="5807153439" /><nd ref="5807153440" /><nd ref="5807153441" /><nd ref="5807153438" /><tag k="building" v="apartments" /></way><way id="613834495" timestamp="2022-02-22T17:36:57Z"><nd ref="5807153452" /><nd ref="5807153453" /><nd ref="5807153454" /><nd ref="5807153455" /><nd ref="5807153456" /><nd ref="9519239468" /><nd ref="9525638775" /><nd ref="5807153457" /><nd ref="5807153458" /><nd ref="5807153460" /><nd ref="5807153462" /><nd ref="5807153463" /><nd ref="5807153461" /><nd ref="5807153459" /><nd ref="5807153452" /><tag k="building" v="apartments" /></way><way id="613834496" timestamp="2021-03-02T11:10:56Z"><nd ref="5807153464" /><nd ref="5807153465" /><nd ref="5807153466" /><nd ref="7207965638" /><nd ref="5807153512" /><nd ref="5807153467" /><nd ref="5807153469" /><nd ref="5807153470" /><nd ref="5807153471" /><nd ref="5807153468" /><nd ref="5807153464" /><tag k="building" v="apartments" /></way><way id="613834497" timestamp="2021-03-02T11:10:56Z"><nd ref="5807153472" /><nd ref="5807153473" /><nd ref="5807153474" /><nd ref="5807153475" /><nd ref="5807153476" /><nd ref="5807153483" /><nd ref="5807153485" /><nd ref="5807153484" /><nd ref="5807153482" /><nd ref="5807153477" /><nd ref="5807153478" /><nd ref="5807153481" /><nd ref="5807153480" /><nd ref="5807153479" /><nd ref="5807153472" /><tag k="building" v="apartments" /></way><way id="613834498" timestamp="2022-10-16T02:52:07Z"><nd ref="5807153486" /><nd ref="5807153487" /><nd ref="5807153488" /><nd ref="5807153489" /><nd ref="5807153490" /><nd ref="5807153491" /><nd ref="5807153492" /><nd ref="5807153493" /><nd ref="5807153494" /><nd ref="5807153495" /><nd ref="5807153496" /><nd ref="5807153497" /><nd ref="5807153486" /><tag k="building" v="apartments" /></way><way id="613834500" timestamp="2020-02-13T09:59:20Z"><nd ref="5807153511" /><nd ref="7207965637" /><nd ref="7207965638" /><nd ref="5807153512" /><nd ref="5807153513" /><nd ref="5807153514" /><nd ref="5807153511" /><tag k="building" v="yes" /></way><way id="613834501" timestamp="2021-03-02T11:10:56Z"><nd ref="5807153515" /><nd ref="5807153516" /><nd ref="5807153517" /><nd ref="5807153518" /><nd ref="5807153515" /><tag k="building" v="apartments" /></way><way id="613834502" timestamp="2021-03-02T11:10:56Z"><nd ref="5807153519" /><nd ref="5807153523" /><nd ref="5807153525" /><nd ref="5807153526" /><nd ref="5807153524" /><nd ref="5807153520" /><nd ref="5807153521" /><nd ref="5807153522" /><nd ref="5807153519" /><tag k="building" v="apartments" /></way><way id="613834503" timestamp="2021-03-02T11:10:56Z"><nd ref="5807153527" /><nd ref="5807153528" /><nd ref="5807153529" /><nd ref="5807153530" /><nd ref="5807153535" /><nd ref="5807153536" /><nd ref="5807153532" /><nd ref="5807153534" /><nd ref="5807153533" /><nd ref="5807153531" /><nd ref="5807153527" /><tag k="building" v="apartments" /></way><way id="613834508" timestamp="2022-10-18T11:04:32Z"><nd ref="5807153673" /><nd ref="5807153674" /><nd ref="5807153675" /><nd ref="5807153676" /><nd ref="5807153677" /><nd ref="5807153678" /><nd ref="5807153679" /><nd ref="5807153680" /><nd ref="5807153673" /><tag k="building" v="apartments" /></way><way id="613834510" timestamp="2018-08-03T14:30:16Z"><nd ref="5807153691" /><nd ref="5807153692" /><nd ref="5807153693" /><nd ref="5807153694" /><nd ref="5807153695" /><nd ref="5807153696" /><nd ref="5807153697" /><nd ref="5807153698" /><nd ref="5807153691" /><tag k="building" v="yes" /></way><way id="613834511" timestamp="2022-07-27T14:09:54Z"><nd ref="5807153699" /><nd ref="5807153700" /><nd ref="5807153701" /><nd ref="5807153702" /><nd ref="5807153703" /><nd ref="5807153704" /><nd ref="5807153699" /><tag k="building" v="residential" /></way><way id="613834512" timestamp="2018-08-03T14:30:16Z"><nd ref="5807153705" /><nd ref="5807153706" /><nd ref="5807153707" /><nd ref="5807153708" /><nd ref="5807153705" /><tag k="building" v="yes" /></way><way id="613834513" timestamp="2018-08-03T14:30:16Z"><nd ref="5807153709" /><nd ref="5807153710" /><nd ref="5807153711" /><nd ref="5807153712" /><nd ref="5807153713" /><nd ref="5807153714" /><nd ref="5807153715" /><nd ref="5807153716" /><nd ref="5807153709" /><tag k="building" v="yes" /></way><way id="613834514" timestamp="2022-07-27T14:09:54Z"><nd ref="5807153717" /><nd ref="5807153718" /><nd ref="5807153719" /><nd ref="5807153720" /><nd ref="5807153717" /><tag k="building" v="residential" /></way><way id="613834515" timestamp="2022-07-27T14:09:54Z"><nd ref="5807153721" /><nd ref="5807153722" /><nd ref="5807153723" /><nd ref="5807153724" /><nd ref="5807153721" /><tag k="building" v="residential" /></way><way id="614021957" timestamp="2022-10-28T09:06:04Z"><nd ref="5808717175" /><nd ref="5808717176" /><nd ref="5808717177" /><nd ref="5808717178" /><nd ref="5808717175" /><tag k="building" v="yes" /></way><way id="614021962" timestamp="2022-07-27T14:09:54Z"><nd ref="5808717210" /><nd ref="5808717211" /><nd ref="5808717212" /><nd ref="5808717215" /><nd ref="5808717217" /><nd ref="5808717216" /><nd ref="5808717214" /><nd ref="5808717213" /><nd ref="5808717210" /><tag k="building" v="residential" /></way><way id="614021963" timestamp="2018-08-04T10:36:59Z"><nd ref="5808717218" /><nd ref="5808717219" /><nd ref="5808717220" /><nd ref="5808717221" /><nd ref="5808717222" /><nd ref="5808717223" /><nd ref="5808717224" /><nd ref="5808717225" /><nd ref="5808717226" /><nd ref="5808717227" /><nd ref="5808717228" /><nd ref="5808717229" /><nd ref="5808717230" /><nd ref="5808717231" /><nd ref="5808717232" /><nd ref="5808717233" /><nd ref="5808717218" /><tag k="building" v="yes" /></way><way id="614021964" timestamp="2018-08-04T10:36:59Z"><nd ref="5808717234" /><nd ref="5808717235" /><nd ref="5808717236" /><nd ref="5808717237" /><nd ref="5808717238" /><nd ref="5808717239" /><nd ref="5808717240" /><nd ref="5808717241" /><nd ref="5808717242" /><nd ref="5808717243" /><nd ref="5808717244" /><nd ref="5808717245" /><nd ref="5808717246" /><nd ref="5808717247" /><nd ref="5808717234" /><tag k="building" v="yes" /></way><way id="614021969" timestamp="2021-03-02T17:09:28Z"><nd ref="5808719000" /><nd ref="5808719001" /><nd ref="5808719002" /><nd ref="5808719004" /><nd ref="5808719007" /><nd ref="5808719006" /><nd ref="5808719005" /><nd ref="5808719003" /><nd ref="5808719000" /><tag k="building" v="apartments" /></way><way id="614021970" timestamp="2021-03-02T11:10:56Z"><nd ref="5808719008" /><nd ref="5808719009" /><nd ref="5808719010" /><nd ref="5808719011" /><nd ref="5808719012" /><nd ref="5808719013" /><nd ref="5808719014" /><nd ref="5808719015" /><nd ref="5808719008" /><tag k="building" v="apartments" /></way><way id="614021971" timestamp="2021-03-02T17:09:28Z"><nd ref="5808719016" /><nd ref="5808719017" /><nd ref="5808719018" /><nd ref="5808719019" /><nd ref="5808719020" /><nd ref="5808719021" /><nd ref="5808719022" /><nd ref="5808719023" /><nd ref="5808719016" /><tag k="building" v="apartments" /></way><way id="614021972" timestamp="2021-03-02T17:09:28Z"><nd ref="5808719024" /><nd ref="5808719025" /><nd ref="5808719026" /><nd ref="5808719027" /><nd ref="8479918280" /><nd ref="5808719028" /><nd ref="8479918279" /><nd ref="5808719029" /><nd ref="5808719030" /><nd ref="5808719031" /><nd ref="5808719032" /><nd ref="5808719033" /><nd ref="5808719034" /><nd ref="5808719035" /><nd ref="5808719036" /><nd ref="5808719037" /><nd ref="5808719024" /><tag k="building" v="yes" /></way><way id="614021973" timestamp="2018-08-04T10:36:59Z"><nd ref="5808719038" /><nd ref="5808719039" /><nd ref="5808719040" /><nd ref="5808719041" /><nd ref="5808719038" /><tag k="building" v="yes" /></way><way id="614021974" timestamp="2018-08-04T10:36:59Z"><nd ref="5808719042" /><nd ref="5808719043" /><nd ref="5808719044" /><nd ref="5808719045" /><nd ref="5808719046" /><nd ref="5808719047" /><nd ref="5808719048" /><nd ref="5808719049" /><nd ref="5808719050" /><nd ref="5808719051" /><nd ref="5808719052" /><nd ref="5808719053" /><nd ref="5808719054" /><nd ref="5808719055" /><nd ref="5808719056" /><nd ref="5808719057" /><nd ref="5808719058" /><nd ref="5808719059" /><nd ref="5808719060" /><nd ref="5808719061" /><nd ref="5808719042" /><tag k="building" v="yes" /></way><way id="614021975" timestamp="2018-08-04T10:37:00Z"><nd ref="5808719062" /><nd ref="5808719063" /><nd ref="5808719064" /><nd ref="5808719065" /><nd ref="5808719062" /><tag k="building" v="yes" /></way><way id="614021976" timestamp="2018-08-04T10:37:00Z"><nd ref="5808719066" /><nd ref="5808719067" /><nd ref="5808719068" /><nd ref="5808719069" /><nd ref="5808719070" /><nd ref="5808719071" /><nd ref="5808719072" /><nd ref="5808719073" /><nd ref="5808719074" /><nd ref="5808719075" /><nd ref="5808719076" /><nd ref="5808719077" /><nd ref="5808719078" /><nd ref="5808719079" /><nd ref="5808719080" /><nd ref="5808719081" /><nd ref="5808719066" /><tag k="building" v="yes" /></way><way id="614021977" timestamp="2018-08-04T10:37:00Z"><nd ref="5808719082" /><nd ref="5808719083" /><nd ref="5808719084" /><nd ref="5808719085" /><nd ref="5808719086" /><nd ref="5808719087" /><nd ref="5808719088" /><nd ref="5808719089" /><nd ref="5808719090" /><nd ref="5808719091" /><nd ref="5808719092" /><nd ref="5808719093" /><nd ref="5808719094" /><nd ref="5808719095" /><nd ref="5808719096" /><nd ref="5808719097" /><nd ref="5808719082" /><tag k="building" v="yes" /></way><way id="614021979" timestamp="2018-08-04T10:37:00Z"><nd ref="5808719116" /><nd ref="5808719117" /><nd ref="5808719118" /><nd ref="5808719119" /><nd ref="5808719120" /><nd ref="5808719121" /><nd ref="5808719122" /><nd ref="5808719123" /><nd ref="5808719124" /><nd ref="5808719125" /><nd ref="5808719126" /><nd ref="5808719127" /><nd ref="5808719128" /><nd ref="5808719129" /><nd ref="5808719130" /><nd ref="5808719131" /><nd ref="5808719132" /><nd ref="5808719133" /><nd ref="5808719134" /><nd ref="5808719135" /><nd ref="5808719136" /><nd ref="5808719137" /><nd ref="5808719138" /><nd ref="5808719139" /><nd ref="5808719140" /><nd ref="5808719141" /><nd ref="5808719116" /><tag k="building" v="yes" /></way><way id="614021981" timestamp="2018-08-04T10:37:00Z"><nd ref="5808719142" /><nd ref="5808719143" /><nd ref="5808719144" /><nd ref="5808719145" /><nd ref="5808719146" /><nd ref="5808719147" /><nd ref="5808719142" /><tag k="building" v="yes" /></way><way id="614021982" timestamp="2018-08-04T10:37:00Z"><nd ref="5808719148" /><nd ref="5808719149" /><nd ref="5808719150" /><nd ref="5808719151" /><nd ref="5808719152" /><nd ref="5808719253" /><nd ref="5808719148" /><tag k="building" v="yes" /></way><way id="614021983" timestamp="2018-08-04T10:37:00Z"><nd ref="5808719254" /><nd ref="5808719255" /><nd ref="5808719256" /><nd ref="5808719257" /><nd ref="5808719258" /><nd ref="5808719259" /><nd ref="5808719260" /><nd ref="5808719261" /><nd ref="5808719262" /><nd ref="5808719263" /><nd ref="5808719264" /><nd ref="5808719265" /><nd ref="5808719266" /><nd ref="5808719267" /><nd ref="5808719268" /><nd ref="5808719269" /><nd ref="5808719254" /><tag k="building" v="yes" /></way><way id="614021984" timestamp="2022-10-18T15:19:24Z"><nd ref="5808719270" /><nd ref="5808719271" /><nd ref="5808719272" /><nd ref="5808719273" /><nd ref="5808719270" /><tag k="building" v="yes" /></way><way id="614021985" timestamp="2018-08-04T10:37:00Z"><nd ref="5808719274" /><nd ref="5808719278" /><nd ref="5808719280" /><nd ref="5808719281" /><nd ref="5808719279" /><nd ref="5808719275" /><nd ref="5808719276" /><nd ref="5808719277" /><nd ref="5808719274" /><tag k="building" v="yes" /></way><way id="614021986" timestamp="2018-08-04T10:37:00Z"><nd ref="5808719282" /><nd ref="5808719283" /><nd ref="5808719284" /><nd ref="5808719285" /><nd ref="5808719286" /><nd ref="5808719287" /><nd ref="5808719288" /><nd ref="5808719289" /><nd ref="5808719290" /><nd ref="5808719291" /><nd ref="5808719292" /><nd ref="5808719293" /><nd ref="5808719294" /><nd ref="5808719295" /><nd ref="5808719296" /><nd ref="5808719297" /><nd ref="5808719298" /><nd ref="5808719299" /><nd ref="5808719282" /><tag k="building" v="yes" /></way><way id="614021988" timestamp="2022-04-03T04:57:05Z"><nd ref="5808719302" /><nd ref="5808719303" /><nd ref="9632503075" /><nd ref="9500761453" /><nd ref="5808719305" /><nd ref="5808719302" /><tag k="building" v="apartments" /></way><way id="614021991" timestamp="2021-03-02T17:09:28Z"><nd ref="5808719324" /><nd ref="5808719325" /><nd ref="8479918302" /><nd ref="8479918301" /><nd ref="5808719326" /><nd ref="5808719327" /><nd ref="5808719324" /><tag k="building" v="yes" /></way><way id="614021992" timestamp="2018-08-04T10:37:00Z"><nd ref="5808719328" /><nd ref="5808719329" /><nd ref="5808719330" /><nd ref="5808719331" /><nd ref="5808719328" /><tag k="building" v="yes" /></way><way id="614022414" timestamp="2018-08-04T10:40:57Z"><nd ref="5808721823" /><nd ref="5808721831" /><nd ref="5808721833" /><nd ref="5808721834" /><nd ref="5808721832" /><nd ref="5808721824" /><nd ref="5808721825" /><nd ref="5808721827" /><nd ref="5808721830" /><nd ref="5808721829" /><nd ref="5808721828" /><nd ref="5808721826" /><nd ref="5808721823" /><tag k="building" v="yes" /></way><way id="618346531" timestamp="2022-07-27T11:59:10Z"><nd ref="8463304756" /><nd ref="5844673187" /><nd ref="5844673188" /><nd ref="5844673189" /><nd ref="8463304756" /><tag k="building" v="roof" /></way><way id="769649895" timestamp="2022-07-27T12:22:55Z"><nd ref="1643220249" /><nd ref="1352293823" /><nd ref="1643220031" /><nd ref="9602115939" /><nd ref="1643220341" /><nd ref="1643227889" /><nd ref="9602115940" /><nd ref="1643220253" /><nd ref="1352293777" /><nd ref="8943360001" /><nd ref="8943360000" /><nd ref="1643220181" /><nd ref="1352293803" /><nd ref="1643227820" /><nd ref="1643227869" /><nd ref="1643227931" /><nd ref="1643227946" /><nd ref="1643227919" /><nd ref="1643227808" /><nd ref="1643227915" /><nd ref="1643227940" /><nd ref="1643227925" /><nd ref="1643227997" /><nd ref="1643227984" /><nd ref="1643227884" /><nd ref="1643227907" /><nd ref="1643227999" /><nd ref="1643227846" /><nd ref="1643227851" /><nd ref="1643227959" /><nd ref="1643227975" /><nd ref="1643227849" /><nd ref="8943359999" /><nd ref="8943359998" /><nd ref="1643227922" /><nd ref="1643227843" /><nd ref="1643227927" /><nd ref="1643227955" /><nd ref="1643227966" /><nd ref="1643227932" /><nd ref="8943359997" /><nd ref="1643227961" /><nd ref="1643227809" /><nd ref="1643227958" /><nd ref="1643227903" /><nd ref="1643227987" /><nd ref="1643227947" /><nd ref="1643227983" /><nd ref="1643227921" /><nd ref="1643227880" /><nd ref="1643227815" /><nd ref="1643227968" /><nd ref="1643227954" /><nd ref="1643227953" /><nd ref="1643228001" /><nd ref="1643227982" /><nd ref="1643227950" /><nd ref="1643227991" /><nd ref="1643227839" /><nd ref="1643227850" /><nd ref="1643227993" /><nd ref="1628752329" /><nd ref="1643220248" /><nd ref="9914499219" /><nd ref="8943359994" /><nd ref="3674279142" /><nd ref="8943359995" /><nd ref="8943359996" /><nd ref="1352294516" /><nd ref="3674279149" /><nd ref="1643220300" /><nd ref="9914499218" /><nd ref="1643220074" /><nd ref="1643220099" /><nd ref="121847189" /><nd ref="1643289907" /><nd ref="1643220083" /><nd ref="1643220298" /><nd ref="9914489816" /><nd ref="1643289808" /><nd ref="1643220240" /><nd ref="1643220035" /><nd ref="9914489814" /><nd ref="1643289929" /><nd ref="1643220150" /><nd ref="9914489813" /><nd ref="8943359993" /><nd ref="1643220100" /><nd ref="1643289909" /><nd ref="1643220244" /><nd ref="9914489812" /><nd ref="1643220162" /><nd ref="1643220044" /><nd ref="1643289747" /><nd ref="1643220013" /><nd ref="1643220118" /><nd ref="1643220156" /><nd ref="1643220137" /><nd ref="1643220160" /><nd ref="1643220241" /><nd ref="1643220010" /><nd ref="1643220165" /><nd ref="1643220282" /><nd ref="3674279150" /><nd ref="1643220172" /><nd ref="1643219942" /><nd ref="1643220097" /><nd ref="1643219980" /><nd ref="1643220033" /><nd ref="1643220170" /><nd ref="1643219953" /><nd ref="1643220008" /><nd ref="9589346738" /><nd ref="1643220016" /><nd ref="8720813130" /><nd ref="9589346737" /><nd ref="1643220023" /><nd ref="1643220164" /><nd ref="3674279151" /><nd ref="1643220157" /><nd ref="1643220076" /><nd ref="1643219966" /><nd ref="1643220030" /><nd ref="9521845803" /><nd ref="3674279152" /><nd ref="9521845804" /><nd ref="1643220048" /><nd ref="1643219934" /><nd ref="1643220139" /><nd ref="1643220154" /><nd ref="1643220052" /><nd ref="1643220251" /><nd ref="1643220085" /><nd ref="1643220089" /><nd ref="3674279153" /><nd ref="1643220134" /><nd ref="1643220230" /><nd ref="3674279154" /><nd ref="1643220345" /><nd ref="1643220138" /><nd ref="1643223039" /><nd ref="1643220108" /><nd ref="1474199096" /><nd ref="1643220179" /><nd ref="1643220284" /><nd ref="1643220037" /><nd ref="1643220323" /><nd ref="3674279155" /><nd ref="1474199089" /><nd ref="1643219936" /><nd ref="1643220132" /><nd ref="1643220315" /><nd ref="1643220140" /><nd ref="121847183" /><nd ref="1643248012" /><nd ref="1643247922" /><nd ref="1643248218" /><nd ref="1643248071" /><nd ref="1474199064" /><nd ref="1643247965" /><nd ref="1643247959" /><nd ref="1643233549" /><nd ref="1643247789" /><nd ref="1643247833" /><nd ref="1643247777" /><nd ref="1474198936" /><nd ref="8943359992" /><nd ref="1643248099" /><nd ref="1643247839" /><nd ref="1643247907" /><nd ref="1643248102" /><nd ref="1643247990" /><nd ref="1643248178" /><nd ref="8943359991" /><nd ref="1474198976" /><nd ref="1643248041" /><nd ref="1643247867" /><nd ref="1643247730" /><nd ref="1643248079" /><nd ref="1643247755" /><nd ref="1643247734" /><nd ref="1643247793" /><nd ref="1643248046" /><nd ref="1643247787" /><nd ref="1643248005" /><nd ref="1643247720" /><nd ref="1643248232" /><nd ref="1474199068" /><nd ref="8943359990" /><nd ref="1643248249" /><nd ref="1643247855" /><nd ref="1643248039" /><nd ref="1643247750" /><nd ref="1643247962" /><nd ref="1643248280" /><nd ref="8943359989" /><nd ref="8943359988" /><nd ref="1643247930" /><nd ref="1643247814" /><nd ref="1643248057" /><nd ref="1643248230" /><nd ref="1643247894" /><nd ref="1643247933" /><nd ref="8943359987" /><nd ref="8943359986" /><nd ref="1643247791" /><nd ref="1474199081" /><nd ref="8943359985" /><nd ref="1643247748" /><nd ref="1643248295" /><nd ref="1643248036" /><nd ref="1643248073" /><nd ref="1643248033" /><nd ref="1643248223" /><nd ref="1643247723" /><nd ref="1643248293" /><nd ref="8943359984" /><nd ref="1474199079" /><nd ref="8943359983" /><nd ref="1643247992" /><nd ref="1643247951" /><nd ref="1643247904" /><nd ref="1643247757" /><nd ref="1643248027" /><nd ref="1643248130" /><nd ref="8943359982" /><nd ref="8943359981" /><nd ref="1643247971" /><nd ref="1643248076" /><nd ref="1643248216" /><nd ref="1474199084" /><nd ref="1643247774" /><nd ref="1643247871" /><nd ref="1643248251" /><nd ref="1643247829" /><nd ref="1643247752" /><nd ref="1643247910" /><nd ref="1643247825" /><nd ref="1643247953" /><nd ref="1643248094" /><nd ref="1643247726" /><nd ref="8943359980" /><nd ref="8943359979" /><nd ref="1643247728" /><nd ref="1643248235" /><nd ref="1643247746" /><nd ref="1643247761" /><nd ref="1643248239" /><nd ref="1643248207" /><nd ref="1643248183" /><nd ref="1628752269" /><nd ref="8943359978" /><nd ref="1643247892" /><nd ref="1643248179" /><nd ref="1643248015" /><nd ref="1643248268" /><nd ref="1643248010" /><nd ref="1643248043" /><nd ref="1643248134" /><nd ref="8943359977" /><nd ref="8943359976" /><nd ref="1643247718" /><nd ref="1643247836" /><nd ref="1643248098" /><nd ref="1643247853" /><nd ref="1643248111" /><nd ref="1643247840" /><nd ref="1628752250" /><nd ref="1643248298" /><nd ref="1643247918" /><nd ref="1643247771" /><nd ref="1643248000" /><nd ref="1643248123" /><nd ref="8943359975" /><nd ref="8943359974" /><nd ref="1643248176" /><nd ref="8943359973" /><nd ref="1643248151" /><nd ref="1643247860" /><nd ref="1643248172" /><nd ref="1643248059" /><nd ref="8943359970" /><nd ref="1643248167" /><nd ref="1643248275" /><nd ref="8943359972" /><nd ref="8943359971" /><nd ref="1628752234" /><nd ref="1643248164" /><nd ref="1643248143" /><nd ref="8943359969" /><nd ref="1643248140" /><nd ref="8943359968" /><nd ref="1643248107" /><nd ref="8943359967" /><nd ref="1643247732" /><nd ref="8943359966" /><nd ref="1643248145" /><nd ref="1643248147" /><nd ref="1643247887" /><nd ref="1643248271" /><nd ref="1643247882" /><nd ref="1643248083" /><nd ref="1643248002" /><nd ref="1643248205" /><nd ref="1643247780" /><nd ref="1643248202" /><nd ref="1643248067" /><nd ref="1643247754" /><nd ref="1643248136" /><nd ref="8943572236" /><nd ref="1643247841" /><nd ref="8943572239" /><nd ref="8943572238" /><nd ref="8943359965" /><nd ref="8943572237" /><nd ref="8943359964" /><nd ref="1643248030" /><nd ref="1643248253" /><nd ref="8943359963" /><nd ref="8943359962" /><nd ref="8943359961" /><nd ref="8943359960" /><nd ref="1643247762" /><nd ref="1643248174" /><nd ref="8943359959" /><nd ref="1628752193" /><nd ref="1643248211" /><nd ref="1643248245" /><nd ref="8943359958" /><nd ref="1643233523" /><nd ref="1643270624" /><nd ref="1643270638" /><nd ref="1643270349" /><nd ref="1643270410" /><nd ref="1643270261" /><nd ref="9524503437" /><nd ref="1643270375" /><nd ref="1643270555" /><nd ref="1643270273" /><nd ref="9524503438" /><nd ref="1643270544" /><nd ref="1643270277" /><nd ref="1643270354" /><nd ref="1643270320" /><nd ref="1643270372" /><nd ref="1643270317" /><nd ref="1643270635" /><nd ref="1643270436" /><nd ref="1643270604" /><nd ref="1643270640" /><nd ref="1643270500" /><nd ref="1643270326" /><nd ref="1643270248" /><nd ref="1628752153" /><nd ref="1643270633" /><nd ref="1643270439" /><nd ref="1643270218" /><nd ref="1643270264" /><nd ref="1643270637" /><nd ref="9524503441" /><nd ref="1643270193" /><nd ref="1643270559" /><nd ref="1643270618" /><nd ref="1643270537" /><nd ref="1643270413" /><nd ref="1643270644" /><nd ref="1643270645" /><nd ref="1643270306" /><nd ref="1643404935" /><nd ref="8943359956" /><nd ref="8943359957" /><nd ref="1643404944" /><nd ref="1643404989" /><nd ref="1643404929" /><nd ref="1643404979" /><nd ref="2574604651" /><nd ref="1643404957" /><nd ref="1643404933" /><nd ref="1643404947" /><nd ref="1643404934" /><nd ref="8943359955" /><nd ref="1643404961" /><nd ref="1643404971" /><nd ref="1643404954" /><nd ref="1628752260" /><nd ref="1643404960" /><nd ref="1643404940" /><nd ref="8943359954" /><nd ref="1628752290" /><nd ref="1643404930" /><nd ref="1643404932" /><nd ref="1643404975" /><nd ref="1643404937" /><nd ref="1628752307" /><nd ref="1643404991" /><nd ref="1628752349" /><nd ref="1643404969" /><nd ref="1643404958" /><nd ref="1643404946" /><nd ref="1643404945" /><nd ref="1643404942" /><nd ref="1628752358" /><nd ref="1643404941" /><nd ref="1643404953" /><nd ref="1628752368" /><nd ref="1643404978" /><nd ref="1643404927" /><nd ref="1643404951" /><nd ref="1643404999" /><nd ref="1643404977" /><nd ref="1628752397" /><nd ref="1643404993" /><nd ref="1643404997" /><nd ref="1643404964" /><nd ref="1628752420" /><nd ref="1643404926" /><nd ref="1643404950" /><nd ref="1643404974" /><nd ref="1643404963" /><nd ref="1643404943" /><nd ref="1643404959" /><nd ref="1628752427" /><nd ref="1643404956" /><nd ref="1474199075" /><nd ref="1643404988" /><nd ref="1643405001" /><nd ref="1643404938" /><nd ref="1643404955" /><nd ref="1643404949" /><nd ref="1643405000" /><nd ref="9530486388" /><nd ref="9530486390" /><nd ref="9521845815" /><nd ref="9521886317" /><nd ref="1643404973" /><nd ref="1643404972" /><nd ref="1628752475" /><nd ref="8943359953" /><nd ref="1474199088" /><nd ref="1643405002" /><nd ref="1643404936" /><nd ref="1643404948" /><nd ref="1643404985" /><nd ref="1643404980" /><nd ref="1628752507" /><nd ref="1474199112" /><nd ref="1643404931" /><nd ref="1643404995" /><nd ref="1643404928" /><nd ref="1643404925" /><nd ref="1643404952" /><nd ref="121847187" /><nd ref="1643398225" /><nd ref="1628752569" /><nd ref="1643398239" /><nd ref="1643398215" /><nd ref="8943359952" /><nd ref="1643398157" /><nd ref="1643398219" /><nd ref="1643398180" /><nd ref="1628752611" /><nd ref="1643398193" /><nd ref="1643398213" /><nd ref="1643398191" /><nd ref="1628752600" /><nd ref="1643398245" /><nd ref="1643398200" /><nd ref="1643398241" /><nd ref="1643398240" /><nd ref="1643398238" /><nd ref="1643398202" /><nd ref="1628752612" /><nd ref="1643398176" /><nd ref="1643398221" /><nd ref="1643398194" /><nd ref="1643398218" /><nd ref="1643398198" /><nd ref="1643398223" /><nd ref="1643398196" /><nd ref="121844681" /><nd ref="8943359951" /><nd ref="1643398206" /><nd ref="1643398178" /><nd ref="1643398242" /><nd ref="1643398172" /><nd ref="1643398222" /><nd ref="1643398190" /><nd ref="1643398189" /><nd ref="1643398237" /><nd ref="1643398192" /><nd ref="1643398195" /><nd ref="1643398174" /><nd ref="1643398217" /><nd ref="1643398167" /><nd ref="1643398204" /><nd ref="1474199157" /><nd ref="1643398227" /><nd ref="1643398243" /><nd ref="1628752619" /><nd ref="1643398165" /><nd ref="1643398162" /><nd ref="1643398170" /><nd ref="1643398168" /><nd ref="1352294548" /><nd ref="1643398214" /><nd ref="1643398216" /><nd ref="1643398244" /><nd ref="1643398169" /><tag k="natural" v="coastline" /></way><way id="769649896" timestamp="2022-10-12T17:02:01Z"><nd ref="1474198659" /><nd ref="1643641068" /><nd ref="1643641085" /><nd ref="1474198612" /><nd ref="1643641087" /><nd ref="1643641096" /><nd ref="1643641065" /><nd ref="1474198593" /><nd ref="1643641105" /><nd ref="1643641093" /><nd ref="1643641063" /><nd ref="1474198633" /><nd ref="1643641095" /><nd ref="1474198575" /><nd ref="1643641060" /><nd ref="1643641102" /><nd ref="1643641074" /><nd ref="1643641098" /><nd ref="1474198552" /><nd ref="1643641070" /><nd ref="1643641067" /><nd ref="1643641107" /><nd ref="1352294137" /><nd ref="1643641071" /><nd ref="1643641064" /><nd ref="1643641113" /><nd ref="1474198515" /><tag k="natural" v="coastline" /></way><way id="771295780" timestamp="2022-04-30T15:25:04Z"><nd ref="7200223797" /><nd ref="7200223798" /><nd ref="7200223799" /><nd ref="7200223800" /><nd ref="7200223801" /><nd ref="7200223802" /><nd ref="7200223803" /><nd ref="7200223804" /><nd ref="7200223805" /><nd ref="7200223806" /><nd ref="7200223807" /><nd ref="7200223808" /><nd ref="7200223809" /><nd ref="7200223810" /><nd ref="7200223811" /><nd ref="7200223812" /><nd ref="7200223813" /><nd ref="7200223814" /><nd ref="7200223815" /><nd ref="7200223816" /><nd ref="7200223817" /><nd ref="7200223818" /><nd ref="7200223819" /><nd ref="7200223820" /><nd ref="7200223821" /><nd ref="7200223822" /><nd ref="7200223823" /><nd ref="7200223824" /><nd ref="7200223825" /><nd ref="7200223826" /><nd ref="7200223827" /><nd ref="7200223828" /><nd ref="7200223829" /><nd ref="7200223830" /><nd ref="7200223831" /><nd ref="7200223832" /><nd ref="7200223833" /><nd ref="7200223834" /><nd ref="7200223835" /><nd ref="7200223836" /><nd ref="7200223837" /><nd ref="7200223838" /><nd ref="7200223839" /><nd ref="7200223840" /><nd ref="7200223841" /><nd ref="7200223842" /><nd ref="7200223843" /><nd ref="7200223844" /><nd ref="7200223845" /><nd ref="7200223846" /><nd ref="7200223847" /><nd ref="7200223848" /><nd ref="7200223849" /><nd ref="7200223850" /><nd ref="7200223851" /><nd ref="7200223852" /><nd ref="7200223853" /><nd ref="7200223854" /><nd ref="7200223855" /><nd ref="7200223856" /><nd ref="7200223857" /><nd ref="7200223858" /><nd ref="7200223859" /><nd ref="7200223860" /><nd ref="7200223861" /><nd ref="7200223862" /><nd ref="7200223863" /><nd ref="7200223864" /><nd ref="7200223865" /><nd ref="7200223866" /><nd ref="7200223867" /><nd ref="7200223868" /><nd ref="7200223869" /><nd ref="7200223870" /><nd ref="7200223871" /><nd ref="7200223872" /><nd ref="7200223873" /><nd ref="7200223874" /><nd ref="7200223875" /><nd ref="7200223876" /><nd ref="7200223877" /><nd ref="7200223878" /><nd ref="7200223879" /><nd ref="7200223880" /><nd ref="7200223881" /><nd ref="7200223882" /><nd ref="7200223883" /><nd ref="7200223884" /><nd ref="7200230885" /><nd ref="7200230886" /><nd ref="7200230887" /><nd ref="7200230888" /><nd ref="7200230889" /><nd ref="7200230890" /><nd ref="7200230891" /><nd ref="7200230892" /><nd ref="7200230893" /><nd ref="7200230894" /><nd ref="7200230895" /><nd ref="7200230896" /><nd ref="7200230897" /><nd ref="7200230898" /><nd ref="7200230899" /><nd ref="7200230900" /><nd ref="7200230901" /><nd ref="7200230902" /><nd ref="7200230903" /><nd ref="7200230904" /><nd ref="7200230905" /><nd ref="7200230906" /><nd ref="7200230907" /><nd ref="7200230908" /><nd ref="7200230909" /><nd ref="7200230910" /><nd ref="9524571506" /><nd ref="7200230911" /><nd ref="7200230912" /><nd ref="7200230913" /><nd ref="7200230914" /><nd ref="7200230915" /><nd ref="7200230916" /><nd ref="7200230917" /><nd ref="7200230918" /><nd ref="7200230919" /><nd ref="7200230920" /><nd ref="7200230921" /><nd ref="7200230922" /><nd ref="7200230923" /><nd ref="7200230924" /><nd ref="7200230925" /><nd ref="7200230926" /><nd ref="7200223797" /><tag k="building" v="residential" /></way><way id="771295825" timestamp="2020-02-11T08:42:27Z"><nd ref="4820516689" /><nd ref="7200232068" /><nd ref="7200232067" /><nd ref="7200232066" /><nd ref="7200232065" /><nd ref="7200232064" /><nd ref="7200232063" /><nd ref="7200232062" /><nd ref="7200232061" /><nd ref="7200232060" /><nd ref="7200232059" /><nd ref="7200232058" /><nd ref="7200232057" /><nd ref="7200232056" /><nd ref="7200232055" /><nd ref="7200232054" /><nd ref="7200232053" /><nd ref="7200232069" /><nd ref="7200232052" /><nd ref="7200232051" /><nd ref="4820516691" /><nd ref="4820516692" /><nd ref="4820516693" /><nd ref="4820516694" /><nd ref="4820516695" /><nd ref="7200232045" /><nd ref="4820516677" /><nd ref="4820516678" /><nd ref="7200232044" /><nd ref="7200232043" /><nd ref="4820516679" /><nd ref="4820516680" /><nd ref="7200232042" /><nd ref="4820516681" /><nd ref="4820516682" /><nd ref="4820516683" /><nd ref="4820516684" /><nd ref="7200232046" /><nd ref="7200232070" /><nd ref="7200232048" /><nd ref="7200232049" /><nd ref="4820516686" /><nd ref="4820516687" /><nd ref="7200232050" /><nd ref="4820516689" /><tag k="building" v="retail" /></way><way id="771591886" timestamp="2022-10-14T04:52:33Z"><nd ref="7203058130" /><nd ref="7203058131" /><nd ref="7203058132" /><nd ref="7203058133" /><nd ref="7203058134" /><nd ref="7203058135" /><nd ref="7203058136" /><nd ref="7203058137" /><nd ref="7203058138" /><nd ref="7203058139" /><nd ref="7203058140" /><nd ref="7203058141" /><nd ref="7203058142" /><nd ref="7203058143" /><nd ref="7203058144" /><nd ref="7203058145" /><nd ref="7203058146" /><nd ref="7203058147" /><nd ref="7203058148" /><nd ref="7203058130" /><tag k="building" v="yes" /></way><way id="771591887" timestamp="2021-02-27T12:19:27Z"><nd ref="4569767390" /><nd ref="7203058149" /><nd ref="7203058150" /><nd ref="7203058151" /><nd ref="7203058152" /><nd ref="7203058153" /><nd ref="7203058154" /><nd ref="7203058155" /><nd ref="7203058156" /><nd ref="7203058157" /><nd ref="7203058158" /><nd ref="7203058159" /><nd ref="7203058160" /><nd ref="7203058161" /><nd ref="7203058162" /><nd ref="7203058163" /><nd ref="4569767390" /><tag k="building" v="yes" /></way><way id="771591889" timestamp="2022-10-23T10:36:59Z"><nd ref="7203058170" /><nd ref="7203058171" /><nd ref="7203058172" /><nd ref="7203058173" /><nd ref="7203058174" /><nd ref="7203058175" /><nd ref="7203058176" /><nd ref="7203058177" /><nd ref="7203058178" /><nd ref="7203058179" /><nd ref="7203058180" /><nd ref="7203058181" /><nd ref="7203058182" /><nd ref="7203058183" /><nd ref="7203058184" /><nd ref="7203069685" /><nd ref="7203069686" /><nd ref="7203058170" /><tag k="natural" v="water" /></way><way id="771591890" timestamp="2022-10-23T10:36:59Z"><nd ref="7203069687" /><nd ref="7203069688" /><nd ref="7203069689" /><nd ref="7203069690" /><nd ref="7203069691" /><nd ref="7203069692" /><nd ref="7203069693" /><nd ref="7203069694" /><nd ref="7203069695" /><nd ref="7203069696" /><nd ref="7203069697" /><nd ref="7203069698" /><nd ref="7203069699" /><nd ref="7203069700" /><nd ref="7203069701" /><nd ref="7203069702" /><nd ref="7203069687" /><tag k="building" v="roof" /></way><way id="771591891" timestamp="2022-10-17T15:05:49Z"><nd ref="7203069703" /><nd ref="7203069704" /><nd ref="7203069705" /><nd ref="7203069706" /><nd ref="7203069707" /><nd ref="7203069708" /><nd ref="7203069709" /><nd ref="7203069710" /><nd ref="7203069711" /><nd ref="7203069712" /><nd ref="7203069713" /><nd ref="7203069714" /><nd ref="7203069715" /><nd ref="7203069716" /><nd ref="7203069717" /><nd ref="7203069718" /><nd ref="7203069703" /><tag k="building" v="roof" /></way><way id="771591892" timestamp="2022-10-28T08:48:12Z"><nd ref="7203069719" /><nd ref="7203069720" /><nd ref="7203069721" /><nd ref="7203069722" /><nd ref="7203069723" /><nd ref="7203069724" /><nd ref="7203069725" /><nd ref="7203069726" /><nd ref="7203069727" /><nd ref="7203069728" /><nd ref="7203069729" /><nd ref="7203069730" /><nd ref="7203069731" /><nd ref="7203069732" /><nd ref="7203069733" /><nd ref="7203069734" /><nd ref="7203069735" /><nd ref="7203069719" /><tag k="natural" v="water" /></way><way id="771591912" timestamp="2021-02-27T17:51:23Z"><nd ref="4607112290" /><nd ref="7203069804" /><nd ref="7203069805" /><nd ref="7203069806" /><nd ref="7203069807" /><nd ref="7203069808" /><nd ref="7203069809" /><nd ref="7203069810" /><nd ref="7203069811" /><nd ref="7203069812" /><nd ref="7203069813" /><nd ref="7203069814" /><nd ref="7203069815" /><nd ref="7203069816" /><nd ref="4607112290" /><tag k="building" v="yes" /></way><way id="771591913" timestamp="2022-10-13T22:52:31Z"><nd ref="7203069817" /><nd ref="7203069818" /><nd ref="7203069819" /><nd ref="7203069820" /><nd ref="7203069821" /><nd ref="7203069822" /><nd ref="7203069823" /><nd ref="7203069824" /><nd ref="7203069825" /><nd ref="7203069826" /><nd ref="7203069827" /><nd ref="7203069828" /><nd ref="7203069829" /><nd ref="7203069830" /><nd ref="7203069831" /><nd ref="7203069832" /><nd ref="7203069817" /><tag k="building" v="yes" /></way><way id="771591918" timestamp="2026-02-11T06:59:50Z"><nd ref="7203069842" /><nd ref="7203069843" /><nd ref="7203069844" /><nd ref="7203069845" /><nd ref="7203069846" /><nd ref="7203069847" /><nd ref="7203069848" /><nd ref="7203069849" /><nd ref="7203069850" /><nd ref="7203069851" /><nd ref="7203069852" /><nd ref="7203069853" /><nd ref="7203069854" /><nd ref="7203069855" /><nd ref="7203069856" /><nd ref="7203069857" /><nd ref="7203069858" /><nd ref="7203069859" /><nd ref="7203069860" /><nd ref="7203069861" /><nd ref="7203069862" /><nd ref="7203069863" /><nd ref="7203069864" /><nd ref="7203069865" /><nd ref="7203069866" /><nd ref="7203069867" /><nd ref="7203069868" /><nd ref="7203069869" /><nd ref="7203069870" /><nd ref="7203069871" /><nd ref="7203069872" /><nd ref="7203069873" /><nd ref="7203069874" /><nd ref="7203069875" /><nd ref="7203069876" /><nd ref="7203069877" /><nd ref="7203069878" /><nd ref="7203069879" /><nd ref="7203069880" /><nd ref="7203069881" /><nd ref="7203069882" /><nd ref="7203069883" /><nd ref="7203069884" /><nd ref="7203069885" /><nd ref="8523515246" /><nd ref="7203069886" /><nd ref="8523515245" /><nd ref="8523515244" /><nd ref="8523515243" /><nd ref="8523515242" /><nd ref="8523515241" /><nd ref="7203069887" /><nd ref="8523515240" /><nd ref="8523515239" /><nd ref="8523515238" /><nd ref="7203069888" /><nd ref="7203069889" /><nd ref="7203069890" /><nd ref="7203069842" /><tag k="building" v="residential" /></way><way id="771591924" timestamp="2022-10-28T08:47:26Z"><nd ref="7203069920" /><nd ref="7203069914" /><nd ref="7203069913" /><nd ref="7203069912" /><nd ref="7203069926" /><nd ref="7203069911" /><nd ref="7203069910" /><nd ref="7203069919" /><nd ref="7203069925" /><nd ref="7203069918" /><nd ref="7203069917" /><nd ref="7203069916" /><nd ref="7203069924" /><nd ref="7203069915" /><nd ref="7203069909" /><nd ref="7203069908" /><nd ref="7203069923" /><nd ref="7203069907" /><nd ref="7203069906" /><nd ref="7203069905" /><nd ref="7203069921" /><nd ref="7203069922" /><nd ref="7203069927" /><nd ref="7203069920" /><tag k="natural" v="water" /></way><way id="771591925" timestamp="2022-10-15T23:11:09Z"><nd ref="7203069943" /><nd ref="7203069944" /><nd ref="7203069945" /><nd ref="7203069946" /><nd ref="7203069928" /><nd ref="7203069929" /><nd ref="7203069930" /><nd ref="7203069931" /><nd ref="7203069932" /><nd ref="7203069939" /><nd ref="7203069940" /><nd ref="7203069941" /><nd ref="7203069942" /><nd ref="7203069933" /><nd ref="7203069934" /><nd ref="7203069935" /><nd ref="7203069936" /><nd ref="7203069937" /><nd ref="7203069938" /><nd ref="7203069943" /><tag k="natural" v="water" /></way><way id="771833681" timestamp="2022-07-27T11:59:10Z"><nd ref="7205461917" /><nd ref="7205461918" /><nd ref="7205461919" /><nd ref="7205461920" /><nd ref="7205461921" /><nd ref="7205461922" /><nd ref="7205461923" /><nd ref="7205461924" /><nd ref="7205461925" /><nd ref="7205461926" /><nd ref="7205461927" /><nd ref="7205461928" /><nd ref="7205461929" /><nd ref="7205461930" /><nd ref="7205461931" /><nd ref="7205461932" /><nd ref="7205461933" /><nd ref="7205461934" /><nd ref="7205461935" /><nd ref="7205461917" /><tag k="building" v="retail" /></way><way id="771833682" timestamp="2020-02-12T08:41:18Z"><nd ref="7205461945" /><nd ref="7205461946" /><nd ref="7205461947" /><nd ref="7205461948" /><nd ref="7205461949" /><nd ref="7205458348" /><nd ref="7205461902" /><nd ref="7205461901" /><nd ref="7205461900" /><nd ref="7205461899" /><nd ref="7205461898" /><nd ref="7205461897" /><nd ref="7205461896" /><nd ref="7205461895" /><nd ref="7205461894" /><nd ref="7205461893" /><nd ref="7205461892" /><nd ref="7205461950" /><nd ref="7205461951" /><nd ref="7205461952" /><nd ref="4818826330" /><nd ref="7205461945" /><tag k="building" v="yes" /></way><way id="771845168" timestamp="2022-10-16T16:59:19Z"><nd ref="7205591168" /><nd ref="7205591179" /><nd ref="7205591169" /><nd ref="7205591166" /><nd ref="7205591165" /><nd ref="7205591164" /><nd ref="7205591163" /><nd ref="7205591162" /><nd ref="7205591167" /><nd ref="7205591170" /><nd ref="7205591176" /><nd ref="7205591171" /><nd ref="7205591177" /><nd ref="7205591172" /><nd ref="7205591173" /><nd ref="7205591174" /><nd ref="7205591175" /><nd ref="7205591178" /><nd ref="7205591168" /><tag k="natural" v="water" /></way><way id="771845171" timestamp="2020-02-12T09:44:07Z"><nd ref="7205596948" /><nd ref="7205596949" /><nd ref="7205596950" /><nd ref="7205596951" /><nd ref="7205596952" /><nd ref="7205596953" /><nd ref="7205596954" /><nd ref="7205596955" /><nd ref="7205596956" /><nd ref="7205596957" /><nd ref="7205596958" /><nd ref="7205596959" /><nd ref="7205596960" /><nd ref="7205596961" /><nd ref="7205596962" /><nd ref="7205596963" /><nd ref="7205596964" /><nd ref="7205596965" /><nd ref="7205596966" /><nd ref="7205596967" /><nd ref="7205596968" /><nd ref="7205596969" /><nd ref="7205596970" /><nd ref="7205596971" /><nd ref="7205596972" /><nd ref="7205596973" /><nd ref="7205596974" /><nd ref="7205596975" /><nd ref="7205596976" /><nd ref="7205596977" /><nd ref="7205596978" /><nd ref="7205596979" /><nd ref="7205596980" /><nd ref="7205596981" /><nd ref="7205596982" /><nd ref="7205596983" /><nd ref="7205596984" /><nd ref="7205596985" /><nd ref="7205596986" /><nd ref="7205596987" /><nd ref="7205596988" /><nd ref="7205596989" /><nd ref="7205596990" /><nd ref="7205596991" /><nd ref="7205596992" /><nd ref="7205596993" /><nd ref="7205596994" /><nd ref="7205596995" /><nd ref="7205596996" /><nd ref="7205596997" /><nd ref="7205596998" /><nd ref="7205596999" /><nd ref="7205597000" /><nd ref="7205597001" /><nd ref="7205597002" /><nd ref="7205597003" /><nd ref="7205596948" /><tag k="natural" v="water" /></way><way id="771845186" timestamp="2020-02-12T09:44:07Z"><nd ref="7205597068" /><nd ref="7205597069" /><nd ref="7205597070" /><nd ref="7205597071" /><nd ref="7205597072" /><nd ref="7205597073" /><nd ref="7205597068" /><tag k="building" v="yes" /></way><way id="771867667" timestamp="2020-02-12T11:42:18Z"><nd ref="7205810910" /><nd ref="7205810911" /><nd ref="7205810912" /><nd ref="7205810913" /><nd ref="7205810914" /><nd ref="7205810915" /><nd ref="7205810916" /><nd ref="7205810917" /><nd ref="7205810918" /><nd ref="7205810919" /><nd ref="7205810920" /><nd ref="7205810921" /><nd ref="7205810922" /><nd ref="7205810923" /><nd ref="7205810910" /><tag k="building" v="yes" /></way><way id="771867682" timestamp="2022-10-15T00:55:16Z"><nd ref="7205825234" /><nd ref="7205825238" /><nd ref="7205825239" /><nd ref="7205825240" /><nd ref="7205825241" /><nd ref="7205825242" /><nd ref="7205825243" /><nd ref="7205825244" /><nd ref="7205825245" /><nd ref="7205825246" /><nd ref="7205825247" /><nd ref="7205825248" /><nd ref="7205825249" /><nd ref="1474199116" /><nd ref="1643270592" /><nd ref="7205825234" /><tag k="natural" v="water" /></way><way id="771867683" timestamp="2020-02-12T11:42:18Z"><nd ref="7205825242" /><nd ref="7205825250" /><nd ref="7205825251" /><nd ref="7205825252" /><nd ref="7205825253" /><nd ref="7205825254" /><nd ref="7205825255" /><nd ref="7205825243" /><nd ref="7205825242" /><tag k="natural" v="water" /></way><way id="771867684" timestamp="2024-10-03T14:32:31Z"><nd ref="7205825253" /><nd ref="7205825256" /><nd ref="7205825257" /><nd ref="7205825258" /><nd ref="7205825259" /><nd ref="1643219977" /><nd ref="1643270424" /><nd ref="12218855771" /><nd ref="1643220058" /><nd ref="7205825260" /><nd ref="7205825261" /><nd ref="7205825262" /><nd ref="7205825254" /><nd ref="7205825253" /><tag k="natural" v="water" /></way><way id="771886266" timestamp="2021-04-29T06:07:07Z"><nd ref="7206016292" /><nd ref="7206016296" /><nd ref="7206016297" /><nd ref="7206016298" /><nd ref="8603057752" /><nd ref="7206016299" /><nd ref="7206016300" /><nd ref="8678398930" /><nd ref="7206016326" /><nd ref="7206016303" /><nd ref="7206016304" /><nd ref="7206016308" /><nd ref="7206016305" /><nd ref="7206016306" /><nd ref="4466270765" /><nd ref="7211231949" /><nd ref="7206016292" /><tag k="natural" v="water" /></way><way id="771886267" timestamp="2022-03-02T14:39:25Z"><nd ref="7206016308" /><nd ref="7206016309" /><nd ref="7211038668" /><nd ref="7211038671" /><nd ref="7211038665" /><nd ref="7210891443" /><nd ref="7206016310" /><nd ref="9549688705" /><nd ref="7206016311" /><nd ref="7206016312" /><nd ref="7206016313" /><nd ref="7206016314" /><nd ref="7206016305" /><nd ref="7206016308" /><tag k="natural" v="water" /></way><way id="771886268" timestamp="2021-04-29T06:07:07Z"><nd ref="7206016300" /><nd ref="8678398932" /><nd ref="7206016315" /><nd ref="7206016316" /><nd ref="7206016317" /><nd ref="7206016318" /><nd ref="1643306672" /><nd ref="7206016319" /><nd ref="7206016320" /><nd ref="7206016322" /><nd ref="7206016324" /><nd ref="7206016300" /><tag k="natural" v="water" /></way><way id="771886269" timestamp="2022-03-11T15:00:05Z"><nd ref="7206016325" /><nd ref="8678398931" /><nd ref="7206016326" /><nd ref="7206016327" /><nd ref="7206016328" /><nd ref="7206016329" /><nd ref="7206016330" /><nd ref="9525547343" /><nd ref="9525547340" /><nd ref="9525547341" /><nd ref="1643306693" /><nd ref="7206016333" /><nd ref="7206016334" /><nd ref="7206016335" /><nd ref="7213686276" /><nd ref="7213686321" /><nd ref="7206016336" /><nd ref="7213686282" /><nd ref="7206016337" /><nd ref="7206016325" /><tag k="natural" v="water" /></way><way id="771886270" timestamp="2022-02-21T21:14:27Z"><nd ref="7206016326" /><nd ref="8678398930" /><nd ref="7206016300" /><nd ref="8678398932" /><nd ref="7206016315" /><nd ref="9525524027" /><nd ref="7206016338" /><nd ref="7206016339" /><nd ref="7213686366" /><nd ref="9525524029" /><nd ref="9525524028" /><nd ref="9525524031" /><nd ref="7206016342" /><nd ref="7206016343" /><nd ref="7206016344" /><nd ref="7206016345" /><nd ref="7206016325" /><nd ref="8678398931" /><nd ref="7206016326" /><tag k="natural" v="water" /></way><way id="771886272" timestamp="2022-03-02T14:39:25Z"><nd ref="7206016285" /><nd ref="7206016311" /><nd ref="9549688705" /><nd ref="7206016310" /><nd ref="7206016352" /><nd ref="7206016353" /><nd ref="1643289964" /><nd ref="1643306762" /><nd ref="1628752613" /><nd ref="7206016354" /><nd ref="7206016355" /><nd ref="7206016356" /><nd ref="7206016357" /><nd ref="7206016358" /><nd ref="7206016346" /><nd ref="7206016285" /><tag k="natural" v="water" /></way><way id="771886304" timestamp="2022-10-15T22:53:46Z"><nd ref="7206016500" /><nd ref="1643353715" /><nd ref="7206286908" /><tag k="natural" v="coastline" /></way><way id="771886305" timestamp="2022-10-13T10:48:38Z"><nd ref="7206286908" /><nd ref="1643353686" /><nd ref="1643353685" /><nd ref="1643353714" /><nd ref="1643306756" /><nd ref="1643306772" /><tag k="natural" v="coastline" /></way><way id="771886316" timestamp="2022-10-16T00:53:37Z"><nd ref="7206016646" /><nd ref="7206016647" /><nd ref="7206016648" /><nd ref="7206016649" /><nd ref="7206016650" /><nd ref="7206016651" /><nd ref="7206016652" /><nd ref="7206016653" /><nd ref="7206016654" /><nd ref="7206016655" /><nd ref="7206016656" /><nd ref="7206016657" /><nd ref="7206016658" /><nd ref="7206016659" /><nd ref="7206016660" /><nd ref="7206016661" /><nd ref="7206016662" /><nd ref="8478806853" /><nd ref="7206016663" /><nd ref="7206016664" /><nd ref="7206016665" /><nd ref="7206016666" /><nd ref="7206016667" /><nd ref="7206016668" /><nd ref="7206016669" /><nd ref="7206016670" /><nd ref="7206016671" /><nd ref="7206016646" /><tag k="building" v="residential" /></way><way id="771916788" timestamp="2020-02-12T15:20:59Z"><nd ref="7206277055" /><nd ref="7206277056" /><nd ref="7206277057" /><nd ref="7206277058" /><nd ref="7206277055" /><tag k="building" v="yes" /></way><way id="771916804" timestamp="2022-07-27T12:22:55Z"><nd ref="1643306772" /><nd ref="1643306661" /><nd ref="1474199118" /><nd ref="1643306657" /><nd ref="7206016319" /><nd ref="1643306672" /><nd ref="7206016318" /><nd ref="1643306680" /><nd ref="1643306751" /><nd ref="1643306643" /><nd ref="1643306638" /><nd ref="1643306669" /><nd ref="9914499233" /><nd ref="8478806877" /><nd ref="1643306758" /><nd ref="1643306653" /><nd ref="1643306635" /><nd ref="9549721122" /><nd ref="1643306640" /><nd ref="1643306644" /><nd ref="8479918300" /><nd ref="1352295033" /><nd ref="8479918299" /><nd ref="1643306740" /><nd ref="1643306662" /><nd ref="9549721123" /><nd ref="1643306642" /><nd ref="8479918298" /><nd ref="8479918297" /><nd ref="1643306622" /><nd ref="1643306651" /><nd ref="8479918296" /><nd ref="8479918295" /><nd ref="1643306652" /><nd ref="1643306688" /><nd ref="1643306767" /><nd ref="1643306742" /><nd ref="1643306655" /><nd ref="1643306667" /><nd ref="8479918294" /><nd ref="8479918293" /><nd ref="1643306636" /><nd ref="1643306719" /><nd ref="1474199151" /><nd ref="1643306659" /><nd ref="1643306744" /><nd ref="1643306676" /><nd ref="1643306709" /><nd ref="1643306671" /><nd ref="1643306752" /><nd ref="8432973645" /><nd ref="8432973649" /><nd ref="8943536467" /><nd ref="8943536466" /><nd ref="8432973653" /><nd ref="1643306624" /><nd ref="1643306710" /><nd ref="1643306723" /><nd ref="8479918292" /><nd ref="8479918291" /><nd ref="8479918290" /><nd ref="8479918289" /><nd ref="8479918288" /><nd ref="1643306681" /><nd ref="1643306759" /><nd ref="8479918287" /><nd ref="1643306731" /><nd ref="8479918286" /><nd ref="1643306777" /><nd ref="8479918285" /><nd ref="1643306736" /><nd ref="1643306769" /><nd ref="1643306715" /><nd ref="1643306721" /><nd ref="1643306634" /><nd ref="9587384032" /><nd ref="1643306739" /><nd ref="8479918284" /><nd ref="1643306679" /><nd ref="1643306691" /><nd ref="8479918283" /><nd ref="1352295036" /><nd ref="1643306658" /><nd ref="1643306687" /><nd ref="1643306656" /><nd ref="8479918303" /><nd ref="1643306678" /><nd ref="1643306639" /><nd ref="1643306712" /><nd ref="1643306729" /><nd ref="1628752620" /><nd ref="8480121055" /><nd ref="9719547302" /><nd ref="8480121054" /><nd ref="8480121053" /><nd ref="8480121050" /><nd ref="8480121047" /><nd ref="8480121052" /><nd ref="8480121051" /><nd ref="1643289746" /><nd ref="1643289961" /><nd ref="1643289893" /><nd ref="1643289820" /><nd ref="1643289979" /><nd ref="1643289863" /><nd ref="8480121056" /><nd ref="8480121057" /><nd ref="8480121058" /><nd ref="8480121059" /><nd ref="8480121060" /><nd ref="1474199160" /><nd ref="9525524029" /><nd ref="1643306692" /><nd ref="9525524028" /><nd ref="7206016341" /><nd ref="9525524031" /><nd ref="9611945530" /><nd ref="1643289890" /><nd ref="1643289830" /><nd ref="8479029691" /><nd ref="8479029692" /><nd ref="8479029693" /><nd ref="1643289794" /><nd ref="1643289771" /><nd ref="1643289750" /><nd ref="1643289865" /><nd ref="1643289754" /><nd ref="1643289777" /><nd ref="1643289896" /><nd ref="1643289953" /><nd ref="8943536460" /><nd ref="8943536462" /><nd ref="8943536463" /><nd ref="8943536464" /><nd ref="8943536465" /><nd ref="8943536461" /><nd ref="8479029694" /><nd ref="8479029695" /><nd ref="8479029696" /><nd ref="1474199158" /><nd ref="1643289782" /><nd ref="1643289846" /><nd ref="1643289903" /><nd ref="9549688709" /><nd ref="1643306693" /><nd ref="9525547341" /><nd ref="9525547340" /><nd ref="7206016331" /><nd ref="9525547343" /><nd ref="9571014828" /><nd ref="8943536459" /><nd ref="1643289743" /><nd ref="8479029699" /><nd ref="8479029700" /><nd ref="1643289871" /><nd ref="1643289991" /><nd ref="1643289885" /><nd ref="1643289868" /><nd ref="8479029701" /><nd ref="8479029702" /><nd ref="8479029703" /><nd ref="1643289968" /><nd ref="1643289859" /><nd ref="7213686359" /><tag k="natural" v="coastline" /></way><way id="771916806" timestamp="2020-02-12T15:20:59Z"><nd ref="7206286910" /><nd ref="7206286911" /><nd ref="7206286912" /><nd ref="7206286913" /><nd ref="7206286914" /><nd ref="7206286910" /><tag k="building" v="yes" /></way><way id="771916807" timestamp="2022-10-13T16:46:09Z"><nd ref="7206286915" /><nd ref="7206286925" /><nd ref="7206286926" /><nd ref="7206286927" /><nd ref="7206286928" /><nd ref="7206286923" /><nd ref="7206286922" /><nd ref="7206286921" /><nd ref="7206286920" /><nd ref="7206286924" /><nd ref="7206286929" /><nd ref="7206286930" /><nd ref="7206286931" /><nd ref="7206286932" /><nd ref="7206286919" /><nd ref="7206286918" /><nd ref="7206286917" /><nd ref="7206286916" /><nd ref="7206286915" /><tag k="natural" v="water" /></way><way id="771916842" timestamp="2022-10-12T17:15:41Z"><nd ref="7206287163" /><nd ref="7206287164" /><nd ref="7206287146" /><nd ref="7206287147" /><nd ref="7206287148" /><nd ref="7206287149" /><nd ref="7206287150" /><nd ref="7206287151" /><nd ref="7206287152" /><nd ref="7206287160" /><nd ref="7206287161" /><nd ref="7206287162" /><nd ref="7206287153" /><nd ref="7206287154" /><nd ref="7206287155" /><nd ref="7206287156" /><nd ref="7206287157" /><nd ref="7206287158" /><nd ref="7206287159" /><nd ref="7206287163" /><tag k="natural" v="water" /></way><way id="771916853" timestamp="2022-10-14T05:06:31Z"><nd ref="7206287191" /><nd ref="7206287192" /><nd ref="7206287193" /><nd ref="7206287194" /><nd ref="7206287195" /><nd ref="7206287196" /><nd ref="7206287197" /><nd ref="7206287198" /><nd ref="7206287199" /><nd ref="7206287200" /><nd ref="7206287201" /><nd ref="7206287202" /><nd ref="7206287203" /><nd ref="7206287204" /><nd ref="7206287205" /><nd ref="7206287206" /><nd ref="7206287207" /><nd ref="7206287208" /><nd ref="7206287209" /><nd ref="7206287210" /><nd ref="7206287191" /><tag k="building" v="residential" /></way><way id="771916854" timestamp="2020-02-12T15:20:59Z"><nd ref="7206287211" /><nd ref="7206287212" /><nd ref="7206287213" /><nd ref="7206287214" /><nd ref="7206287215" /><nd ref="7206287216" /><nd ref="7206287217" /><nd ref="7206287218" /><nd ref="7206287219" /><nd ref="7206287220" /><nd ref="7206287221" /><nd ref="7206287222" /><nd ref="7206287211" /><tag k="building" v="yes" /></way><way id="771941711" timestamp="2022-10-12T20:50:44Z"><nd ref="7206466542" /><nd ref="7206466543" /><nd ref="7206466544" /><nd ref="7206466545" /><nd ref="7206466542" /><tag k="natural" v="water" /></way><way id="771941715" timestamp="2022-10-17T20:46:13Z"><nd ref="7206466548" /><nd ref="7206466549" /><nd ref="7206466550" /><nd ref="7206466551" /><nd ref="7206466552" /><nd ref="7206466553" /><nd ref="7206466554" /><nd ref="7206466555" /><nd ref="7206466548" /><tag k="natural" v="water" /></way><way id="771941718" timestamp="2020-02-12T17:22:38Z"><nd ref="7206466573" /><nd ref="7206466574" /><nd ref="7206466575" /><nd ref="7206466576" /><nd ref="7206466577" /><nd ref="7206466578" /><nd ref="7206466560" /><nd ref="7206466561" /><nd ref="7206466562" /><nd ref="7206466563" /><nd ref="7206466569" /><nd ref="7206466570" /><nd ref="7206466571" /><nd ref="7206466572" /><nd ref="7206466564" /><nd ref="7206466565" /><nd ref="7206466566" /><nd ref="7206466567" /><nd ref="7206466568" /><nd ref="7206466573" /><tag k="landuse" v="grass" /></way><way id="771941719" timestamp="2020-02-12T17:22:38Z"><nd ref="7206466580" /><nd ref="7206466581" /><nd ref="7206466582" /><nd ref="7206466583" /><nd ref="7206466584" /><nd ref="7206528185" /><nd ref="7206528186" /><nd ref="7206528187" /><nd ref="7206528188" /><nd ref="7206528394" /><nd ref="7206528189" /><nd ref="7206528190" /><nd ref="7206528191" /><nd ref="7206528192" /><nd ref="7206528193" /><nd ref="7206528194" /><nd ref="7206528195" /><nd ref="7206528196" /><nd ref="7206528197" /><nd ref="7206466580" /><tag k="landuse" v="grass" /></way><way id="771941720" timestamp="2020-02-12T17:22:38Z"><nd ref="7206528199" /><nd ref="7206528200" /><nd ref="7206528201" /><nd ref="7206528202" /><nd ref="7206528203" /><nd ref="7206528204" /><nd ref="7206528205" /><nd ref="7206528206" /><nd ref="7206528207" /><nd ref="7206528208" /><nd ref="7206528209" /><nd ref="7206528210" /><nd ref="7206528211" /><nd ref="7206528212" /><nd ref="7206528213" /><nd ref="7206528214" /><nd ref="7206528215" /><nd ref="7206528216" /><nd ref="7206528217" /><nd ref="7206528199" /><tag k="landuse" v="grass" /></way><way id="771941721" timestamp="2020-02-12T17:22:38Z"><nd ref="7206528219" /><nd ref="7206528220" /><nd ref="7206528221" /><nd ref="7206528222" /><nd ref="7206528223" /><nd ref="7206528224" /><nd ref="7206528225" /><nd ref="7206528226" /><nd ref="7206528227" /><nd ref="7206528228" /><nd ref="7206528229" /><nd ref="7206528230" /><nd ref="7206528231" /><nd ref="7206528232" /><nd ref="7206528233" /><nd ref="7206528234" /><nd ref="7206528235" /><nd ref="7206528236" /><nd ref="7206528237" /><nd ref="7206528219" /><tag k="landuse" v="grass" /></way><way id="771941722" timestamp="2020-02-12T17:22:38Z"><nd ref="7206528239" /><nd ref="7206528240" /><nd ref="7206528241" /><nd ref="7206528242" /><nd ref="7206528243" /><nd ref="7206528244" /><nd ref="7206528245" /><nd ref="7206528246" /><nd ref="7206528247" /><nd ref="7206528248" /><nd ref="7206528249" /><nd ref="7206528250" /><nd ref="7206528251" /><nd ref="7206528252" /><nd ref="7206528253" /><nd ref="7206528254" /><nd ref="7206528255" /><nd ref="7206528256" /><nd ref="7206528257" /><nd ref="7206528239" /><tag k="landuse" v="grass" /></way><way id="771941723" timestamp="2020-02-12T17:22:38Z"><nd ref="7206528259" /><nd ref="7206528260" /><nd ref="7206528261" /><nd ref="7206528262" /><nd ref="7206528263" /><nd ref="7206528264" /><nd ref="7206528265" /><nd ref="7206528266" /><nd ref="7206528267" /><nd ref="7206528268" /><nd ref="7206528269" /><nd ref="7206528270" /><nd ref="7206528271" /><nd ref="7206528272" /><nd ref="7206528273" /><nd ref="7206528274" /><nd ref="7206528275" /><nd ref="7206528276" /><nd ref="7206528277" /><nd ref="7206528259" /><tag k="landuse" v="grass" /></way><way id="771941724" timestamp="2020-02-12T17:22:38Z"><nd ref="7206528279" /><nd ref="7206528280" /><nd ref="7206528281" /><nd ref="7206528282" /><nd ref="7206528283" /><nd ref="7206528284" /><nd ref="7206528285" /><nd ref="7206528286" /><nd ref="7206528287" /><nd ref="7206528288" /><nd ref="7206528289" /><nd ref="7206528290" /><nd ref="7206528291" /><nd ref="7206528292" /><nd ref="7206528293" /><nd ref="7206528294" /><nd ref="7206528416" /><nd ref="7206528295" /><nd ref="7206528296" /><nd ref="7206528279" /><tag k="landuse" v="grass" /></way><way id="771941725" timestamp="2020-02-12T17:22:38Z"><nd ref="7206528298" /><nd ref="7206528299" /><nd ref="7206528300" /><nd ref="7206528301" /><nd ref="7206528302" /><nd ref="7206528303" /><nd ref="7206528304" /><nd ref="7206528305" /><nd ref="7206528306" /><nd ref="7206528307" /><nd ref="7206528308" /><nd ref="7206528309" /><nd ref="7206528310" /><nd ref="7206528311" /><nd ref="7206528415" /><nd ref="7206528312" /><nd ref="7206528390" /><nd ref="7206528313" /><nd ref="7206528314" /><nd ref="7206528298" /><tag k="landuse" v="grass" /></way><way id="771941729" timestamp="2020-02-12T17:22:38Z"><nd ref="7206528395" /><nd ref="7206528396" /><nd ref="7206528397" /><nd ref="7206528398" /><nd ref="7206528399" /><nd ref="7206528395" /><tag k="landuse" v="grass" /></way><way id="771941730" timestamp="2020-02-12T17:22:38Z"><nd ref="7206528400" /><nd ref="7206528401" /><nd ref="7206528402" /><nd ref="7206528403" /><nd ref="7206528400" /><tag k="landuse" v="grass" /></way><way id="771941731" timestamp="2020-02-12T17:22:38Z"><nd ref="7206528404" /><nd ref="7206528405" /><nd ref="7206528406" /><nd ref="7206528407" /><nd ref="7206528404" /><tag k="landuse" v="grass" /></way><way id="771941732" timestamp="2020-02-12T17:22:38Z"><nd ref="7206528408" /><nd ref="7206528409" /><nd ref="7206528410" /><nd ref="7206528411" /><nd ref="7206528408" /><tag k="landuse" v="grass" /></way><way id="771941737" timestamp="2022-10-19T08:47:37Z"><nd ref="7206528425" /><nd ref="7206528426" /><nd ref="7206528427" /><nd ref="7206528428" /><nd ref="7206528429" /><nd ref="7206528430" /><nd ref="7206528431" /><nd ref="7206528425" /><tag k="landuse" v="grass" /></way><way id="771941740" timestamp="2022-10-12T22:45:30Z"><nd ref="7206528434" /><nd ref="7206528435" /><nd ref="7206528436" /><nd ref="7206528437" /><nd ref="7206528438" /><nd ref="7206528439" /><nd ref="7206528440" /><nd ref="7206528441" /><nd ref="7206528434" /><tag k="building" v="yes" /></way><way id="771941742" timestamp="2022-07-27T12:26:22Z"><nd ref="7206287176" /><nd ref="7206287145" /><nd ref="1643407785" /><nd ref="1474199123" /><nd ref="9914498834" /><nd ref="1643407775" /><nd ref="1643407778" /><nd ref="1643407783" /><nd ref="9914498833" /><nd ref="1474199135" /><nd ref="1643407811" /><nd ref="1643407792" /><nd ref="1643407791" /><nd ref="7206016511" /><nd ref="2621574346" /><nd ref="7206016512" /><nd ref="1474199124" /><nd ref="1474199122" /><nd ref="1643407796" /><nd ref="1643407779" /><nd ref="1474199120" /><nd ref="1643407780" /><nd ref="1643407787" /><nd ref="1643407798" /><nd ref="1474199119" /><nd ref="1643407797" /><nd ref="1643407795" /><nd ref="1474199121" /><nd ref="7206528498" /><nd ref="1643407790" /><nd ref="1643407788" /><nd ref="7206528497" /><nd ref="1643407773" /><nd ref="1643407803" /><nd ref="7206528496" /><nd ref="9914498830" /><nd ref="1630387005" /><nd ref="1643407801" /><nd ref="7206528495" /><nd ref="9914498829" /><nd ref="1643407781" /><nd ref="7206528494" /><nd ref="7206528493" /><nd ref="7206528500" /><tag k="natural" v="coastline" /></way><way id="771941743" timestamp="2022-10-12T21:15:31Z"><nd ref="7206528500" /><nd ref="7206528492" /><nd ref="7206528502" /><nd ref="7206528509" /><nd ref="7206528501" /><nd ref="9914498828" /><nd ref="1643407810" /><nd ref="7206528499" /><tag k="natural" v="coastline" /></way><way id="771941753" timestamp="2020-02-12T17:22:38Z"><nd ref="7206528524" /><nd ref="7206528525" /><nd ref="7206528526" /><nd ref="7206528527" /><nd ref="7206528528" /><nd ref="7206528529" /><nd ref="7206528530" /><nd ref="7206528531" /><nd ref="7206528532" /><nd ref="7206528533" /><nd ref="7206528534" /><nd ref="7206528535" /><nd ref="7206528536" /><nd ref="7206528537" /><nd ref="7206528538" /><nd ref="7206528539" /><nd ref="7206528540" /><nd ref="7206528541" /><nd ref="7206528542" /><nd ref="7206528524" /><tag k="landuse" v="grass" /></way><way id="771941757" timestamp="2022-10-19T22:45:03Z"><nd ref="7206528604" /><nd ref="7206528605" /><nd ref="7206528606" /><nd ref="7206528607" /><nd ref="7206528608" /><nd ref="7206528609" /><nd ref="7206528610" /><nd ref="7206528611" /><nd ref="7206528612" /><nd ref="7206528613" /><nd ref="7206528614" /><nd ref="7206528615" /><nd ref="7206528616" /><nd ref="7206528617" /><nd ref="7206528618" /><nd ref="7206528619" /><nd ref="7206528620" /><nd ref="7206528621" /><nd ref="7206528622" /><nd ref="7206528604" /><tag k="landuse" v="grass" /></way><way id="771941758" timestamp="2022-10-19T22:45:03Z"><nd ref="7206528623" /><nd ref="7206528815" /><nd ref="7206528816" /><nd ref="7206528818" /><nd ref="7206528817" /><nd ref="7206528814" /><nd ref="7206528624" /><nd ref="7206528625" /><nd ref="7206528626" /><nd ref="7206528628" /><nd ref="7206528629" /><nd ref="7206528630" /><nd ref="7206528631" /><nd ref="7206528632" /><nd ref="7206528633" /><nd ref="7206528623" /><tag k="landuse" v="grass" /></way><way id="771941759" timestamp="2020-02-12T17:22:38Z"><nd ref="7206528634" /><nd ref="7206528635" /><nd ref="7206528636" /><nd ref="7206528637" /><nd ref="7206528638" /><nd ref="7206528639" /><nd ref="7206528640" /><nd ref="7206528641" /><nd ref="7206528642" /><nd ref="7206528643" /><nd ref="7206528644" /><nd ref="7206528645" /><nd ref="7206528646" /><nd ref="7206528647" /><nd ref="7206528648" /><nd ref="7206528649" /><nd ref="7206528650" /><nd ref="7206528651" /><nd ref="7206528652" /><nd ref="7206528634" /><tag k="landuse" v="grass" /></way><way id="771941760" timestamp="2020-02-12T17:22:38Z"><nd ref="7206528654" /><nd ref="7206528655" /><nd ref="7206528656" /><nd ref="7206528657" /><nd ref="7206528658" /><nd ref="7206528659" /><nd ref="7206528660" /><nd ref="7206528661" /><nd ref="7206528662" /><nd ref="7206528663" /><nd ref="7206528664" /><nd ref="7206528665" /><nd ref="7206528666" /><nd ref="7206528667" /><nd ref="7206528668" /><nd ref="7206528669" /><nd ref="7206528670" /><nd ref="7206528671" /><nd ref="7206528672" /><nd ref="7206528654" /><tag k="landuse" v="grass" /></way><way id="771941761" timestamp="2020-02-12T17:22:38Z"><nd ref="7206528674" /><nd ref="7206528675" /><nd ref="7206528676" /><nd ref="7206528677" /><nd ref="7206528678" /><nd ref="7206528679" /><nd ref="7206528680" /><nd ref="7206528681" /><nd ref="7206528682" /><nd ref="7206528683" /><nd ref="7206528684" /><nd ref="7206528685" /><nd ref="7206528686" /><nd ref="7206528687" /><nd ref="7206528688" /><nd ref="7206528689" /><nd ref="7206528690" /><nd ref="7206528691" /><nd ref="7206528692" /><nd ref="7206528674" /><tag k="landuse" v="grass" /></way><way id="771941762" timestamp="2020-02-12T17:22:38Z"><nd ref="7206528694" /><nd ref="7206528695" /><nd ref="7206528696" /><nd ref="7206528697" /><nd ref="7206528698" /><nd ref="7206528699" /><nd ref="7206528700" /><nd ref="7206528701" /><nd ref="7206528702" /><nd ref="7206528703" /><nd ref="7206528704" /><nd ref="7206528705" /><nd ref="7206528706" /><nd ref="7206528707" /><nd ref="7206528708" /><nd ref="7206528709" /><nd ref="7206528710" /><nd ref="7206528711" /><nd ref="7206528712" /><nd ref="7206528694" /><tag k="landuse" v="grass" /></way><way id="771941763" timestamp="2020-02-12T17:22:38Z"><nd ref="7206528714" /><nd ref="7206528715" /><nd ref="7206528716" /><nd ref="7206528717" /><nd ref="7206528718" /><nd ref="7206528719" /><nd ref="7206528720" /><nd ref="7206528721" /><nd ref="7206528722" /><nd ref="7206528723" /><nd ref="7206528724" /><nd ref="7206528725" /><nd ref="7206528726" /><nd ref="7206528727" /><nd ref="7206528728" /><nd ref="7206528729" /><nd ref="7206528730" /><nd ref="7206528731" /><nd ref="7206528732" /><nd ref="7206528714" /><tag k="landuse" v="grass" /></way><way id="771941765" timestamp="2020-02-12T17:22:38Z"><nd ref="7206528754" /><nd ref="7206528755" /><nd ref="7206528756" /><nd ref="7206528757" /><nd ref="7206528758" /><nd ref="7206528759" /><nd ref="7206528760" /><nd ref="7206528761" /><nd ref="7206528762" /><nd ref="7206528763" /><nd ref="7206528764" /><nd ref="7206528765" /><nd ref="7206528766" /><nd ref="7206528767" /><nd ref="7206528768" /><nd ref="7206528769" /><nd ref="7206528770" /><nd ref="7206528771" /><nd ref="7206528772" /><nd ref="7206528754" /><tag k="landuse" v="grass" /></way><way id="771941766" timestamp="2020-02-12T17:22:38Z"><nd ref="7206528774" /><nd ref="7206528775" /><nd ref="7206528776" /><nd ref="7206528777" /><nd ref="7206528778" /><nd ref="7206528779" /><nd ref="7206528780" /><nd ref="7206528781" /><nd ref="7206528782" /><nd ref="7206528783" /><nd ref="7206528784" /><nd ref="7206528785" /><nd ref="7206528786" /><nd ref="7206528787" /><nd ref="7206528788" /><nd ref="7206528789" /><nd ref="7206528790" /><nd ref="7206528791" /><nd ref="7206528792" /><nd ref="7206528774" /><tag k="landuse" v="grass" /></way><way id="771941767" timestamp="2020-02-12T17:22:38Z"><nd ref="7206528794" /><nd ref="7206528795" /><nd ref="7206528796" /><nd ref="7206528797" /><nd ref="7206528798" /><nd ref="7206528799" /><nd ref="7206528800" /><nd ref="7206528801" /><nd ref="7206528802" /><nd ref="7206528803" /><nd ref="7206528804" /><nd ref="7206528805" /><nd ref="7206528806" /><nd ref="7206528807" /><nd ref="7206528808" /><nd ref="7206528809" /><nd ref="7206528810" /><nd ref="7206528811" /><nd ref="7206528812" /><nd ref="7206528794" /><tag k="landuse" v="grass" /></way><way id="771941768" timestamp="2020-02-12T17:22:38Z"><nd ref="1643353688" /><nd ref="1643353717" /><nd ref="1643353728" /><nd ref="1643353721" /><nd ref="1474199161" /><nd ref="1643353726" /><nd ref="7206528840" /><nd ref="1643353690" /><nd ref="7206528841" /><tag k="natural" v="coastline" /></way><way id="771941769" timestamp="2022-10-17T18:59:53Z"><nd ref="1643398169" /><nd ref="1643353723" /><nd ref="1643353716" /><nd ref="1643353688" /><tag k="natural" v="coastline" /></way><way id="771941770" timestamp="2025-11-28T09:06:58Z"><nd ref="7206528819" /><nd ref="7206528827" /><nd ref="7206528829" /><nd ref="7206528830" /><nd ref="7206528831" /><nd ref="7206528832" /><nd ref="7206528828" /><nd ref="7206528820" /><nd ref="7206528833" /><nd ref="7206528821" /><nd ref="7206528822" /><nd ref="7206528823" /><nd ref="7206528838" /><nd ref="7206528824" /><nd ref="7206528837" /><nd ref="7206528825" /><nd ref="7206528826" /><nd ref="7206528819" /><tag k="building" v="yes" /></way><way id="771941771" timestamp="2020-02-12T17:22:38Z"><nd ref="7206528834" /><nd ref="7206528837" /><nd ref="7206528824" /><nd ref="7206528838" /><nd ref="7206528835" /><nd ref="7206528836" /><nd ref="7206528834" /><tag k="building" v="yes" /></way><way id="771941772" timestamp="2022-10-17T13:07:05Z"><nd ref="7206528839" /><nd ref="9914499226" /><nd ref="1643353724" /><nd ref="7206528842" /><tag k="natural" v="coastline" /></way><way id="771941773" timestamp="2022-10-19T15:07:09Z"><nd ref="7206528841" /><nd ref="1643353710" /><nd ref="1474199159" /><nd ref="1474199156" /><nd ref="7206528839" /><tag k="natural" v="coastline" /></way><way id="771941774" timestamp="2020-02-12T17:22:38Z"><nd ref="7206528842" /><nd ref="1643353689" /><nd ref="1643353713" /><nd ref="1643353719" /><nd ref="1352294624" /><tag k="natural" v="coastline" /></way><way id="771941779" timestamp="2022-10-23T10:38:39Z"><nd ref="7206528884" /><nd ref="9587274763" /><nd ref="7206528885" /><nd ref="7206528886" /><nd ref="7206528887" /><nd ref="7206528884" /><tag k="building" v="yes" /></way><way id="771941781" timestamp="2022-07-27T12:22:55Z"><nd ref="7206528892" /><nd ref="7205825237" /><nd ref="7205825236" /><nd ref="7205825235" /><nd ref="7205825249" /><nd ref="1474199116" /><nd ref="1643270592" /><nd ref="7205825234" /><nd ref="1352294851" /><nd ref="9914499230" /><nd ref="1643353711" /><nd ref="9914499229" /><nd ref="1643353725" /><nd ref="1643353712" /><nd ref="1352294941" /><nd ref="1474199117" /><nd ref="7206016395" /><nd ref="2621574340" /><nd ref="7206016400" /><nd ref="1643353687" /><nd ref="7206016500" /><tag k="natural" v="coastline" /></way><way id="771941782" timestamp="2022-10-13T17:12:41Z"><nd ref="1352294624" /><nd ref="1643353708" /><nd ref="1628752485" /><nd ref="1643353729" /><nd ref="1643353684" /><nd ref="9914499224" /><nd ref="1352294750" /><nd ref="7206528892" /><tag k="natural" v="coastline" /></way><way id="772099140" timestamp="2022-10-28T09:08:46Z"><nd ref="7207880065" /><nd ref="7207880077" /><nd ref="7207880078" /><nd ref="7207880079" /><nd ref="7207880080" /><nd ref="7207880081" /><nd ref="9589129113" /><nd ref="7207880082" /><nd ref="7207880083" /><nd ref="7207880084" /><nd ref="7207897285" /><nd ref="7207897287" /><nd ref="7207880065" /><tag k="building" v="apartments" /></way><way id="772099150" timestamp="2022-10-13T09:14:52Z"><nd ref="7207897334" /><nd ref="8486916856" /><nd ref="7211073982" /><nd ref="7207897335" /><nd ref="7207897336" /><nd ref="7211073981" /><nd ref="8486916855" /><nd ref="7207897337" /><nd ref="7207897334" /><tag k="building" v="yes" /></way><way id="772099151" timestamp="2021-03-04T19:43:16Z"><nd ref="7207897338" /><nd ref="8486916857" /><nd ref="7211073983" /><nd ref="7207897339" /><nd ref="7207897340" /><nd ref="7211073984" /><nd ref="7211073962" /><nd ref="7207897341" /><nd ref="7207897338" /><tag k="building" v="yes" /></way><way id="772106076" timestamp="2021-03-02T11:10:56Z"><nd ref="7207965629" /><nd ref="7207965630" /><nd ref="7207965631" /><nd ref="7207965632" /><nd ref="7207965633" /><nd ref="7207965634" /><nd ref="7207965635" /><nd ref="7207965636" /><nd ref="7207965629" /><tag k="building" v="apartments" /></way><way id="772106077" timestamp="2022-10-14T22:51:22Z"><nd ref="7207965639" /><nd ref="7207965640" /><nd ref="7207965641" /><nd ref="7207965642" /><nd ref="7207965643" /><nd ref="7207965644" /><nd ref="7207965645" /><nd ref="7207965646" /><nd ref="7207965647" /><nd ref="7207965648" /><nd ref="7207965639" /><tag k="building" v="apartments" /></way><way id="772368586" timestamp="2022-10-17T02:47:18Z"><nd ref="7211048223" /><nd ref="7211048224" /><nd ref="7211048225" /><nd ref="7211048226" /><nd ref="7211048227" /><nd ref="7211048228" /><nd ref="7211048210" /><nd ref="7211048211" /><nd ref="7211048212" /><nd ref="7211048213" /><nd ref="7211048214" /><nd ref="7211048221" /><nd ref="7211048222" /><nd ref="7211048215" /><nd ref="7211048216" /><nd ref="7211048217" /><nd ref="7211048218" /><nd ref="7211048219" /><nd ref="7211048220" /><nd ref="7211048223" /><tag k="natural" v="water" /></way><way id="772368587" timestamp="2022-10-19T14:56:29Z"><nd ref="7211048229" /><nd ref="7211048230" /><nd ref="7211048231" /><nd ref="7211048232" /><nd ref="7211048233" /><nd ref="7211048234" /><nd ref="7211048235" /><nd ref="7211048236" /><nd ref="7211048237" /><nd ref="7211048238" /><nd ref="7211048239" /><nd ref="7211048240" /><nd ref="7211048241" /><nd ref="7211048242" /><nd ref="7211048243" /><nd ref="7211048244" /><nd ref="7211048245" /><nd ref="7211048246" /><nd ref="7211048247" /><nd ref="7211048229" /><tag k="natural" v="water" /></way><way id="772368594" timestamp="2022-10-19T04:52:52Z"><nd ref="7211048266" /><nd ref="7211048267" /><nd ref="7211048268" /><nd ref="7211048269" /><nd ref="7211048270" /><nd ref="7211048271" /><nd ref="7211048272" /><nd ref="7211048273" /><nd ref="7211048274" /><nd ref="7211048275" /><nd ref="7211048276" /><nd ref="7211048277" /><nd ref="7211048278" /><nd ref="7211048279" /><nd ref="7211048280" /><nd ref="7211048281" /><nd ref="7211048282" /><nd ref="7211048283" /><nd ref="7211048284" /><nd ref="7211048266" /><tag k="natural" v="water" /></way><way id="772373819" timestamp="2022-10-28T09:08:46Z"><nd ref="7207880066" /><nd ref="7207880067" /><nd ref="7207880068" /><nd ref="7207880069" /><nd ref="7207880070" /><nd ref="7207880071" /><nd ref="7207880072" /><nd ref="7211073949" /><nd ref="7211073950" /><nd ref="7207880073" /><nd ref="7207880074" /><nd ref="7207880075" /><nd ref="7207880060" /><nd ref="7207880061" /><nd ref="7207880062" /><nd ref="7207880063" /><nd ref="7207880064" /><nd ref="7207897287" /><nd ref="7207880065" /><nd ref="7207880066" /><tag k="building" v="apartments" /></way><way id="772666904" timestamp="2020-02-15T09:06:31Z"><nd ref="7213686268" /><nd ref="7213686269" /><nd ref="7213686270" /><nd ref="7213686271" /><nd ref="7213686268" /><tag k="building" v="yes" /></way><way id="772666905" timestamp="2020-02-15T09:06:31Z"><nd ref="7213686272" /><nd ref="7213686273" /><nd ref="7213686274" /><nd ref="7213686275" /><nd ref="7213686272" /><tag k="building" v="yes" /></way><way id="772666929" timestamp="2022-10-18T02:57:23Z"><nd ref="7213686355" /><nd ref="7213686356" /><nd ref="7213686357" /><nd ref="7213686358" /><nd ref="7213686340" /><nd ref="7213686341" /><nd ref="7213686342" /><nd ref="7213686343" /><nd ref="7213686344" /><nd ref="7213686350" /><nd ref="7213686351" /><nd ref="7213686352" /><nd ref="7213686353" /><nd ref="7213686354" /><nd ref="7213686345" /><nd ref="7213686346" /><nd ref="7213686347" /><nd ref="7213686348" /><nd ref="7213686349" /><nd ref="7213686355" /><tag k="building" v="yes" /></way><way id="772666935" timestamp="2022-10-17T13:03:40Z"><nd ref="7213686359" /><nd ref="1643289817" /><nd ref="1643289992" /><nd ref="7213686360" /><nd ref="7213686361" /><tag k="natural" v="coastline" /></way><way id="772666936" timestamp="2024-10-02T20:03:01Z"><nd ref="9412926287" /><nd ref="9536213727" /><nd ref="9536213729" /><nd ref="1643313012" /><nd ref="1643313013" /><nd ref="8943589367" /><nd ref="8943589366" /><nd ref="1643313072" /><nd ref="8943589365" /><nd ref="8943589364" /><nd ref="8943589363" /><nd ref="1630387116" /><nd ref="8943589362" /><nd ref="1643312986" /><nd ref="8943589361" /><nd ref="1643313015" /><nd ref="1630387136" /><nd ref="1630386929" /><nd ref="1630387075" /><nd ref="9587384041" /><nd ref="1643312960" /><nd ref="1643312950" /><nd ref="1630387172" /><nd ref="1643313029" /><nd ref="1630387126" /><nd ref="8943589360" /><nd ref="8663065717" /><nd ref="8943589359" /><nd ref="8943589358" /><nd ref="8943589357" /><nd ref="8663065718" /><nd ref="8943589356" /><nd ref="8663065719" /><nd ref="8663065720" /><nd ref="8943589355" /><nd ref="8663065721" /><nd ref="8663065722" /><nd ref="8943589353" /><nd ref="8943589354" /><nd ref="9530486408" /><nd ref="9530486407" /><nd ref="9530486406" /><nd ref="9530486404" /><nd ref="9530486405" /><nd ref="9530486403" /><nd ref="9914499295" /><nd ref="9530486402" /><nd ref="8663065723" /><nd ref="12216863734" /><nd ref="9914499297" /><nd ref="9530486401" /><nd ref="9530486400" /><nd ref="9530500537" /><nd ref="9530486399" /><nd ref="9530500536" /><nd ref="9914499299" /><nd ref="9530486398" /><nd ref="9530500535" /><nd ref="9530486397" /><nd ref="8943589352" /><nd ref="9914499301" /><nd ref="9530500534" /><nd ref="9914499302" /><nd ref="9530500533" /><nd ref="9530500532" /><nd ref="9530500531" /><nd ref="9530500530" /><nd ref="9530500529" /><nd ref="9530500528" /><nd ref="9914499305" /><nd ref="9547667096" /><nd ref="9589185333" /><nd ref="9530500527" /><nd ref="9914499308" /><nd ref="9530500526" /><nd ref="9530500525" /><nd ref="12216863751" /><nd ref="9530500524" /><nd ref="9530500523" /><nd ref="9530500522" /><nd ref="9914499312" /><nd ref="9530500521" /><nd ref="9530500520" /><nd ref="9530500519" /><nd ref="9530500518" /><nd ref="9914499315" /><nd ref="9547667092" /><nd ref="9589185331" /><nd ref="9530500551" /><nd ref="9530500517" /><nd ref="9530486416" /><nd ref="9914499318" /><nd ref="12216863765" /><nd ref="9530486415" /><nd ref="9530486414" /><nd ref="9530486413" /><nd ref="9530486412" /><nd ref="9530486411" /><nd ref="9530486409" /><nd ref="9530486410" /><nd ref="8943589351" /><nd ref="8943589350" /><nd ref="8943589349" /><nd ref="8943589348" /><nd ref="8663065724" /><nd ref="9530500546" /><nd ref="8943589347" /><nd ref="8943589346" /><nd ref="8943589345" /><nd ref="9547667088" /><nd ref="8943589344" /><nd ref="9547667051" /><nd ref="8663065725" /><nd ref="8943589343" /><nd ref="8943589342" /><nd ref="8943589341" /><nd ref="12216863772" /><nd ref="8943589340" /><nd ref="8943589338" /><nd ref="8943589337" /><nd ref="8943589336" /><nd ref="8943589335" /><nd ref="8943589334" /><nd ref="8943589333" /><nd ref="8943589339" /><nd ref="8943589332" /><nd ref="8943589331" /><nd ref="8943589330" /><nd ref="8943589328" /><nd ref="8943589329" /><nd ref="8943589327" /><nd ref="9547667075" /><nd ref="8943589326" /><nd ref="9547667053" /><nd ref="8943589325" /><nd ref="8943589324" /><nd ref="8943589323" /><nd ref="12216863790" /><nd ref="9914499336" /><nd ref="8663065726" /><nd ref="8943589321" /><nd ref="8943589322" /><nd ref="8943589320" /><nd ref="8943589319" /><nd ref="8943589318" /><nd ref="8943589317" /><nd ref="8943572316" /><nd ref="8943572315" /><nd ref="8663065727" /><nd ref="8943572314" /><nd ref="9547667084" /><nd ref="9914499340" /><nd ref="8943572313" /><nd ref="9547667079" /><nd ref="8943572312" /><nd ref="9914499341" /><nd ref="9589185328" /><nd ref="9547667081" /><nd ref="8943572311" /><nd ref="8943572310" /><nd ref="8943572304" /><nd ref="8943572309" /><nd ref="8943572308" /><nd ref="8943572307" /><nd ref="8943572306" /><nd ref="8943572305" /><nd ref="8943572303" /><nd ref="8943572302" /><nd ref="12216866103" /><nd ref="8943572298" /><nd ref="8943572299" /><nd ref="8943572300" /><nd ref="8943572301" /><nd ref="8663065728" /><nd ref="8943572291" /><nd ref="8943572292" /><nd ref="1643313049" /><nd ref="9914499344" /><nd ref="8943572293" /><nd ref="8943572294" /><nd ref="8943572295" /><nd ref="8943572296" /><nd ref="8943572297" /><nd ref="1643312970" /><nd ref="1643312966" /><nd ref="8663065732" /><nd ref="9914499347" /><nd ref="1630387108" /><nd ref="9530500566" /><nd ref="9547667055" /><nd ref="1630386904" /><nd ref="1630387217" /><nd ref="1643313014" /><nd ref="9530500568" /><nd ref="1643312939" /><nd ref="1643313000" /><nd ref="1630387068" /><nd ref="9530500572" /><nd ref="1643313089" /><nd ref="9914499351" /><nd ref="9530500574" /><nd ref="9530500575" /><nd ref="8943572290" /><nd ref="9914499353" /><nd ref="9547667073" /><nd ref="9530500579" /><nd ref="9717021518" /><nd ref="9589185339" /><nd ref="9717021543" /><nd ref="9717021517" /><nd ref="8943572289" /><nd ref="8943572286" /><nd ref="9589185340" /><nd ref="8943572285" /><nd ref="8943572284" /><nd ref="9914499357" /><nd ref="9717017216" /><nd ref="9717017215" /><nd ref="9717017214" /><nd ref="9717017213" /><nd ref="9717017212" /><nd ref="9717017211" /><nd ref="9717017210" /><nd ref="9717017209" /><nd ref="9717017208" /><nd ref="9717017207" /><nd ref="9717017206" /><nd ref="9717017205" /><nd ref="9717017204" /><nd ref="9717017203" /><nd ref="9717017202" /><nd ref="9717017201" /><nd ref="9717017200" /><nd ref="9717017199" /><nd ref="9717017198" /><nd ref="8943572250" /><nd ref="8943572249" /><nd ref="8943572248" /><nd ref="8943572247" /><nd ref="8943572246" /><nd ref="9914499268" /><nd ref="1630387072" /><nd ref="9914499267" /><nd ref="1643312984" /><nd ref="1630387010" /><nd ref="9914499266" /><nd ref="1643313055" /><nd ref="1643312949" /><nd ref="1630387059" /><nd ref="1643313054" /><nd ref="1643312958" /><nd ref="1643313060" /><nd ref="1643312953" /><nd ref="8943572245" /><nd ref="8943572244" /><nd ref="8943572243" /><nd ref="1630387101" /><nd ref="1630386938" /><nd ref="1643312976" /><nd ref="8943572242" /><tag k="natural" v="coastline" /></way><way id="863491684" timestamp="2022-07-27T15:51:24Z"><nd ref="8043869818" /><nd ref="8043869819" /><nd ref="8043869820" /><nd ref="8043869821" /><nd ref="8043869818" /><tag k="building" v="residential" /></way><way id="863491685" timestamp="2022-07-27T15:51:24Z"><nd ref="8043869822" /><nd ref="8043869823" /><nd ref="8043869824" /><nd ref="8043869825" /><nd ref="8043869822" /><tag k="building" v="residential" /></way><way id="863491686" timestamp="2022-07-27T15:51:24Z"><nd ref="8043869826" /><nd ref="8043869827" /><nd ref="8043869828" /><nd ref="8043869829" /><nd ref="8043869826" /><tag k="building" v="residential" /></way><way id="863491687" timestamp="2022-07-27T15:51:24Z"><nd ref="8043869830" /><nd ref="8043869831" /><nd ref="8043869832" /><nd ref="8043869833" /><nd ref="8043869830" /><tag k="building" v="residential" /></way><way id="863491688" timestamp="2022-07-27T15:51:24Z"><nd ref="8043869834" /><nd ref="8043869835" /><nd ref="8043869836" /><nd ref="8043869837" /><nd ref="8043869834" /><tag k="building" v="residential" /></way><way id="863491689" timestamp="2022-07-27T15:51:24Z"><nd ref="8043869838" /><nd ref="8043869839" /><nd ref="8043869840" /><nd ref="8043869841" /><nd ref="8043869838" /><tag k="building" v="residential" /></way><way id="863491690" timestamp="2022-07-27T15:51:24Z"><nd ref="8043869842" /><nd ref="8043869843" /><nd ref="8043869844" /><nd ref="8043869845" /><nd ref="8043869842" /><tag k="building" v="residential" /></way><way id="863491691" timestamp="2022-07-27T15:51:24Z"><nd ref="8043869846" /><nd ref="8043869847" /><nd ref="8043869848" /><nd ref="8043869849" /><nd ref="8043869846" /><tag k="building" v="residential" /></way><way id="863491692" timestamp="2022-07-27T15:51:24Z"><nd ref="8043869850" /><nd ref="8043869851" /><nd ref="8043869852" /><nd ref="8043869853" /><nd ref="8043869850" /><tag k="building" v="residential" /></way><way id="863491693" timestamp="2022-07-27T15:51:24Z"><nd ref="8043869854" /><nd ref="8043869855" /><nd ref="8043869856" /><nd ref="8043869857" /><nd ref="8043869854" /><tag k="building" v="residential" /></way><way id="863491694" timestamp="2022-07-27T15:51:24Z"><nd ref="8043869858" /><nd ref="8043869859" /><nd ref="8043869860" /><nd ref="8043869861" /><nd ref="8043869858" /><tag k="building" v="residential" /></way><way id="863491695" timestamp="2022-07-27T15:51:24Z"><nd ref="8043869862" /><nd ref="8043869863" /><nd ref="8043869864" /><nd ref="8043869865" /><nd ref="8043869862" /><tag k="building" v="residential" /></way><way id="863491696" timestamp="2022-07-27T15:51:24Z"><nd ref="8043869866" /><nd ref="8043869867" /><nd ref="8043869868" /><nd ref="8043869869" /><nd ref="8043869866" /><tag k="building" v="residential" /></way><way id="863491697" timestamp="2022-07-27T15:51:24Z"><nd ref="8043869870" /><nd ref="8043869871" /><nd ref="8043869872" /><nd ref="8043869873" /><nd ref="8043869870" /><tag k="building" v="residential" /></way><way id="863491698" timestamp="2022-07-27T15:51:24Z"><nd ref="8043869874" /><nd ref="8043869875" /><nd ref="8043869876" /><nd ref="8043869877" /><nd ref="8043869874" /><tag k="building" v="residential" /></way><way id="863491699" timestamp="2022-07-27T15:51:24Z"><nd ref="8043869878" /><nd ref="8043869879" /><nd ref="8043869880" /><nd ref="8043869881" /><nd ref="8043869878" /><tag k="building" v="residential" /></way><way id="863491700" timestamp="2022-07-27T15:51:24Z"><nd ref="8043869882" /><nd ref="8043869883" /><nd ref="8043869884" /><nd ref="8043876685" /><nd ref="8043869882" /><tag k="building" v="residential" /></way><way id="863491701" timestamp="2022-07-27T15:51:24Z"><nd ref="8043876686" /><nd ref="8043876687" /><nd ref="8043876688" /><nd ref="8043876689" /><nd ref="8043876686" /><tag k="building" v="residential" /></way><way id="863491702" timestamp="2022-07-27T15:51:24Z"><nd ref="8043876690" /><nd ref="8043876691" /><nd ref="8043876692" /><nd ref="8043876693" /><nd ref="8043876690" /><tag k="building" v="residential" /></way><way id="863491703" timestamp="2022-07-27T15:51:24Z"><nd ref="8043876694" /><nd ref="8043876695" /><nd ref="8043876696" /><nd ref="8043876697" /><nd ref="8043876694" /><tag k="building" v="residential" /></way><way id="863491704" timestamp="2022-07-27T15:51:24Z"><nd ref="8043876698" /><nd ref="8043876699" /><nd ref="8043876700" /><nd ref="8043876701" /><nd ref="8043876698" /><tag k="building" v="residential" /></way><way id="876258711" timestamp="2020-11-23T18:14:28Z"><nd ref="8155452584" /><nd ref="8155452583" /><nd ref="8155452582" /><nd ref="8155452581" /><nd ref="8155452584" /><tag k="building" v="yes" /></way><way id="876258712" timestamp="2021-04-24T20:37:25Z"><nd ref="8155452588" /><nd ref="8155452585" /><nd ref="8155452586" /><nd ref="8155452587" /><nd ref="8155452588" /><tag k="building" v="house" /></way><way id="876258713" timestamp="2020-11-23T18:14:28Z"><nd ref="8155452592" /><nd ref="8155452591" /><nd ref="8155452590" /><nd ref="8155452589" /><nd ref="8155452592" /><tag k="building" v="yes" /></way><way id="876258714" timestamp="2020-11-23T18:14:28Z"><nd ref="8155452596" /><nd ref="8155452595" /><nd ref="8155452594" /><nd ref="8155452593" /><nd ref="8155452596" /><tag k="building" v="yes" /></way><way id="876258715" timestamp="2020-11-23T18:14:28Z"><nd ref="8155452600" /><nd ref="8155452599" /><nd ref="8155452598" /><nd ref="8155452597" /><nd ref="8155452600" /><tag k="building" v="yes" /></way><way id="876258716" timestamp="2022-07-26T14:30:34Z"><nd ref="8155452604" /><nd ref="8155452601" /><nd ref="8155452602" /><nd ref="8155452603" /><nd ref="8155452604" /><tag k="building" v="residential" /></way><way id="876258717" timestamp="2022-07-26T14:30:34Z"><nd ref="8155452608" /><nd ref="8155452605" /><nd ref="8155452606" /><nd ref="8155452607" /><nd ref="8155452608" /><tag k="building" v="residential" /></way><way id="876258718" timestamp="2022-07-26T14:30:34Z"><nd ref="8155452612" /><nd ref="8155452611" /><nd ref="8155452610" /><nd ref="8155452609" /><nd ref="8155452612" /><tag k="building" v="residential" /></way><way id="876258719" timestamp="2022-07-26T14:30:34Z"><nd ref="8155452616" /><nd ref="8155452615" /><nd ref="8155452614" /><nd ref="8155452613" /><nd ref="8155452616" /><tag k="building" v="residential" /></way><way id="876258810" timestamp="2022-07-26T13:22:28Z"><nd ref="8155467091" /><nd ref="8155467090" /><nd ref="8155467089" /><nd ref="8155467088" /><nd ref="8155467091" /><tag k="building" v="residential" /></way><way id="876258811" timestamp="2022-07-27T13:58:59Z"><nd ref="8155467095" /><nd ref="8155467094" /><nd ref="8155467093" /><nd ref="8155467092" /><nd ref="8155467095" /><tag k="building" v="residential" /></way><way id="876258812" timestamp="2022-07-27T13:58:59Z"><nd ref="8155467099" /><nd ref="8155467098" /><nd ref="8155467097" /><nd ref="8155467096" /><nd ref="8155467099" /><tag k="building" v="residential" /></way><way id="876258813" timestamp="2022-07-27T13:58:59Z"><nd ref="8155467103" /><nd ref="8155467102" /><nd ref="8155467101" /><nd ref="8155467100" /><nd ref="8155467103" /><tag k="building" v="residential" /></way><way id="876258814" timestamp="2022-07-27T13:58:59Z"><nd ref="8155467107" /><nd ref="8155467106" /><nd ref="8155467105" /><nd ref="8155467104" /><nd ref="8155467107" /><tag k="building" v="residential" /></way><way id="876258815" timestamp="2022-07-27T13:58:59Z"><nd ref="8155467111" /><nd ref="8155467110" /><nd ref="8155467109" /><nd ref="8155467108" /><nd ref="8155467111" /><tag k="building" v="residential" /></way><way id="876258816" timestamp="2022-07-27T13:58:59Z"><nd ref="8155467115" /><nd ref="8155467114" /><nd ref="8155467113" /><nd ref="8155467112" /><nd ref="8155467115" /><tag k="building" v="residential" /></way><way id="876258817" timestamp="2022-07-27T13:58:59Z"><nd ref="8155467119" /><nd ref="8155467118" /><nd ref="8155467117" /><nd ref="8155467116" /><nd ref="8155467119" /><tag k="building" v="residential" /></way><way id="876258818" timestamp="2022-07-27T13:58:59Z"><nd ref="8155467123" /><nd ref="8155467122" /><nd ref="8155467121" /><nd ref="8155467120" /><nd ref="8155467123" /><tag k="building" v="residential" /></way><way id="876258819" timestamp="2022-07-27T13:58:59Z"><nd ref="8155467127" /><nd ref="8155467126" /><nd ref="8155467125" /><nd ref="8155467124" /><nd ref="8155467127" /><tag k="building" v="residential" /></way><way id="876258820" timestamp="2022-07-27T13:58:59Z"><nd ref="8155467131" /><nd ref="8155467130" /><nd ref="8155467129" /><nd ref="8155467128" /><nd ref="8155467131" /><tag k="building" v="residential" /></way><way id="876258821" timestamp="2022-07-27T13:58:59Z"><nd ref="8155467135" /><nd ref="8155467134" /><nd ref="8155467133" /><nd ref="8155467132" /><nd ref="8155467135" /><tag k="building" v="residential" /></way><way id="876258822" timestamp="2022-07-27T13:58:59Z"><nd ref="8155467139" /><nd ref="8155467138" /><nd ref="8155467137" /><nd ref="8155467136" /><nd ref="8155467139" /><tag k="building" v="residential" /></way><way id="876258823" timestamp="2022-07-27T13:58:59Z"><nd ref="8155467143" /><nd ref="8155467142" /><nd ref="8155467141" /><nd ref="8155467140" /><nd ref="8155467143" /><tag k="building" v="residential" /></way><way id="876258824" timestamp="2022-07-27T13:58:59Z"><nd ref="8155467147" /><nd ref="8155467146" /><nd ref="8155467145" /><nd ref="8155467144" /><nd ref="8155467147" /><tag k="building" v="residential" /></way><way id="876258825" timestamp="2022-07-27T13:58:59Z"><nd ref="8155467151" /><nd ref="8155467150" /><nd ref="8155467149" /><nd ref="8155467148" /><nd ref="8155467151" /><tag k="building" v="residential" /></way><way id="876258826" timestamp="2022-07-27T13:58:59Z"><nd ref="8155467155" /><nd ref="8155467154" /><nd ref="8155467153" /><nd ref="8155467152" /><nd ref="8155467155" /><tag k="building" v="residential" /></way><way id="876258827" timestamp="2022-07-27T15:51:24Z"><nd ref="8155467159" /><nd ref="8155467158" /><nd ref="8155467157" /><nd ref="8155467156" /><nd ref="8155467159" /><tag k="building" v="residential" /></way><way id="876258828" timestamp="2022-07-27T15:51:24Z"><nd ref="8155467163" /><nd ref="8155467162" /><nd ref="8155467161" /><nd ref="8155467160" /><nd ref="8155467163" /><tag k="building" v="residential" /></way><way id="876258829" timestamp="2022-07-27T15:51:24Z"><nd ref="8155467167" /><nd ref="8155467166" /><nd ref="8155467165" /><nd ref="8155467164" /><nd ref="8155467167" /><tag k="building" v="residential" /></way><way id="876258830" timestamp="2022-07-27T15:51:24Z"><nd ref="8155467171" /><nd ref="8155467170" /><nd ref="8155467169" /><nd ref="8155467168" /><nd ref="8155467171" /><tag k="building" v="residential" /></way><way id="876258831" timestamp="2022-07-27T15:51:24Z"><nd ref="8155467175" /><nd ref="8155467174" /><nd ref="8155467173" /><nd ref="8155467172" /><nd ref="8155467175" /><tag k="building" v="residential" /></way><way id="876258832" timestamp="2022-07-27T15:51:24Z"><nd ref="8155467179" /><nd ref="8155467178" /><nd ref="8155467177" /><nd ref="8155467176" /><nd ref="8155467179" /><tag k="building" v="residential" /></way><way id="876258833" timestamp="2022-07-27T15:51:24Z"><nd ref="8155467183" /><nd ref="8155467182" /><nd ref="8155467181" /><nd ref="8155467180" /><nd ref="8155467183" /><tag k="building" v="residential" /></way><way id="876258834" timestamp="2022-07-27T15:51:24Z"><nd ref="8155467187" /><nd ref="8155467186" /><nd ref="8155467185" /><nd ref="8155467184" /><nd ref="8155467187" /><tag k="building" v="residential" /></way><way id="876258835" timestamp="2022-07-27T15:51:24Z"><nd ref="8155467191" /><nd ref="8155467190" /><nd ref="8155467189" /><nd ref="8155467188" /><nd ref="8155467191" /><tag k="building" v="residential" /></way><way id="876258836" timestamp="2022-07-27T15:51:24Z"><nd ref="8155467195" /><nd ref="8155467194" /><nd ref="8155467193" /><nd ref="8155467192" /><nd ref="8155467195" /><tag k="building" v="residential" /></way><way id="876258837" timestamp="2022-07-27T15:51:24Z"><nd ref="8155467199" /><nd ref="8155467198" /><nd ref="8155467197" /><nd ref="8155467196" /><nd ref="8155467199" /><tag k="building" v="residential" /></way><way id="876258838" timestamp="2022-07-27T15:51:24Z"><nd ref="8155467203" /><nd ref="8155467202" /><nd ref="8155467201" /><nd ref="8155467200" /><nd ref="8155467203" /><tag k="building" v="residential" /></way><way id="876258839" timestamp="2022-07-27T15:51:24Z"><nd ref="8155467207" /><nd ref="8155467206" /><nd ref="8155467205" /><nd ref="8155467204" /><nd ref="8155467207" /><tag k="building" v="residential" /></way><way id="876258840" timestamp="2022-07-27T15:51:24Z"><nd ref="8155467211" /><nd ref="8155467210" /><nd ref="8155467209" /><nd ref="8155467208" /><nd ref="8155467211" /><tag k="building" v="residential" /></way><way id="876258841" timestamp="2022-07-27T13:58:59Z"><nd ref="8155467215" /><nd ref="8155467214" /><nd ref="8155467213" /><nd ref="8155467212" /><nd ref="8155467215" /><tag k="building" v="residential" /></way><way id="876258842" timestamp="2022-07-27T15:51:24Z"><nd ref="8155467219" /><nd ref="8155467216" /><nd ref="8155467217" /><nd ref="8155467218" /><nd ref="8155467219" /><tag k="building" v="residential" /></way><way id="876258843" timestamp="2022-07-27T15:51:24Z"><nd ref="8155467223" /><nd ref="8155467222" /><nd ref="8155467221" /><nd ref="9914824539" /><nd ref="8155467220" /><nd ref="8155467223" /><tag k="building" v="residential" /></way><way id="876258844" timestamp="2022-07-27T15:51:24Z"><nd ref="8155467227" /><nd ref="8155467226" /><nd ref="8155467225" /><nd ref="8155467224" /><nd ref="8155467227" /><tag k="building" v="residential" /></way><way id="876258845" timestamp="2022-07-27T15:51:24Z"><nd ref="8155467231" /><nd ref="8155467230" /><nd ref="8155467229" /><nd ref="8155467228" /><nd ref="8155467231" /><tag k="building" v="residential" /></way><way id="876258846" timestamp="2022-07-27T15:51:24Z"><nd ref="8155467235" /><nd ref="8155467234" /><nd ref="8155467233" /><nd ref="8155467232" /><nd ref="8155467235" /><tag k="building" v="residential" /></way><way id="876258847" timestamp="2020-11-23T18:14:28Z"><nd ref="8155467239" /><nd ref="8155467236" /><nd ref="8155467237" /><nd ref="8155467238" /><nd ref="8155467239" /><tag k="building" v="yes" /></way><way id="876258848" timestamp="2020-11-23T18:14:28Z"><nd ref="8155467243" /><nd ref="8155467242" /><nd ref="8155467241" /><nd ref="8155467240" /><nd ref="8155467243" /><tag k="building" v="yes" /></way><way id="876258849" timestamp="2020-11-23T18:14:28Z"><nd ref="8155467247" /><nd ref="8155467246" /><nd ref="8155467245" /><nd ref="8155467244" /><nd ref="8155467247" /><tag k="building" v="yes" /></way><way id="876258850" timestamp="2020-11-23T18:14:28Z"><nd ref="8155467251" /><nd ref="8155467250" /><nd ref="8155467249" /><nd ref="8155467248" /><nd ref="8155467251" /><tag k="building" v="yes" /></way><way id="876258851" timestamp="2020-11-23T18:14:28Z"><nd ref="8155467255" /><nd ref="8155467254" /><nd ref="8155467253" /><nd ref="8155467252" /><nd ref="8155467255" /><tag k="building" v="yes" /></way><way id="876258852" timestamp="2020-11-23T18:14:28Z"><nd ref="8155467259" /><nd ref="8155467258" /><nd ref="8155467257" /><nd ref="8155467256" /><nd ref="8155467259" /><tag k="building" v="yes" /></way><way id="876258853" timestamp="2020-11-23T18:14:28Z"><nd ref="8155467263" /><nd ref="8155467262" /><nd ref="8155467261" /><nd ref="8155467260" /><nd ref="8155467263" /><tag k="building" v="yes" /></way><way id="876258854" timestamp="2020-11-23T18:14:28Z"><nd ref="8155467267" /><nd ref="8155467266" /><nd ref="8155467265" /><nd ref="8155467264" /><nd ref="8155467267" /><tag k="building" v="yes" /></way><way id="876258855" timestamp="2020-11-23T18:14:28Z"><nd ref="8155467271" /><nd ref="8155467270" /><nd ref="8155467269" /><nd ref="8155467268" /><nd ref="8155467271" /><tag k="building" v="yes" /></way><way id="876258856" timestamp="2020-11-23T18:14:28Z"><nd ref="8155467275" /><nd ref="8155467274" /><nd ref="8155467273" /><nd ref="8155467272" /><nd ref="8155467275" /><tag k="building" v="yes" /></way><way id="876258857" timestamp="2020-11-23T18:14:28Z"><nd ref="8155467279" /><nd ref="8155467278" /><nd ref="8155467277" /><nd ref="8155467276" /><nd ref="8155467279" /><tag k="building" v="yes" /></way><way id="876258858" timestamp="2020-11-23T18:14:28Z"><nd ref="8155467283" /><nd ref="8155467282" /><nd ref="8155467281" /><nd ref="8155467280" /><nd ref="8155467283" /><tag k="building" v="yes" /></way><way id="876258865" timestamp="2022-07-27T13:03:13Z"><nd ref="8155467312" /><nd ref="8155467311" /><nd ref="8155467310" /><nd ref="8155467309" /><nd ref="8155467312" /><tag k="building" v="residential" /></way><way id="876258866" timestamp="2022-07-27T13:03:13Z"><nd ref="8155467316" /><nd ref="8155467315" /><nd ref="8155467314" /><nd ref="8155467313" /><nd ref="8155467316" /><tag k="building" v="residential" /></way><way id="876258867" timestamp="2022-07-27T13:03:13Z"><nd ref="8155467320" /><nd ref="8155467319" /><nd ref="8155467318" /><nd ref="8155467317" /><nd ref="8155467320" /><tag k="building" v="residential" /></way><way id="876258868" timestamp="2022-07-27T13:03:13Z"><nd ref="8155467324" /><nd ref="8155467321" /><nd ref="8155467322" /><nd ref="8155467323" /><nd ref="8155467324" /><tag k="building" v="residential" /></way><way id="876258869" timestamp="2022-07-27T13:03:13Z"><nd ref="8155467328" /><nd ref="8155467325" /><nd ref="8155467326" /><nd ref="8155467327" /><nd ref="8155467328" /><tag k="building" v="residential" /></way><way id="876258870" timestamp="2020-11-23T18:14:28Z"><nd ref="8155467332" /><nd ref="8155467331" /><nd ref="8155467330" /><nd ref="8155467329" /><nd ref="8155467332" /><tag k="building" v="yes" /></way><way id="876258871" timestamp="2022-07-27T13:03:13Z"><nd ref="8155467336" /><nd ref="8155467335" /><nd ref="8155467334" /><nd ref="8155467333" /><nd ref="8155467336" /><tag k="building" v="residential" /></way><way id="876258872" timestamp="2022-07-27T13:03:13Z"><nd ref="8155467340" /><nd ref="8155467339" /><nd ref="8155467338" /><nd ref="8155467337" /><nd ref="8155467340" /><tag k="building" v="residential" /></way><way id="876258873" timestamp="2022-07-27T13:03:13Z"><nd ref="8155467344" /><nd ref="8155467343" /><nd ref="8155467342" /><nd ref="8155467341" /><nd ref="8155467344" /><tag k="building" v="residential" /></way><way id="876258875" timestamp="2022-07-27T13:03:13Z"><nd ref="8155467358" /><nd ref="8155467357" /><nd ref="8155467356" /><nd ref="8155467355" /><nd ref="8155467358" /><tag k="building" v="residential" /></way><way id="876258876" timestamp="2022-07-27T13:03:13Z"><nd ref="8155467362" /><nd ref="8155467361" /><nd ref="8155467360" /><nd ref="8155467359" /><nd ref="8155467362" /><tag k="building" v="residential" /></way><way id="876258877" timestamp="2022-07-27T13:03:13Z"><nd ref="8155467366" /><nd ref="8155467365" /><nd ref="8155467364" /><nd ref="8155467363" /><nd ref="8155467366" /><tag k="building" v="residential" /></way><way id="876258878" timestamp="2022-07-27T13:03:13Z"><nd ref="8155467370" /><nd ref="8155467369" /><nd ref="8155467368" /><nd ref="8155467367" /><nd ref="8155467370" /><tag k="building" v="residential" /></way><way id="876258879" timestamp="2022-07-27T13:03:13Z"><nd ref="8155467374" /><nd ref="8155467373" /><nd ref="8155467372" /><nd ref="8155467371" /><nd ref="8155467374" /><tag k="building" v="residential" /></way><way id="876258880" timestamp="2022-07-27T13:03:13Z"><nd ref="8155467378" /><nd ref="8155467377" /><nd ref="8155467376" /><nd ref="8155467375" /><nd ref="8155467378" /><tag k="building" v="residential" /></way><way id="876258883" timestamp="2022-07-27T13:03:13Z"><nd ref="8155467390" /><nd ref="8155467389" /><nd ref="8155467388" /><nd ref="8155467387" /><nd ref="8155467390" /><tag k="building" v="residential" /></way><way id="876258884" timestamp="2022-07-27T13:03:13Z"><nd ref="8155467394" /><nd ref="8155467393" /><nd ref="8155467392" /><nd ref="8155467391" /><nd ref="8155467394" /><tag k="building" v="residential" /></way><way id="876258885" timestamp="2022-07-27T13:03:13Z"><nd ref="8155467398" /><nd ref="8155467397" /><nd ref="8155467396" /><nd ref="8155467395" /><nd ref="8155467398" /><tag k="building" v="residential" /></way><way id="876258886" timestamp="2022-07-27T13:03:13Z"><nd ref="8155467402" /><nd ref="8155467401" /><nd ref="8155467400" /><nd ref="8155467399" /><nd ref="8155467402" /><tag k="building" v="residential" /></way><way id="876258902" timestamp="2020-11-23T18:14:28Z"><nd ref="8155467489" /><nd ref="8155467486" /><nd ref="8155467487" /><nd ref="8155467488" /><nd ref="8155467489" /><tag k="building" v="yes" /></way><way id="876258903" timestamp="2022-04-09T16:12:55Z"><nd ref="8155467493" /><nd ref="8155467490" /><nd ref="8155467486" /><nd ref="8155467489" /><nd ref="8155467493" /><tag k="building" v="yes" /></way><way id="876258904" timestamp="2022-04-09T16:12:55Z"><nd ref="8155467497" /><nd ref="8155467518" /><nd ref="8155467494" /><nd ref="8155467490" /><nd ref="8155467493" /><nd ref="8155467497" /><tag k="building" v="yes" /></way><way id="876258905" timestamp="2026-02-01T07:09:00Z"><nd ref="8155467501" /><nd ref="8155467500" /><nd ref="8155467499" /><nd ref="8155467498" /><nd ref="8155467501" /><tag k="building" v="apartments" /></way><way id="876258906" timestamp="2020-11-23T18:14:28Z"><nd ref="8155467505" /><nd ref="8155467504" /><nd ref="8155467503" /><nd ref="8155467502" /><nd ref="8155467505" /><tag k="building" v="yes" /></way><way id="876258907" timestamp="2026-02-11T06:59:50Z"><nd ref="8155467509" /><nd ref="8155467508" /><nd ref="8155467507" /><nd ref="8155467506" /><nd ref="8155467509" /><tag k="building" v="yes" /></way><way id="876258908" timestamp="2026-02-01T07:09:00Z"><nd ref="8155467513" /><nd ref="8155467512" /><nd ref="8155467511" /><nd ref="8155467510" /><nd ref="8155467513" /><tag k="building" v="apartments" /></way><way id="876258909" timestamp="2026-02-01T07:09:00Z"><nd ref="8155467517" /><nd ref="8155467516" /><nd ref="8155467515" /><nd ref="8155467514" /><nd ref="8155467517" /><tag k="building" v="apartments" /></way><way id="876258910" timestamp="2022-04-09T16:12:55Z"><nd ref="8155467497" /><nd ref="8155467520" /><nd ref="8155467519" /><nd ref="8155467518" /><nd ref="8155467497" /><tag k="building" v="yes" /></way><way id="876258911" timestamp="2026-02-11T06:59:50Z"><nd ref="8155467525" /><nd ref="8155467524" /><nd ref="8155467523" /><nd ref="9521901220" /><nd ref="8155467522" /><nd ref="8155467525" /><tag k="building" v="yes" /></way><way id="876258912" timestamp="2022-04-09T16:12:55Z"><nd ref="8155467529" /><nd ref="9654168326" /><nd ref="8155467528" /><nd ref="8155467527" /><nd ref="9654168324" /><nd ref="8155467526" /><nd ref="9654168325" /><nd ref="8155467529" /><tag k="building" v="yes" /></way><way id="876258913" timestamp="2020-11-23T18:14:28Z"><nd ref="8155467533" /><nd ref="8155467532" /><nd ref="8155467531" /><nd ref="8155467530" /><nd ref="8155467533" /><tag k="building" v="yes" /></way><way id="876258916" timestamp="2026-02-01T07:09:00Z"><nd ref="8155467574" /><nd ref="8155467573" /><nd ref="8155467572" /><nd ref="8155467571" /><nd ref="8155467570" /><nd ref="8155467569" /><nd ref="8155467568" /><nd ref="8155467567" /><nd ref="8155467566" /><nd ref="8155467565" /><nd ref="8155467564" /><nd ref="8155467563" /><nd ref="8155467562" /><nd ref="8155467561" /><nd ref="8155467560" /><nd ref="8155467559" /><nd ref="8155467558" /><nd ref="8155467557" /><nd ref="8155467556" /><nd ref="8155467555" /><nd ref="8155467554" /><nd ref="8155467553" /><nd ref="8155467552" /><nd ref="8155467551" /><nd ref="8155467550" /><nd ref="8155467549" /><nd ref="8155467548" /><nd ref="8155467547" /><nd ref="8155467546" /><nd ref="8155467545" /><nd ref="8155467544" /><nd ref="8155467543" /><nd ref="8155467542" /><nd ref="8155467574" /><tag k="building" v="yes" /></way><way id="876258917" timestamp="2020-11-23T18:14:28Z"><nd ref="8155467601" /><nd ref="8155467600" /><nd ref="8155467599" /><nd ref="8155467598" /><nd ref="8155467597" /><nd ref="8155467596" /><nd ref="8155467595" /><nd ref="8155467594" /><nd ref="8155467593" /><nd ref="8155467592" /><nd ref="8155467591" /><nd ref="8155467590" /><nd ref="8155467589" /><nd ref="8155467588" /><nd ref="8155467587" /><nd ref="8155467586" /><nd ref="8155467585" /><nd ref="8155467584" /><nd ref="8155467583" /><nd ref="8155467582" /><nd ref="8155467581" /><nd ref="8155467580" /><nd ref="8155467579" /><nd ref="8155467578" /><nd ref="8155467577" /><nd ref="8155467576" /><nd ref="8155467575" /><nd ref="8155467601" /><tag k="building" v="yes" /></way><way id="876258918" timestamp="2020-11-23T18:14:28Z"><nd ref="8155467605" /><nd ref="8155467604" /><nd ref="8155467603" /><nd ref="8155467602" /><nd ref="8155467605" /><tag k="building" v="yes" /></way><way id="876258919" timestamp="2020-11-23T18:14:28Z"><nd ref="8155467609" /><nd ref="8155467608" /><nd ref="8155467607" /><nd ref="8155467606" /><nd ref="8155467609" /><tag k="building" v="yes" /></way><way id="876258920" timestamp="2020-11-23T18:14:28Z"><nd ref="8155467613" /><nd ref="8155467612" /><nd ref="8155467611" /><nd ref="8155467610" /><nd ref="8155467613" /><tag k="building" v="yes" /></way><way id="876258921" timestamp="2020-11-23T18:14:28Z"><nd ref="8155467617" /><nd ref="8155467616" /><nd ref="8155467615" /><nd ref="8155467614" /><nd ref="8155467617" /><tag k="building" v="yes" /></way><way id="876258922" timestamp="2020-11-23T18:14:28Z"><nd ref="8155467621" /><nd ref="8155467620" /><nd ref="8155467619" /><nd ref="8155467618" /><nd ref="8155467621" /><tag k="building" v="yes" /></way><way id="876258923" timestamp="2020-11-23T18:14:28Z"><nd ref="8155467625" /><nd ref="8155467624" /><nd ref="8155467623" /><nd ref="8155467622" /><nd ref="8155467625" /><tag k="building" v="yes" /></way><way id="876258924" timestamp="2022-04-30T15:25:04Z"><nd ref="8155467681" /><nd ref="8155467680" /><nd ref="8155467679" /><nd ref="8155467678" /><nd ref="8155467677" /><nd ref="8155467676" /><nd ref="8155467675" /><nd ref="8155467674" /><nd ref="8155467673" /><nd ref="8155467672" /><nd ref="8155467626" /><nd ref="8155467671" /><nd ref="8155467670" /><nd ref="8155467669" /><nd ref="8155467668" /><nd ref="8155467667" /><nd ref="8155467666" /><nd ref="8155467665" /><nd ref="8155467664" /><nd ref="8155467663" /><nd ref="8155467662" /><nd ref="8155467661" /><nd ref="8155467660" /><nd ref="8155467659" /><nd ref="8155467658" /><nd ref="8155467657" /><nd ref="8155467656" /><nd ref="8155467655" /><nd ref="8155467654" /><nd ref="8155467653" /><nd ref="8155467652" /><nd ref="8155467651" /><nd ref="8155467650" /><nd ref="8155467649" /><nd ref="8155467648" /><nd ref="8155467647" /><nd ref="8155467646" /><nd ref="8155467645" /><nd ref="8155467644" /><nd ref="8155467643" /><nd ref="8155467642" /><nd ref="8155467641" /><nd ref="8155467640" /><nd ref="8155467639" /><nd ref="8537888968" /><nd ref="8155467638" /><nd ref="8155467637" /><nd ref="8537888969" /><nd ref="8155467636" /><nd ref="8155467635" /><nd ref="8537888970" /><nd ref="8155467634" /><nd ref="8155467633" /><nd ref="8155467632" /><nd ref="8155467631" /><nd ref="8155467630" /><nd ref="8155467629" /><nd ref="8155467628" /><nd ref="9705426162" /><nd ref="8155467627" /><nd ref="8155467681" /><tag k="building" v="yes" /></way><way id="876258925" timestamp="2020-11-23T18:14:28Z"><nd ref="8155467685" /><nd ref="8155467682" /><nd ref="8155467683" /><nd ref="8155467684" /><nd ref="8155467685" /><tag k="building" v="yes" /></way><way id="876258926" timestamp="2020-11-23T18:14:28Z"><nd ref="8155467689" /><nd ref="8155467688" /><nd ref="8155467687" /><nd ref="8155467686" /><nd ref="8155467689" /><tag k="building" v="yes" /></way><way id="876258927" timestamp="2020-11-23T18:14:28Z"><nd ref="8155467693" /><nd ref="8155467692" /><nd ref="8155467691" /><nd ref="8155467690" /><nd ref="8155467693" /><tag k="building" v="yes" /></way><way id="876258928" timestamp="2020-11-23T18:14:28Z"><nd ref="8155467697" /><nd ref="8155467696" /><nd ref="8155467695" /><nd ref="8155467694" /><nd ref="8155467697" /><tag k="building" v="yes" /></way><way id="876258929" timestamp="2022-07-27T15:51:24Z"><nd ref="8155467701" /><nd ref="8155467700" /><nd ref="8155467699" /><nd ref="8155467698" /><nd ref="8155467701" /><tag k="building" v="residential" /></way><way id="876258930" timestamp="2022-07-27T15:51:24Z"><nd ref="8155467705" /><nd ref="8155467704" /><nd ref="8155467703" /><nd ref="8155467702" /><nd ref="8155467705" /><tag k="building" v="residential" /></way><way id="876258931" timestamp="2020-11-23T18:14:28Z"><nd ref="8155467709" /><nd ref="8155467708" /><nd ref="8155467707" /><nd ref="8155467706" /><nd ref="8155467709" /><tag k="building" v="yes" /></way><way id="876258932" timestamp="2020-11-23T18:14:28Z"><nd ref="8155467713" /><nd ref="8155467712" /><nd ref="8155467711" /><nd ref="8155467710" /><nd ref="8155467713" /><tag k="building" v="yes" /></way><way id="876258933" timestamp="2020-11-23T18:14:28Z"><nd ref="8155467717" /><nd ref="8155467716" /><nd ref="8155467715" /><nd ref="8155467714" /><nd ref="8155467717" /><tag k="building" v="yes" /></way><way id="876258934" timestamp="2020-11-23T18:14:28Z"><nd ref="8155467721" /><nd ref="8155467720" /><nd ref="8155467719" /><nd ref="8155467718" /><nd ref="8155467721" /><tag k="building" v="yes" /></way><way id="876258935" timestamp="2020-11-23T18:14:28Z"><nd ref="8155467725" /><nd ref="8155467724" /><nd ref="8155467723" /><nd ref="8155467722" /><nd ref="8155467725" /><tag k="building" v="yes" /></way><way id="876258936" timestamp="2020-11-23T18:14:28Z"><nd ref="8155467729" /><nd ref="8155467728" /><nd ref="8155467727" /><nd ref="8155467726" /><nd ref="8155467729" /><tag k="building" v="yes" /></way><way id="876258937" timestamp="2020-11-23T18:14:28Z"><nd ref="8155467733" /><nd ref="8155467732" /><nd ref="8155467731" /><nd ref="8155467730" /><nd ref="8155467733" /><tag k="building" v="yes" /></way><way id="876258938" timestamp="2022-07-27T15:51:24Z"><nd ref="8155467737" /><nd ref="8155467736" /><nd ref="8155467735" /><nd ref="8155467734" /><nd ref="8155467737" /><tag k="building" v="residential" /></way><way id="876258939" timestamp="2022-07-27T15:51:24Z"><nd ref="8155467741" /><nd ref="8155467740" /><nd ref="8155467739" /><nd ref="8155467738" /><nd ref="8155467741" /><tag k="building" v="residential" /></way><way id="876258940" timestamp="2022-07-27T15:51:24Z"><nd ref="8155467745" /><nd ref="8155467744" /><nd ref="8155467743" /><nd ref="8155467742" /><nd ref="8155467745" /><tag k="building" v="residential" /></way><way id="876258941" timestamp="2022-07-27T15:51:24Z"><nd ref="8155467749" /><nd ref="8155467748" /><nd ref="8155467747" /><nd ref="8155467746" /><nd ref="8155467749" /><tag k="building" v="residential" /></way><way id="876258942" timestamp="2020-11-23T18:14:28Z"><nd ref="8155467753" /><nd ref="8155467752" /><nd ref="8155467751" /><nd ref="8155467750" /><nd ref="8155467753" /><tag k="building" v="yes" /></way><way id="876258943" timestamp="2020-11-23T18:14:28Z"><nd ref="8155467757" /><nd ref="8155467756" /><nd ref="8155467755" /><nd ref="8155467754" /><nd ref="8155467757" /><tag k="building" v="yes" /></way><way id="876258944" timestamp="2020-11-23T18:14:28Z"><nd ref="8155467761" /><nd ref="8155467760" /><nd ref="8155467759" /><nd ref="8155467758" /><nd ref="8155467761" /><tag k="building" v="yes" /></way><way id="876258945" timestamp="2022-07-27T15:51:24Z"><nd ref="8155467765" /><nd ref="8155467762" /><nd ref="8155467763" /><nd ref="8155467764" /><nd ref="8155467765" /><tag k="building" v="residential" /></way><way id="876258946" timestamp="2022-07-27T15:51:24Z"><nd ref="8155467769" /><nd ref="8155467766" /><nd ref="8155467767" /><nd ref="8155467768" /><nd ref="8155467769" /><tag k="building" v="residential" /></way><way id="876258947" timestamp="2022-07-27T15:51:24Z"><nd ref="8155467773" /><nd ref="8155467770" /><nd ref="8155467771" /><nd ref="8155467772" /><nd ref="8155467773" /><tag k="building" v="residential" /></way><way id="876258948" timestamp="2020-11-23T18:14:28Z"><nd ref="8155467777" /><nd ref="8155467776" /><nd ref="8155467775" /><nd ref="8155467774" /><nd ref="8155467777" /><tag k="building" v="yes" /></way><way id="876258949" timestamp="2020-11-23T18:14:28Z"><nd ref="8155467781" /><nd ref="8155467780" /><nd ref="8155467779" /><nd ref="8155467778" /><nd ref="8155467781" /><tag k="building" v="yes" /></way><way id="876258950" timestamp="2020-11-23T18:14:28Z"><nd ref="8155467785" /><nd ref="8155467784" /><nd ref="8155467783" /><nd ref="8155467782" /><nd ref="8155467785" /><tag k="building" v="yes" /></way><way id="876258951" timestamp="2020-11-23T18:14:28Z"><nd ref="8155467789" /><nd ref="8155467788" /><nd ref="8155467787" /><nd ref="8155467786" /><nd ref="8155467789" /><tag k="building" v="yes" /></way><way id="876258952" timestamp="2020-11-23T18:14:28Z"><nd ref="8155467793" /><nd ref="8155467792" /><nd ref="8155467791" /><nd ref="8155467790" /><nd ref="8155467793" /><tag k="building" v="yes" /></way><way id="876258953" timestamp="2020-11-23T18:14:28Z"><nd ref="8155467797" /><nd ref="8155467794" /><nd ref="8155467795" /><nd ref="8155467796" /><nd ref="8155467797" /><tag k="building" v="yes" /></way><way id="876258954" timestamp="2020-11-23T18:14:28Z"><nd ref="8155467801" /><nd ref="8155467800" /><nd ref="8155467799" /><nd ref="8155467798" /><nd ref="8155467801" /><tag k="building" v="yes" /></way><way id="876258955" timestamp="2020-11-23T18:14:28Z"><nd ref="8155467805" /><nd ref="8155467804" /><nd ref="8155467803" /><nd ref="8155467802" /><nd ref="8155467805" /><tag k="building" v="yes" /></way><way id="876258956" timestamp="2020-11-23T18:14:28Z"><nd ref="8155467809" /><nd ref="8155467808" /><nd ref="8155467807" /><nd ref="8155467806" /><nd ref="8155467809" /><tag k="building" v="yes" /></way><way id="876258957" timestamp="2020-11-23T18:14:28Z"><nd ref="8155467813" /><nd ref="8155467812" /><nd ref="8155467811" /><nd ref="8155467810" /><nd ref="8155467813" /><tag k="building" v="yes" /></way><way id="876258958" timestamp="2020-11-23T18:14:28Z"><nd ref="8155467817" /><nd ref="8155467816" /><nd ref="8155467815" /><nd ref="8155467814" /><nd ref="8155467817" /><tag k="building" v="yes" /></way><way id="876258959" timestamp="2020-11-23T18:14:28Z"><nd ref="8155467821" /><nd ref="8155467820" /><nd ref="8155467819" /><nd ref="8155467818" /><nd ref="8155467821" /><tag k="building" v="yes" /></way><way id="876258960" timestamp="2020-11-23T18:14:28Z"><nd ref="8155467825" /><nd ref="8155467824" /><nd ref="8155467823" /><nd ref="8155467822" /><nd ref="8155467825" /><tag k="building" v="yes" /></way><way id="876258961" timestamp="2020-11-23T18:14:28Z"><nd ref="8155467829" /><nd ref="8155467828" /><nd ref="8155467827" /><nd ref="8155467826" /><nd ref="8155467829" /><tag k="building" v="yes" /></way><way id="876258962" timestamp="2020-11-23T18:14:28Z"><nd ref="8155467833" /><nd ref="8155467832" /><nd ref="8155467831" /><nd ref="8155467830" /><nd ref="8155467833" /><tag k="building" v="yes" /></way><way id="876258963" timestamp="2020-11-23T18:14:28Z"><nd ref="8155467837" /><nd ref="8155467836" /><nd ref="8155467835" /><nd ref="8155467834" /><nd ref="8155467837" /><tag k="building" v="yes" /></way><way id="876258964" timestamp="2020-11-23T18:14:28Z"><nd ref="8155467841" /><nd ref="8155467840" /><nd ref="8155467839" /><nd ref="8155467838" /><nd ref="8155467841" /><tag k="building" v="yes" /></way><way id="876258965" timestamp="2020-11-23T18:14:28Z"><nd ref="8155467847" /><nd ref="8155467846" /><nd ref="8155467845" /><nd ref="8155467844" /><nd ref="8155467847" /><tag k="building" v="yes" /></way><way id="876258966" timestamp="2020-11-23T18:14:28Z"><nd ref="8155467851" /><nd ref="8155467843" /><nd ref="8155467850" /><nd ref="8155467849" /><nd ref="8155467842" /><nd ref="8155467848" /><nd ref="8155467851" /><tag k="building" v="yes" /></way><way id="876258967" timestamp="2020-11-23T18:14:28Z"><nd ref="8155467855" /><nd ref="8155467854" /><nd ref="8155467853" /><nd ref="8155467852" /><nd ref="8155467855" /><tag k="building" v="yes" /></way><way id="876258968" timestamp="2020-11-23T18:14:28Z"><nd ref="8155467859" /><nd ref="8155467858" /><nd ref="8155467857" /><nd ref="8155467856" /><nd ref="8155467859" /><tag k="building" v="yes" /></way><way id="876258969" timestamp="2020-11-23T18:14:28Z"><nd ref="8155467863" /><nd ref="8155467862" /><nd ref="8155467861" /><nd ref="8155467860" /><nd ref="8155467863" /><tag k="building" v="yes" /></way><way id="876258970" timestamp="2020-11-23T18:14:28Z"><nd ref="8155467867" /><nd ref="8155467866" /><nd ref="8155467865" /><nd ref="8155467864" /><nd ref="8155467867" /><tag k="building" v="yes" /></way><way id="876258971" timestamp="2020-11-23T18:14:28Z"><nd ref="8155467871" /><nd ref="8155467868" /><nd ref="8155467869" /><nd ref="8155467870" /><nd ref="8155467871" /><tag k="building" v="yes" /></way><way id="876258972" timestamp="2020-11-23T18:14:28Z"><nd ref="8155467875" /><nd ref="8155467874" /><nd ref="8155467873" /><nd ref="8155467872" /><nd ref="8155467875" /><tag k="building" v="yes" /></way><way id="876258973" timestamp="2022-07-27T15:51:24Z"><nd ref="8155467879" /><nd ref="8155467876" /><nd ref="8155467877" /><nd ref="8155467878" /><nd ref="8155467879" /><tag k="building" v="residential" /></way><way id="876258974" timestamp="2022-07-27T15:51:24Z"><nd ref="8155467883" /><nd ref="8155467880" /><nd ref="8155467881" /><nd ref="8155467882" /><nd ref="8155467883" /><tag k="building" v="residential" /></way><way id="876258975" timestamp="2022-08-28T13:42:08Z"><nd ref="8155467886" /><nd ref="8155467885" /><nd ref="8155467884" /><nd ref="9983411531" /><nd ref="8155467886" /><tag k="building" v="residential" /></way><way id="876258976" timestamp="2022-07-27T15:51:24Z"><nd ref="8155467891" /><nd ref="8155467890" /><nd ref="8155467889" /><nd ref="8155467888" /><nd ref="8155467891" /><tag k="building" v="residential" /></way><way id="876258977" timestamp="2022-07-27T15:51:24Z"><nd ref="8155467895" /><nd ref="8155467894" /><nd ref="8155467893" /><nd ref="8155467892" /><nd ref="8155467895" /><tag k="building" v="residential" /></way><way id="876258978" timestamp="2022-07-27T15:51:24Z"><nd ref="8155467899" /><nd ref="8155467898" /><nd ref="8155467897" /><nd ref="8155467896" /><nd ref="8155467899" /><tag k="building" v="residential" /></way><way id="876258979" timestamp="2022-07-27T15:51:24Z"><nd ref="8155467903" /><nd ref="8155467902" /><nd ref="8155467901" /><nd ref="8155467900" /><nd ref="8155467903" /><tag k="building" v="residential" /></way><way id="876258980" timestamp="2022-07-27T15:51:24Z"><nd ref="8155467910" /><nd ref="8155467909" /><nd ref="8155467908" /><nd ref="8155467907" /><nd ref="8155467910" /><tag k="building" v="residential" /></way><way id="876258981" timestamp="2022-07-27T15:51:24Z"><nd ref="8155467914" /><nd ref="8524420132" /><nd ref="8524420133" /><nd ref="8155467913" /><nd ref="8155467912" /><nd ref="8155467911" /><nd ref="8155467914" /><tag k="building" v="residential" /></way><way id="876258982" timestamp="2022-07-27T15:51:24Z"><nd ref="8155467918" /><nd ref="8155467917" /><nd ref="8155467916" /><nd ref="8155467915" /><nd ref="8155467918" /><tag k="building" v="residential" /></way><way id="876258983" timestamp="2022-07-27T15:51:24Z"><nd ref="8155467922" /><nd ref="8155467919" /><nd ref="8155467920" /><nd ref="8155467921" /><nd ref="8155467922" /><tag k="building" v="residential" /></way><way id="876258984" timestamp="2022-07-27T15:51:24Z"><nd ref="8155467926" /><nd ref="8155467923" /><nd ref="8155467924" /><nd ref="8155467925" /><nd ref="8155467926" /><tag k="building" v="residential" /></way><way id="876258985" timestamp="2022-07-27T13:58:59Z"><nd ref="8155467930" /><nd ref="8155467929" /><nd ref="8155467928" /><nd ref="8155467927" /><nd ref="8155467930" /><tag k="building" v="residential" /></way><way id="911725986" timestamp="2024-02-13T04:46:56Z"><nd ref="8465442075" /><nd ref="8465442076" /><nd ref="8465442077" /><nd ref="8465442078" /><nd ref="8465442075" /><tag k="building" v="commercial" /></way><way id="912649422" timestamp="2022-07-27T13:37:17Z"><nd ref="8478066441" /><nd ref="8478066442" /><nd ref="8478066443" /><nd ref="8478066444" /><nd ref="8478066445" /><nd ref="8478066446" /><nd ref="8478066441" /><tag k="building" v="apartments" /></way><way id="912649423" timestamp="2022-07-27T13:37:17Z"><nd ref="9708406677" /><nd ref="8478066447" /><nd ref="8478066448" /><nd ref="8478066449" /><nd ref="8478066450" /><nd ref="9708406678" /><nd ref="9708406677" /><tag k="building" v="apartments" /></way><way id="912649424" timestamp="2022-07-27T13:37:17Z"><nd ref="8478066453" /><nd ref="8478066454" /><nd ref="8478066455" /><nd ref="8478066456" /><nd ref="8478066457" /><nd ref="8478066458" /><nd ref="9521843460" /><nd ref="8478066453" /><tag k="building" v="apartments" /></way><way id="912649425" timestamp="2022-07-27T13:37:17Z"><nd ref="8478066459" /><nd ref="8478066460" /><nd ref="8478066461" /><nd ref="8478066462" /><nd ref="8478066459" /><tag k="building" v="apartments" /></way><way id="912649426" timestamp="2022-07-27T13:37:17Z"><nd ref="8478066463" /><nd ref="8478066464" /><nd ref="8478066465" /><nd ref="8478066466" /><nd ref="8478066463" /><tag k="building" v="apartments" /></way><way id="912649427" timestamp="2022-07-27T13:37:17Z"><nd ref="8478066471" /><nd ref="8478066472" /><nd ref="8478066473" /><nd ref="8478066474" /><nd ref="9521843461" /><nd ref="8478066475" /><nd ref="8478066476" /><nd ref="8478066471" /><tag k="building" v="apartments" /></way><way id="912734535" timestamp="2022-10-19T04:52:52Z"><nd ref="8478806858" /><nd ref="8478806859" /><nd ref="8478806860" /><nd ref="8478806861" /><nd ref="8478806862" /><nd ref="8478806863" /><nd ref="8478806864" /><nd ref="8478806865" /><nd ref="8478806866" /><nd ref="8478806867" /><nd ref="8478806868" /><nd ref="8478806869" /><nd ref="8478806870" /><nd ref="8478806871" /><nd ref="8478806872" /><nd ref="8478806873" /><nd ref="8478806874" /><nd ref="8478806875" /><nd ref="8478806876" /><nd ref="8478806858" /><tag k="natural" v="water" /></way><way id="913253090" timestamp="2022-07-27T12:26:22Z"><nd ref="7206528481" /><nd ref="8483504984" /><nd ref="7206528482" /><nd ref="1643407807" /><nd ref="1643407799" /><nd ref="1643407777" /><nd ref="1630387034" /><nd ref="7206287137" /><nd ref="1643407806" /><nd ref="7206287136" /><nd ref="1643407774" /><nd ref="9914498823" /><nd ref="7206287135" /><nd ref="1643407808" /><nd ref="7206287134" /><nd ref="1643407809" /><nd ref="7206287133" /><nd ref="1630387004" /><nd ref="7206287132" /><nd ref="1643407805" /><nd ref="7206287131" /><nd ref="1643407793" /><nd ref="7206287130" /><nd ref="7206287138" /><nd ref="7206287176" /><tag k="natural" v="coastline" /></way><way id="913521077" timestamp="2022-07-27T13:37:17Z"><nd ref="8486054184" /><nd ref="8486054173" /><nd ref="8486054174" /><nd ref="8486054175" /><nd ref="8486054176" /><nd ref="8486054177" /><nd ref="8486054178" /><nd ref="8486054179" /><nd ref="8486054180" /><nd ref="8486054181" /><nd ref="8486054182" /><nd ref="8486054183" /><nd ref="8486054184" /><tag k="building" v="residential" /></way><way id="913521078" timestamp="2022-07-27T13:37:17Z"><nd ref="8486054185" /><nd ref="8486054186" /><nd ref="8486054187" /><nd ref="8486054188" /><nd ref="8486054189" /><nd ref="8486054190" /><nd ref="8486054185" /><tag k="building" v="apartments" /></way><way id="913950861" timestamp="2024-12-10T05:47:23Z"><nd ref="8489939528" /><nd ref="8489939536" /><nd ref="8489939537" /><nd ref="8489939529" /><nd ref="8489939530" /><nd ref="8489939531" /><nd ref="8489939532" /><nd ref="8489939533" /><nd ref="8489939534" /><nd ref="8489939535" /><nd ref="8489939528" /><tag k="building" v="yes" /></way><way id="917712253" timestamp="2026-02-11T06:59:50Z"><nd ref="8523515226" /><nd ref="8523515227" /><nd ref="8523515228" /><nd ref="8523515229" /><nd ref="8523515230" /><nd ref="8523515231" /><nd ref="8523515232" /><nd ref="8523515233" /><nd ref="8523515234" /><nd ref="8523515235" /><nd ref="8523515236" /><nd ref="8523515237" /><nd ref="8523515226" /><tag k="building" v="parking" /></way><way id="917712254" timestamp="2026-02-11T06:59:50Z"><nd ref="8523515247" /><nd ref="8523515248" /><nd ref="8523515249" /><nd ref="8523515250" /><nd ref="8523515251" /><nd ref="8523515252" /><nd ref="8523515253" /><nd ref="8523515254" /><nd ref="8523515255" /><nd ref="8523515256" /><nd ref="8523515257" /><nd ref="8523515258" /><nd ref="8523515259" /><nd ref="8523515260" /><nd ref="8523515261" /><nd ref="8523515247" /><tag k="building" v="parking" /></way><way id="917804144" timestamp="2021-03-16T12:22:14Z"><nd ref="8524420137" /><nd ref="8524420138" /><nd ref="8524420139" /><nd ref="8524420140" /><nd ref="8524420137" /><tag k="building" v="house" /></way><way id="917804145" timestamp="2021-03-16T12:22:14Z"><nd ref="8524420141" /><nd ref="8524420142" /><nd ref="8524420143" /><nd ref="8524420144" /><nd ref="8524420141" /><tag k="building" v="house" /></way><way id="917804146" timestamp="2021-03-16T12:22:14Z"><nd ref="8524420145" /><nd ref="8524420146" /><nd ref="8524420147" /><nd ref="8524420148" /><nd ref="8524420145" /><tag k="building" v="house" /></way><way id="917804147" timestamp="2021-03-16T12:22:14Z"><nd ref="8524420149" /><nd ref="8524420150" /><nd ref="8524420151" /><nd ref="8524420152" /><nd ref="8524420149" /><tag k="building" v="house" /></way><way id="917804148" timestamp="2021-03-16T12:22:14Z"><nd ref="8524420153" /><nd ref="8524420154" /><nd ref="8524420155" /><nd ref="8524420156" /><nd ref="8524420153" /><tag k="building" v="house" /></way><way id="917804149" timestamp="2021-03-16T12:22:14Z"><nd ref="8524420157" /><nd ref="8524420158" /><nd ref="8524420159" /><nd ref="8524420160" /><nd ref="8524420157" /><tag k="building" v="house" /></way><way id="917804150" timestamp="2021-03-16T12:22:14Z"><nd ref="8524420161" /><nd ref="8524420162" /><nd ref="8524420163" /><nd ref="8524420164" /><nd ref="8524420161" /><tag k="building" v="house" /></way><way id="917804151" timestamp="2021-03-16T12:22:14Z"><nd ref="8524420165" /><nd ref="8524420166" /><nd ref="8524420167" /><nd ref="8524420168" /><nd ref="8524420165" /><tag k="building" v="house" /></way><way id="1033522183" timestamp="2023-07-15T15:33:25Z"><nd ref="9521869998" /><nd ref="9521869999" /><nd ref="9521870000" /><nd ref="9521870001" /><nd ref="9521870002" /><nd ref="9664015796" /><nd ref="9521870003" /><nd ref="9521870004" /><nd ref="9521869998" /><tag k="building" v="retail" /></way><way id="1033522189" timestamp="2022-02-20T14:09:43Z"><nd ref="9521870061" /><nd ref="9521870062" /><nd ref="9521870064" /><nd ref="9521870063" /><nd ref="9521870061" /><tag k="building" v="yes" /></way><way id="1035752412" timestamp="2022-02-27T15:01:05Z"><nd ref="9542870156" /><nd ref="9542870157" /><nd ref="9542870158" /><nd ref="9542870159" /><nd ref="9542870156" /><tag k="building" v="service" /></way><way id="1035752413" timestamp="2022-02-27T15:01:05Z"><nd ref="9542870160" /><nd ref="9542870161" /><nd ref="9542870162" /><nd ref="9542870163" /><nd ref="9542870160" /><tag k="natural" v="water" /></way><way id="1035999923" timestamp="2024-10-03T14:46:22Z"><nd ref="9545110540" /><nd ref="12218877463" /><nd ref="12218877462" /><nd ref="9545110541" /><nd ref="12218877464" /><nd ref="9545110542" /><nd ref="12218877465" /><nd ref="9545110543" /><nd ref="12218877466" /><nd ref="12218877467" /><nd ref="12218877468" /><nd ref="12218877469" /><nd ref="9545110544" /><nd ref="9545110545" /><nd ref="9545110546" /><nd ref="9545110547" /><nd ref="9545110548" /><nd ref="9545110549" /><nd ref="9545110550" /><nd ref="9545110551" /><nd ref="12218877457" /><nd ref="9545110540" /><tag k="landuse" v="grass" /></way><way id="1035999931" timestamp="2024-10-03T14:46:22Z"><nd ref="9545110736" /><nd ref="12218877452" /><nd ref="12218877470" /><nd ref="9545110737" /><nd ref="12218877474" /><nd ref="12218877471" /><nd ref="12218877472" /><nd ref="12218877473" /><nd ref="9545110738" /><nd ref="9545110739" /><nd ref="12218877456" /><nd ref="12218877455" /><nd ref="12218877454" /><nd ref="12218877453" /><nd ref="9545110736" /><tag k="landuse" v="grass" /></way><way id="1035999932" timestamp="2024-10-03T14:46:22Z"><nd ref="9545110740" /><nd ref="12218877451" /><nd ref="12218877449" /><nd ref="9545110741" /><nd ref="12218877450" /><nd ref="12218877448" /><nd ref="12218877445" /><nd ref="12218877446" /><nd ref="12218877447" /><nd ref="12218877444" /><nd ref="9545110742" /><nd ref="12218877476" /><nd ref="12218877475" /><nd ref="12218877477" /><nd ref="12218877443" /><nd ref="9545110743" /><nd ref="5019924653" /><nd ref="9545110740" /><tag k="landuse" v="grass" /></way><way id="1035999933" timestamp="2024-10-03T14:46:22Z"><nd ref="9545110744" /><nd ref="12218877583" /><nd ref="12218877584" /><nd ref="12218877585" /><nd ref="9545110745" /><nd ref="9545110746" /><nd ref="12218877586" /><nd ref="12218877587" /><nd ref="12218877588" /><nd ref="12218877589" /><nd ref="12218877590" /><nd ref="9545110747" /><nd ref="9545110748" /><nd ref="12218877591" /><nd ref="12218877592" /><nd ref="9545110749" /><nd ref="12218877593" /><nd ref="9545110750" /><nd ref="12218877594" /><nd ref="9545110751" /><nd ref="12218877595" /><nd ref="12218877596" /><nd ref="12218877597" /><nd ref="12218877598" /><nd ref="9545110752" /><nd ref="9545110753" /><nd ref="9545110744" /><tag k="landuse" v="grass" /></way><way id="1036314394" timestamp="2022-03-01T15:37:48Z"><nd ref="9547620258" /><nd ref="9547620259" /><nd ref="9547620260" /><nd ref="9547620261" /><nd ref="9547620258" /><tag k="building" v="service" /></way><way id="1036826427" timestamp="2022-03-03T13:26:50Z"><nd ref="9551884972" /><nd ref="9551884973" /><nd ref="9551884974" /><nd ref="9551884975" /><nd ref="9551884972" /><tag k="building" v="service" /></way><way id="1036826428" timestamp="2022-03-03T13:26:50Z"><nd ref="9551884976" /><nd ref="9551884977" /><nd ref="9551884978" /><nd ref="9551884979" /><nd ref="9551884980" /><nd ref="9551884981" /><nd ref="9551884976" /><tag k="building" v="service" /></way><way id="1041349568" timestamp="2022-03-18T07:02:18Z"><nd ref="9587169234" /><nd ref="9587169235" /><nd ref="9587169236" /><nd ref="9587169237" /><nd ref="9587169234" /><tag k="building" v="service" /></way><way id="1041354656" timestamp="2022-03-18T07:32:23Z"><nd ref="9587215184" /><nd ref="9587215185" /><nd ref="9587215186" /><nd ref="9587215187" /><nd ref="9587215184" /><tag k="building" v="service" /></way><way id="1041592731" timestamp="2022-03-21T19:05:45Z"><nd ref="1643289760" /><nd ref="9589172784" /><nd ref="9589172786" /><tag k="natural" v="coastline" /></way><way id="1041616158" timestamp="2022-04-27T13:31:34Z"><nd ref="9697825126" /><nd ref="9697825127" /><nd ref="9697825128" /><nd ref="9524582433" /><nd ref="9697825129" /><nd ref="9589340136" /><nd ref="9589340135" /><nd ref="9589340134" /><nd ref="4820820140" /><nd ref="4820820141" /><nd ref="4820799071" /><nd ref="4820799072" /><nd ref="4820799073" /><nd ref="9697825126" /><tag k="building" v="retail" /></way><way id="1041616159" timestamp="2022-03-19T08:24:55Z"><nd ref="9589340150" /><nd ref="4820799047" /><nd ref="4820799048" /><nd ref="4820799049" /><nd ref="4820799050" /><nd ref="4820799051" /><nd ref="4820799052" /><nd ref="4820799053" /><nd ref="4820799054" /><nd ref="4820799055" /><nd ref="4820789206" /><nd ref="4820789207" /><nd ref="4820789209" /><nd ref="4820789210" /><nd ref="4820789211" /><nd ref="9589340150" /><tag k="building" v="retail" /></way><way id="1041618363" timestamp="2022-03-19T08:34:57Z"><nd ref="9589406098" /><nd ref="9589406099" /><nd ref="9589406100" /><nd ref="9589406101" /><nd ref="9589406102" /><nd ref="9589406103" /><nd ref="9589406104" /><nd ref="9589406105" /><nd ref="9589406106" /><nd ref="9589406107" /><nd ref="9589406108" /><nd ref="9589406109" /><nd ref="9589406110" /><nd ref="9589406111" /><nd ref="9589406112" /><nd ref="9589406113" /><nd ref="9589406114" /><nd ref="9589406115" /><nd ref="9589406116" /><nd ref="9589410517" /><nd ref="9589410518" /><nd ref="9589410519" /><nd ref="9589410520" /><nd ref="9589410521" /><nd ref="9589410522" /><nd ref="9589410523" /><nd ref="9589410524" /><nd ref="9589410525" /><nd ref="9589406098" /><tag k="building" v="yes" /></way><way id="1041703789" timestamp="2022-03-19T15:24:04Z"><nd ref="9590094658" /><nd ref="9590094659" /><nd ref="9590094660" /><nd ref="9590094661" /><nd ref="9590094658" /><tag k="building" v="service" /></way><way id="1042259568" timestamp="2022-03-21T14:32:15Z"><nd ref="9594547085" /><nd ref="9594547086" /><nd ref="9594547087" /><nd ref="9594547088" /><nd ref="9594547085" /><tag k="building" v="service" /></way><way id="1042259569" timestamp="2022-03-21T14:32:15Z"><nd ref="9594547089" /><nd ref="9594547090" /><nd ref="9594547091" /><nd ref="9594547092" /><nd ref="9594547089" /><tag k="building" v="service" /></way><way id="1042401687" timestamp="2022-03-21T19:05:45Z"><nd ref="1352294971" /><nd ref="1643289758" /><nd ref="1643289776" /><nd ref="1630387184" /><nd ref="9536213732" /><nd ref="8943589368" /><nd ref="9536213733" /><nd ref="9536213734" /><nd ref="9536213735" /><nd ref="9536213736" /><nd ref="9536213737" /><nd ref="1630387057" /><nd ref="1643583540" /><nd ref="9536213731" /><nd ref="9536213730" /><nd ref="9536213724" /><nd ref="9536213725" /><nd ref="9536213726" /><nd ref="9536213728" /><nd ref="9412926283" /><tag k="natural" v="coastline" /></way><way id="1042401689" timestamp="2024-02-13T04:48:05Z"><nd ref="9589172783" /><nd ref="8465442077" /><nd ref="1352294971" /><tag k="natural" v="coastline" /></way><way id="1042401691" timestamp="2024-10-02T18:31:57Z"><nd ref="1474198515" /><nd ref="1643641053" /><nd ref="1643641097" /><nd ref="1474198536" /><nd ref="1643641111" /><nd ref="1643641056" /><nd ref="1643641055" /><nd ref="1643641081" /><nd ref="1643641109" /><nd ref="1352293956" /><nd ref="1643641083" /><nd ref="1643220050" /><nd ref="1643641073" /><nd ref="1643219944" /><nd ref="1643220136" /><nd ref="9536280201" /><nd ref="1643220309" /><nd ref="1643219997" /><nd ref="1643220039" /><nd ref="1643220144" /><nd ref="12216580278" /><nd ref="9536280209" /><nd ref="12216580275" /><nd ref="1643220120" /><nd ref="1643220303" /><nd ref="8943330453" /><nd ref="1628752378" /><nd ref="1643220202" /><nd ref="1643220063" /><nd ref="1643220233" /><nd ref="8943330452" /><nd ref="8943330447" /><nd ref="8943330448" /><nd ref="8943330449" /><nd ref="8943330450" /><nd ref="8943330451" /><nd ref="1643219975" /><nd ref="8943330446" /><nd ref="1352294087" /><nd ref="1352294365" /><nd ref="1643220128" /><nd ref="1643220245" /><nd ref="9708668857" /><nd ref="9708668858" /><nd ref="1643219982" /><nd ref="9696588833" /><nd ref="1643220077" /><nd ref="9536437042" /><nd ref="1643220191" /><nd ref="1643219970" /><nd ref="9708668856" /><nd ref="9708668826" /><nd ref="1643220189" /><nd ref="1643220017" /><tag k="natural" v="coastline" /></way><way id="1042401694" timestamp="2022-03-21T19:05:45Z"><nd ref="7213686361" /><nd ref="1643289756" /><nd ref="8479029708" /><nd ref="8479029709" /><nd ref="8479029710" /><nd ref="8479029711" /><nd ref="8479029712" /><nd ref="8479029713" /><nd ref="1643289950" /><nd ref="1474199155" /><nd ref="1643289810" /><nd ref="1643313035" /><nd ref="1643289964" /><nd ref="1643306762" /><nd ref="1628752613" /><nd ref="8479029714" /><nd ref="8479029715" /><nd ref="8479029716" /><nd ref="8479044817" /><nd ref="8479044818" /><nd ref="1643289822" /><nd ref="1643289931" /><nd ref="1643289805" /><nd ref="1643289925" /><nd ref="8479044819" /><nd ref="8479044820" /><nd ref="8479044821" /><nd ref="8479044822" /><nd ref="1643289934" /><nd ref="1643289959" /><nd ref="1643289741" /><nd ref="1643289927" /><nd ref="1643289887" /><nd ref="1643289857" /><nd ref="1352295022" /><nd ref="1643289948" /><nd ref="1643289796" /><nd ref="1643312996" /><nd ref="1643289828" /><nd ref="1628752582" /><nd ref="8943589374" /><nd ref="1643289799" /><nd ref="1643289861" /><nd ref="2288928165" /><nd ref="1643289905" /><nd ref="1643289977" /><nd ref="1643289744" /><nd ref="1643289920" /><nd ref="1643289849" /><nd ref="8943589373" /><nd ref="1643289801" /><nd ref="8943589372" /><nd ref="1643289965" /><nd ref="1643289855" /><nd ref="9500693614" /><nd ref="1643289790" /><nd ref="1643289769" /><nd ref="1643289826" /><nd ref="9500693612" /><nd ref="1643289730" /><nd ref="1643289760" /><tag k="natural" v="coastline" /></way><way id="1042959130" timestamp="2026-02-01T07:09:00Z"><nd ref="9599840576" /><nd ref="12214177202" /><nd ref="12214177203" /><nd ref="12214177204" /><nd ref="12214177205" /><nd ref="12214177206" /><nd ref="12214177207" /><nd ref="9599840577" /><nd ref="12214177208" /><nd ref="12214177209" /><nd ref="12214177210" /><nd ref="9599840578" /><nd ref="12214177211" /><nd ref="12214111691" /><nd ref="12214111692" /><nd ref="12214111693" /><nd ref="12214111694" /><nd ref="12214111695" /><nd ref="12214111696" /><nd ref="9599840579" /><nd ref="12214111697" /><nd ref="12214111698" /><nd ref="12214111699" /><nd ref="12214111700" /><nd ref="12214177201" /><nd ref="9599840576" /><tag k="building" v="apartments" /></way><way id="1044780487" timestamp="2024-03-23T20:21:22Z"><nd ref="9613318466" /><nd ref="9613318467" /><nd ref="9613318468" /><nd ref="9589300422" /><nd ref="9671350474" /><nd ref="9613318469" /><nd ref="9613318466" /><tag k="building" v="yes" /></way><way id="1046258208" timestamp="2022-07-27T13:58:59Z"><nd ref="9621535682" /><nd ref="9621535683" /><nd ref="9621535684" /><nd ref="9621535685" /><nd ref="9621535682" /><tag k="building" v="service" /></way><way id="1050528870" timestamp="2022-04-09T13:30:04Z"><nd ref="9589064877" /><nd ref="9589064878" /><nd ref="9589064879" /><nd ref="9589064880" /><nd ref="9589064871" /><nd ref="9589064872" /><nd ref="9589064873" /><nd ref="9589064874" /><nd ref="9589064875" /><nd ref="9589064876" /><nd ref="9589064877" /><tag k="building" v="yes" /></way><way id="1050566980" timestamp="2022-04-09T16:12:55Z"><nd ref="9654161102" /><nd ref="9654161103" /><nd ref="9654161104" /><nd ref="9654161105" /><nd ref="9654161106" /><nd ref="9654161107" /><nd ref="8155467500" /><nd ref="9654161108" /><nd ref="8155467444" /><nd ref="8155467445" /><nd ref="8155467442" /><nd ref="9536233895" /><nd ref="9654161109" /><nd ref="9654161102" /><tag k="building" v="apartments" /></way><way id="1050566981" timestamp="2022-04-09T16:12:55Z"><nd ref="9654161112" /><nd ref="9654161113" /><nd ref="9654161114" /><nd ref="9654161115" /><nd ref="9654161116" /><nd ref="9654168317" /><nd ref="9654168318" /><nd ref="9654168319" /><nd ref="9654168320" /><nd ref="9654161112" /><tag k="building" v="apartments" /></way><way id="1051627718" timestamp="2022-04-13T17:45:17Z"><nd ref="9664015786" /><nd ref="9664015787" /><nd ref="9664015788" /><nd ref="9664015789" /><nd ref="9664015786" /><tag k="building" v="service" /></way><way id="1052359212" timestamp="2022-04-26T04:09:02Z"><nd ref="9671338338" /><nd ref="9524582430" /><nd ref="9671211213" /><nd ref="9589364218" /><nd ref="9671211214" /><nd ref="9671338339" /><nd ref="9671338338" /><tag k="building" v="apartments" /></way><way id="1053211434" timestamp="2022-04-20T04:20:14Z"><nd ref="9678904303" /><nd ref="9678904304" /><nd ref="9678904305" /><nd ref="9678915311" /><nd ref="9678904306" /><nd ref="9472366305" /><nd ref="9678904303" /><tag k="building" v="yes" /></way><way id="1053211435" timestamp="2022-05-06T02:04:16Z"><nd ref="8489939529" /><nd ref="9678904308" /><nd ref="9678904309" /><nd ref="9678904310" /><nd ref="9678904311" /><nd ref="9678904312" /><nd ref="9678904313" /><nd ref="9719515356" /><nd ref="9678904314" /><nd ref="9524582441" /><nd ref="8489939538" /><nd ref="3314779549" /><nd ref="3314779548" /><nd ref="8489939530" /><nd ref="8489939529" /><tag k="building" v="yes" /></way><way id="1053366483" timestamp="2022-04-24T03:30:23Z"><nd ref="9680357569" /><nd ref="4820789215" /><nd ref="9680357576" /><nd ref="9680357570" /><nd ref="9680357571" /><nd ref="9680390181" /><nd ref="9680357572" /><nd ref="9680357569" /><tag k="building" v="yes" /></way><way id="1053404362" timestamp="2026-02-01T07:09:00Z"><nd ref="1676879840" /><nd ref="9680754711" /><nd ref="9680754712" /><nd ref="1676879877" /><nd ref="1676879817" /><nd ref="9680754713" /><nd ref="1585646358" /><nd ref="9680754715" /><nd ref="1676879840" /><tag k="building" v="apartments" /></way><way id="1053406563" timestamp="2022-04-24T03:30:23Z"><nd ref="9680756268" /><nd ref="9680756273" /><nd ref="9680756269" /><nd ref="9680756270" /><nd ref="9688948307" /><nd ref="9680756271" /><nd ref="9685689416" /><nd ref="9680756268" /><tag k="building" v="yes" /></way><way id="1053408772" timestamp="2022-04-25T03:46:06Z"><nd ref="9680794930" /><nd ref="9680794931" /><nd ref="9680794932" /><nd ref="9691044408" /><nd ref="7188979559" /><nd ref="9680794933" /><nd ref="9680794930" /><tag k="building" v="yes" /></way><way id="1053930052" timestamp="2022-04-23T03:47:22Z"><nd ref="9685391566" /><nd ref="9685391573" /><nd ref="9685391579" /><nd ref="9685391569" /><nd ref="9685391567" /><nd ref="9685391571" /><nd ref="9685391568" /><nd ref="9685391566" /><tag k="building" v="yes" /></way><way id="1053967047" timestamp="2022-04-27T13:31:34Z"><nd ref="9685717119" /><nd ref="9697825129" /><nd ref="9685717120" /><nd ref="9685717121" /><nd ref="9685717122" /><nd ref="9685717119" /><tag k="building" v="yes" /></way><way id="1054156847" timestamp="2022-04-23T09:20:24Z"><nd ref="9687535564" /><nd ref="9687535565" /><nd ref="9687535569" /><nd ref="9687535566" /><nd ref="9687535567" /><nd ref="9687535568" /><nd ref="9687535564" /><tag k="building" v="yes" /></way><way id="1056345093" timestamp="2024-10-02T18:31:57Z"><nd ref="1643220017" /><nd ref="12216648113" /><nd ref="9710671565" /><nd ref="12216648074" /><nd ref="12216648114" /><nd ref="4820799062" /><nd ref="8732660506" /><nd ref="8732660507" /><nd ref="4820799060" /><nd ref="1643220001" /><nd ref="1643220087" /><nd ref="9536437046" /><nd ref="1643220042" /><nd ref="8732956697" /><nd ref="8732956704" /><nd ref="1643609707" /><nd ref="1643220110" /><nd ref="1643609809" /><nd ref="1643220197" /><nd ref="1643220098" /><nd ref="1643220079" /><nd ref="9589172783" /><tag k="natural" v="coastline" /></way><way id="1056592847" timestamp="2022-07-27T13:37:17Z"><nd ref="9708838487" /><nd ref="9708838488" /><nd ref="9708838489" /><nd ref="9708838490" /><nd ref="9708838491" /><nd ref="9708838492" /><nd ref="9708838493" /><nd ref="9708838494" /><nd ref="9708838487" /><tag k="building" v="apartments" /></way><way id="1073398904" timestamp="2022-07-27T10:46:59Z"><nd ref="9846838297" /><nd ref="9846838294" /><nd ref="9846838295" /><nd ref="9846838296" /><nd ref="9846838297" /><tag k="building" v="residential" /></way><way id="1083244827" timestamp="2022-08-02T14:51:36Z"><nd ref="9927261906" /><nd ref="9927261903" /><nd ref="9927261904" /><nd ref="9927261905" /><nd ref="9927261906" /><tag k="building" v="yes" /></way><way id="1245834920" timestamp="2024-02-03T14:37:12Z"><nd ref="11581922459" /><nd ref="11581922460" /><nd ref="11581922461" /><nd ref="11581922462" /><nd ref="9589340130" /><nd ref="11581922459" /><tag k="building" v="retail" /></way><way id="1265637402" timestamp="2026-02-01T07:09:00Z"><nd ref="11756594060" /><nd ref="11756594061" /><nd ref="11756594062" /><nd ref="11756594063" /><nd ref="11756594060" /><tag k="building" v="yes" /></way><way id="1319896349" timestamp="2024-10-01T15:03:10Z"><nd ref="12214324925" /><nd ref="12214324924" /><nd ref="12214324923" /><nd ref="12214324922" /><nd ref="12214324925" /><tag k="building" v="yes" /></way><way id="1319896350" timestamp="2024-10-01T15:03:10Z"><nd ref="12214324929" /><nd ref="12214324928" /><nd ref="12214324927" /><nd ref="12214324926" /><nd ref="12214324929" /><tag k="building" v="yes" /></way><way id="1319896351" timestamp="2024-10-01T15:03:10Z"><nd ref="12214324937" /><nd ref="12214324936" /><nd ref="12214324935" /><nd ref="12214324934" /><nd ref="12214324933" /><nd ref="12214324932" /><nd ref="12214324931" /><nd ref="12214324930" /><nd ref="12214324937" /><tag k="building" v="yes" /></way><way id="1319896352" timestamp="2024-10-01T15:03:10Z"><nd ref="12214324965" /><nd ref="12214324964" /><nd ref="12214324963" /><nd ref="12214324962" /><nd ref="12214324961" /><nd ref="12214324960" /><nd ref="12214324959" /><nd ref="12214324958" /><nd ref="12214324957" /><nd ref="12214324956" /><nd ref="12214324955" /><nd ref="12214324954" /><nd ref="12214324953" /><nd ref="12214324952" /><nd ref="12214324951" /><nd ref="12214324950" /><nd ref="12214324949" /><nd ref="12214324948" /><nd ref="12214324947" /><nd ref="12214324946" /><nd ref="12214324945" /><nd ref="12214324944" /><nd ref="12214324943" /><nd ref="12214324942" /><nd ref="12214324941" /><nd ref="12214324940" /><nd ref="12214324939" /><nd ref="12214324938" /><nd ref="12214324965" /><tag k="building" v="yes" /></way><way id="1319896377" timestamp="2024-10-01T15:03:10Z"><nd ref="12214349457" /><nd ref="12214349456" /><nd ref="12214349455" /><nd ref="12214349454" /><nd ref="12214349453" /><nd ref="12214349452" /><nd ref="12214349451" /><nd ref="12214349450" /><nd ref="12214349449" /><nd ref="12214349448" /><nd ref="12214349447" /><nd ref="12214349446" /><nd ref="12214349457" /><tag k="building" v="yes" /></way><way id="1319896378" timestamp="2024-10-01T15:03:10Z"><nd ref="12214349509" /><nd ref="12214349472" /><nd ref="12214349473" /><nd ref="12214349506" /><nd ref="12214349474" /><nd ref="12214349475" /><nd ref="12214349507" /><nd ref="12214349466" /><nd ref="12214349467" /><nd ref="12214349469" /><nd ref="12214349468" /><nd ref="12214349470" /><nd ref="12214349471" /><nd ref="12214349508" /><nd ref="12214349509" /><tag k="building" v="yes" /></way><way id="1319896379" timestamp="2024-10-01T15:03:10Z"><nd ref="12214349513" /><nd ref="12214349483" /><nd ref="12214349482" /><nd ref="12214349481" /><nd ref="12214349510" /><nd ref="12214349480" /><nd ref="12214349479" /><nd ref="12214349478" /><nd ref="12214349477" /><nd ref="12214349476" /><nd ref="12214349511" /><nd ref="12214349512" /><nd ref="12214349513" /><tag k="building" v="yes" /></way><way id="1319896380" timestamp="2024-10-01T15:03:10Z"><nd ref="12214349517" /><nd ref="12214349493" /><nd ref="12214349492" /><nd ref="12214349491" /><nd ref="12214349490" /><nd ref="12214349489" /><nd ref="12214349488" /><nd ref="12214349514" /><nd ref="12214349515" /><nd ref="12214349486" /><nd ref="12214349487" /><nd ref="12214349484" /><nd ref="12214349485" /><nd ref="12214349516" /><nd ref="12214349517" /><tag k="building" v="yes" /></way><way id="1319896381" timestamp="2024-10-01T15:03:10Z"><nd ref="12214349521" /><nd ref="12214349495" /><nd ref="12214349494" /><nd ref="12214349518" /><nd ref="12214349498" /><nd ref="12214349497" /><nd ref="12214349496" /><nd ref="12214349499" /><nd ref="12214349500" /><nd ref="12214349501" /><nd ref="12214349519" /><nd ref="12214349502" /><nd ref="12214349503" /><nd ref="12214349504" /><nd ref="12214349505" /><nd ref="12214349520" /><nd ref="12214349521" /><tag k="building" v="yes" /></way><way id="1319896382" timestamp="2026-02-10T05:15:08Z"><nd ref="12214349525" /><nd ref="12214349522" /><nd ref="12214349523" /><nd ref="12214349524" /><nd ref="12214349525" /><tag k="building" v="yes" /></way><way id="1319896383" timestamp="2026-02-10T05:15:08Z"><nd ref="12214349529" /><nd ref="12214349526" /><nd ref="12214349527" /><nd ref="12214349528" /><nd ref="12214349529" /><tag k="building" v="yes" /></way><way id="1430847645" timestamp="2025-09-18T10:39:55Z"><nd ref="13152677000" /><nd ref="13152681501" /><nd ref="13152681502" /><nd ref="13152681503" /><nd ref="13152677000" /><tag k="building" v="yes" /></way><way id="1430847646" timestamp="2025-09-18T10:39:55Z"><nd ref="13152681504" /><nd ref="13152681505" /><nd ref="13152681506" /><nd ref="13152681507" /><nd ref="13152681504" /><tag k="building" v="yes" /></way><way id="1430847647" timestamp="2025-09-18T10:39:55Z"><nd ref="13152681508" /><nd ref="13152681509" /><nd ref="13152681510" /><nd ref="13152681511" /><nd ref="13152681508" /><tag k="building" v="yes" /></way><way id="1430847648" timestamp="2025-09-18T10:39:55Z"><nd ref="13152681512" /><nd ref="13152681513" /><nd ref="13152681514" /><nd ref="13152681515" /><nd ref="13152681512" /><tag k="building" v="yes" /></way><way id="1430847961" timestamp="2025-09-18T10:42:49Z"><nd ref="13152665007" /><nd ref="13152665008" /><nd ref="13152665009" /><nd ref="13152665010" /><nd ref="13152665007" /><tag k="building" v="yes" /></way><way id="1430847962" timestamp="2025-09-18T10:42:49Z"><nd ref="13152665011" /><nd ref="13152665012" /><nd ref="13152665013" /><nd ref="13152665014" /><nd ref="13152665011" /><tag k="building" v="yes" /></way><way id="1430847963" timestamp="2025-09-18T10:42:49Z"><nd ref="13152665015" /><nd ref="13152665016" /><nd ref="13152665017" /><nd ref="13152665018" /><nd ref="13152665015" /><tag k="building" v="yes" /></way><way id="1430847964" timestamp="2025-09-18T10:42:49Z"><nd ref="13152665019" /><nd ref="13152665020" /><nd ref="13152665021" /><nd ref="13152665022" /><nd ref="13152665019" /><tag k="building" v="yes" /></way><way id="1430847965" timestamp="2025-09-18T10:42:49Z"><nd ref="13152665023" /><nd ref="13152665024" /><nd ref="13152665025" /><nd ref="13152665026" /><nd ref="13152665023" /><tag k="building" v="yes" /></way><way id="1430847966" timestamp="2025-09-18T10:42:49Z"><nd ref="13152665027" /><nd ref="13152665028" /><nd ref="13152665029" /><nd ref="13152665030" /><nd ref="13152665027" /><tag k="building" v="yes" /></way><way id="1430847967" timestamp="2025-09-18T10:42:49Z"><nd ref="13152665031" /><nd ref="13152665032" /><nd ref="13152665033" /><nd ref="13152665034" /><nd ref="13152665031" /><tag k="building" v="yes" /></way><way id="1430847968" timestamp="2025-09-18T10:42:49Z"><nd ref="13152665035" /><nd ref="13152665036" /><nd ref="13152665037" /><nd ref="13152665038" /><nd ref="13152665035" /><tag k="building" v="yes" /></way><way id="1430847969" timestamp="2025-09-18T10:42:49Z"><nd ref="13152665039" /><nd ref="13152665040" /><nd ref="13152665041" /><nd ref="13152665042" /><nd ref="13152665039" /><tag k="building" v="yes" /></way><way id="1430847970" timestamp="2025-09-18T10:42:49Z"><nd ref="13152665043" /><nd ref="13152665044" /><nd ref="13152665045" /><nd ref="13152665046" /><nd ref="13152665043" /><tag k="building" v="yes" /></way><way id="1430847971" timestamp="2025-09-18T10:42:49Z"><nd ref="13152665047" /><nd ref="13152665048" /><nd ref="13152665049" /><nd ref="13152665050" /><nd ref="13152665047" /><tag k="building" v="yes" /></way><way id="1430847972" timestamp="2025-09-18T10:42:49Z"><nd ref="13152665051" /><nd ref="13152665052" /><nd ref="13152665053" /><nd ref="13152665054" /><nd ref="13152665051" /><tag k="building" v="yes" /></way><way id="1430847973" timestamp="2025-09-18T10:42:49Z"><nd ref="13152665055" /><nd ref="13152665056" /><nd ref="13152665057" /><nd ref="13152665058" /><nd ref="13152665055" /><tag k="building" v="yes" /></way><way id="1430847974" timestamp="2025-09-18T10:42:49Z"><nd ref="13152665059" /><nd ref="13152665060" /><nd ref="13152665061" /><nd ref="13152665062" /><nd ref="13152665059" /><tag k="building" v="yes" /></way><way id="1430847975" timestamp="2025-09-18T10:42:49Z"><nd ref="13152665063" /><nd ref="13152665064" /><nd ref="13152665065" /><nd ref="13152665066" /><nd ref="13152665063" /><tag k="building" v="yes" /></way><way id="1430847976" timestamp="2025-09-18T10:42:49Z"><nd ref="13152665067" /><nd ref="13152665068" /><nd ref="13152665069" /><nd ref="13152665070" /><nd ref="13152665067" /><tag k="building" v="yes" /></way><way id="1430847977" timestamp="2025-09-18T10:42:49Z"><nd ref="13152665071" /><nd ref="13152665072" /><nd ref="13152665073" /><nd ref="13152665074" /><nd ref="13152665071" /><tag k="building" v="yes" /></way><way id="1430847978" timestamp="2025-09-18T10:42:49Z"><nd ref="13152665075" /><nd ref="13152665076" /><nd ref="13152665077" /><nd ref="13152665078" /><nd ref="13152665075" /><tag k="building" v="yes" /></way><way id="1430847979" timestamp="2025-09-18T10:42:49Z"><nd ref="13152665079" /><nd ref="13152665080" /><nd ref="13152665081" /><nd ref="13152665082" /><nd ref="13152665079" /><tag k="building" v="yes" /></way><way id="1430847980" timestamp="2025-09-18T10:42:49Z"><nd ref="13152665083" /><nd ref="13152665084" /><nd ref="13152665085" /><nd ref="13152665086" /><nd ref="13152665083" /><tag k="building" v="yes" /></way><way id="1430847981" timestamp="2025-09-18T10:42:49Z"><nd ref="13152665087" /><nd ref="13152665088" /><nd ref="13152665089" /><nd ref="13152665090" /><nd ref="13152665087" /><tag k="building" v="yes" /></way><way id="1430847982" timestamp="2025-09-18T10:42:49Z"><nd ref="13152665091" /><nd ref="13152665092" /><nd ref="13152665093" /><nd ref="13152665094" /><nd ref="13152665091" /><tag k="building" v="yes" /></way><way id="1430847983" timestamp="2025-09-18T10:42:49Z"><nd ref="13152665095" /><nd ref="13152665096" /><nd ref="13152665097" /><nd ref="13152665098" /><nd ref="13152665095" /><tag k="building" v="yes" /></way><way id="1430847984" timestamp="2025-09-18T10:42:49Z"><nd ref="13152665099" /><nd ref="13152665100" /><nd ref="13152684301" /><nd ref="13152684302" /><nd ref="13152665099" /><tag k="building" v="yes" /></way><way id="1430847985" timestamp="2025-09-18T10:42:49Z"><nd ref="13152684303" /><nd ref="13152684304" /><nd ref="13152684305" /><nd ref="13152684306" /><nd ref="13152684303" /><tag k="building" v="yes" /></way><way id="1430847986" timestamp="2025-09-18T10:42:49Z"><nd ref="13152684307" /><nd ref="13152684308" /><nd ref="13152684309" /><nd ref="13152684310" /><nd ref="13152684307" /><tag k="building" v="yes" /></way><way id="1430847987" timestamp="2025-09-18T10:42:49Z"><nd ref="13152684311" /><nd ref="13152684312" /><nd ref="13152684313" /><nd ref="13152684314" /><nd ref="13152684311" /><tag k="building" v="yes" /></way><way id="1430847988" timestamp="2025-09-18T10:42:49Z"><nd ref="13152684315" /><nd ref="13152684316" /><nd ref="13152684317" /><nd ref="13152684318" /><nd ref="13152684315" /><tag k="building" v="yes" /></way><way id="1430847989" timestamp="2025-09-18T10:42:49Z"><nd ref="13152684319" /><nd ref="13152684320" /><nd ref="13152684321" /><nd ref="13152684322" /><nd ref="13152684319" /><tag k="building" v="yes" /></way><way id="1430847990" timestamp="2025-09-18T10:42:49Z"><nd ref="13152684323" /><nd ref="13152684324" /><nd ref="13152684325" /><nd ref="13152684326" /><nd ref="13152684323" /><tag k="building" v="yes" /></way><way id="1430847991" timestamp="2025-09-18T10:42:49Z"><nd ref="13152684327" /><nd ref="13152684328" /><nd ref="13152684329" /><nd ref="13152684330" /><nd ref="13152684327" /><tag k="building" v="yes" /></way><way id="1430847992" timestamp="2025-09-18T10:42:49Z"><nd ref="13152684331" /><nd ref="13152684332" /><nd ref="13152684333" /><nd ref="13152684334" /><nd ref="13152684331" /><tag k="building" v="yes" /></way><way id="1430847993" timestamp="2025-09-18T10:42:49Z"><nd ref="13152684335" /><nd ref="13152684336" /><nd ref="13152684337" /><nd ref="13152684338" /><nd ref="13152684335" /><tag k="building" v="yes" /></way><way id="1430847994" timestamp="2025-09-18T10:42:49Z"><nd ref="13152684339" /><nd ref="13152684340" /><nd ref="13152684341" /><nd ref="13152684342" /><nd ref="13152684339" /><tag k="building" v="yes" /></way><way id="1430847995" timestamp="2025-09-18T10:42:49Z"><nd ref="13152684343" /><nd ref="13152684344" /><nd ref="13152684345" /><nd ref="13152684346" /><nd ref="13152684343" /><tag k="building" v="yes" /></way><way id="1430847998" timestamp="2025-09-18T10:42:49Z"><nd ref="13152684366" /><nd ref="13152684367" /><nd ref="13152684368" /><nd ref="13152684369" /><nd ref="13152684366" /><tag k="building" v="yes" /></way><way id="1430847999" timestamp="2025-09-18T10:42:49Z"><nd ref="13152684370" /><nd ref="13152684371" /><nd ref="13152684372" /><nd ref="13152684373" /><nd ref="13152684370" /><tag k="building" v="yes" /></way><way id="1430848000" timestamp="2025-09-18T10:42:49Z"><nd ref="13152684374" /><nd ref="13152684375" /><nd ref="13152684376" /><nd ref="13152684377" /><nd ref="13152684374" /><tag k="building" v="yes" /></way><way id="1430848001" timestamp="2025-09-18T10:42:49Z"><nd ref="13152684378" /><nd ref="13152684379" /><nd ref="13152684380" /><nd ref="13152684381" /><nd ref="13152684378" /><tag k="building" v="yes" /></way><way id="1430848002" timestamp="2025-09-18T10:42:49Z"><nd ref="13152684382" /><nd ref="13152684383" /><nd ref="13152684384" /><nd ref="13152684385" /><nd ref="13152684382" /><tag k="building" v="yes" /></way><way id="1430848003" timestamp="2025-09-18T10:42:49Z"><nd ref="13152684386" /><nd ref="13152684387" /><nd ref="13152684388" /><nd ref="13152684389" /><nd ref="13152684386" /><tag k="building" v="yes" /></way><way id="1430848004" timestamp="2025-09-18T10:42:49Z"><nd ref="13152684390" /><nd ref="13152684391" /><nd ref="13152684392" /><nd ref="13152684393" /><nd ref="13152684390" /><tag k="building" v="yes" /></way><way id="1430848005" timestamp="2025-09-18T10:42:49Z"><nd ref="13152684394" /><nd ref="13152684395" /><nd ref="13152684396" /><nd ref="13152684397" /><nd ref="13152684394" /><tag k="building" v="yes" /></way><way id="1430848006" timestamp="2025-09-18T10:42:49Z"><nd ref="13152684398" /><nd ref="13152684399" /><nd ref="13152684400" /><nd ref="13152684401" /><nd ref="13152684398" /><tag k="building" v="yes" /></way><way id="1430848007" timestamp="2025-09-18T10:42:49Z"><nd ref="13152684402" /><nd ref="13152684403" /><nd ref="13152684404" /><nd ref="13152684405" /><nd ref="13152684402" /><tag k="building" v="yes" /></way><way id="1430848008" timestamp="2025-09-18T10:42:49Z"><nd ref="13152684406" /><nd ref="13152684407" /><nd ref="13152684408" /><nd ref="13152684409" /><nd ref="13152684406" /><tag k="building" v="yes" /></way><way id="1430848009" timestamp="2025-09-18T10:42:49Z"><nd ref="13152684410" /><nd ref="13152684411" /><nd ref="13152684412" /><nd ref="13152684413" /><nd ref="13152684410" /><tag k="building" v="yes" /></way><way id="1430848010" timestamp="2025-09-18T10:42:49Z"><nd ref="13152684414" /><nd ref="13152684415" /><nd ref="13152684416" /><nd ref="13152684417" /><nd ref="13152684414" /><tag k="building" v="yes" /></way><way id="1430848011" timestamp="2025-09-18T10:42:49Z"><nd ref="13152684418" /><nd ref="13152684419" /><nd ref="13152684420" /><nd ref="13152684421" /><nd ref="13152684418" /><tag k="building" v="yes" /></way><way id="1430849832" timestamp="2026-02-01T07:09:00Z"><nd ref="13152683455" /><nd ref="13152683456" /><nd ref="13152683457" /><nd ref="13152683458" /><nd ref="13152683459" /><nd ref="13152683460" /><nd ref="13152683461" /><nd ref="13152683462" /><nd ref="13152683455" /><tag k="building" v="apartments" /></way><way id="1430849833" timestamp="2026-02-01T07:09:00Z"><nd ref="13152683463" /><nd ref="13152683464" /><nd ref="13152683465" /><nd ref="13152683466" /><nd ref="13152683467" /><nd ref="13152683468" /><nd ref="13152683469" /><nd ref="13152683470" /><nd ref="13152683463" /><tag k="building" v="apartments" /></way><way id="1430849834" timestamp="2026-02-01T07:09:00Z"><nd ref="13152683471" /><nd ref="13152683472" /><nd ref="13152683473" /><nd ref="13152683474" /><nd ref="13152683475" /><nd ref="13152683476" /><nd ref="13152683477" /><nd ref="13152683478" /><nd ref="13152683471" /><tag k="building" v="apartments" /></way><way id="1430849835" timestamp="2026-02-01T07:09:00Z"><nd ref="13152683479" /><nd ref="13152683480" /><nd ref="13152683481" /><nd ref="13152683482" /><nd ref="13152683483" /><nd ref="13152683484" /><nd ref="13152683485" /><nd ref="13152683486" /><nd ref="13152683479" /><tag k="building" v="apartments" /></way><way id="1430849836" timestamp="2026-02-01T07:09:00Z"><nd ref="13152683487" /><nd ref="13152683488" /><nd ref="13152683489" /><nd ref="13152683490" /><nd ref="13152683491" /><nd ref="13152683492" /><nd ref="13152683493" /><nd ref="13152683494" /><nd ref="13152683487" /><tag k="building" v="apartments" /></way><way id="1430849837" timestamp="2026-02-01T07:09:00Z"><nd ref="13152683495" /><nd ref="13152683496" /><nd ref="13152683497" /><nd ref="13152683498" /><nd ref="13152683499" /><nd ref="13152683500" /><nd ref="13152701601" /><nd ref="13152701602" /><nd ref="13152683495" /><tag k="building" v="apartments" /></way><way id="1430849838" timestamp="2026-02-01T07:09:00Z"><nd ref="13152701603" /><nd ref="13152701604" /><nd ref="13152701605" /><nd ref="13152701606" /><nd ref="13152701607" /><nd ref="13152701608" /><nd ref="13152701609" /><nd ref="13152701610" /><nd ref="13152701603" /><tag k="building" v="apartments" /></way></osm>