cell_id,common_30m_samples,temp_c_2026-09-14,vegetation_pct_2026-09-14,st_qa_k_2026-09-14,temp_c_2026-09-30,vegetation_pct_2026-09-30,st_qa_k_2026-09-30,mapped_building_pct,worldcover2021_built_pct,retained_cell_pct,mean_date_median_temp_c,mean_date_green_pixel_pct,urban_candidate,investigation_score,investigation_rank,scenario_best_rank,scenario_worst_rank,scenarios_eligible,scenario_top3_count,recommendation
V00-03,53,52.318939208984375,0.0,1.8399999141693115,47.489288330078125,0.0,1.7699999809265137,0.0,15.408803939819336,53.0,49.90411376953125,0.0,True,79.343163538874,19,15,28,12,0,"Inspect pedestrian use, current shade and planting feasibility before choosing an intervention."
V00-04,70,51.671234130859375,0.0,1.8299999237060547,46.956085205078125,0.0,1.7699999809265137,0.0,0.0,70.0,49.31365966796875,0.0,False,,,,,,,
V00-05,70,50.312591552734375,0.0,1.809999942779541,46.185333251953125,0.0,1.7599999904632568,0.0,0.0,70.0,48.24896240234375,0.0,False,,,,,,,
V00-06,70,52.026702880859375,5.238094329833984,1.8299999237060547,47.009063720703125,12.857145309448242,1.7599999904632568,0.0,5.55555534362793,70.0,49.51788330078125,9.047619819641113,False,,,,,,,
V00-07,70,52.113861083984375,24.206348419189453,1.8199999332427979,47.590118408203125,23.095239639282227,1.7599999904632568,0.0,5.7936506271362305,70.0,49.85198974609375,23.65079402923584,False,,,,,,,
V00-08,70,52.142913818359375,33.21428298950195,1.8199999332427979,47.909698486328125,27.182540893554688,1.7599999904632568,0.0,18.571428298950195,70.0,50.02630615234375,30.19841194152832,True,55.33512064343164,156,21,245,12,0,"Inspect pedestrian use, current shade and planting feasibility before choosing an intervention."
V00-09,70,53.2640380859375,11.150793075561523,1.8299999237060547,47.991729736328125,10.039682388305664,1.7599999904632568,0.0,0.0,70.0,50.62788391113281,10.595237731933594,False,,,,,,,
V00-10,70,53.0538330078125,0.0,1.8199999332427979,48.089141845703125,0.0,1.75,0.0,0.0,70.0,50.57148742675781,0.0,False,,,,,,,
V00-11,70,51.946380615234375,0.0,1.809999942779541,47.607208251953125,0.0,1.75,0.0,0.0,70.0,49.77679443359375,0.0,False,,,,,,,
V00-12,70,53.645172119140625,0.0,1.8299999237060547,48.48394775390625,0.0,1.7599999904632568,0.0,49.404762268066406,70.0,51.06455993652344,0.0,True,82.5603217158177,5,1,13,13,3,"Inspect pedestrian use, current shade and planting feasibility before choosing an intervention."
V00-13,70,52.47959899902344,0.0,1.8299999237060547,48.222442626953125,0.0,1.7599999904632568,0.0,14.325396537780762,70.0,50.35102081298828,0.0,True,81.48793565683647,11,7,19,12,0,"Inspect pedestrian use, current shade and planting feasibility before choosing an intervention."
V00-14,70,52.8743896484375,0.0,1.8299999237060547,48.61383056640625,0.0,1.7699999809265137,0.0,0.0,70.0,50.744110107421875,0.0,False,,,,,,,
V00-15,52,52.8026123046875,9.348289489746094,1.8399999141693115,48.72149658203125,9.027778625488281,1.7799999713897705,0.0,1.8696579933166504,52.0,50.762054443359375,9.188034057617188,False,,,,,,,
V00-18,70,50.519378662109375,8.333333969116211,1.8399999141693115,46.778350830078125,8.809523582458496,1.774999976158142,0.0,3.1746034622192383,70.0,48.64886474609375,8.571428775787354,False,,,,,,,
V00-19,70,50.189544677734375,0.0,1.8399999141693115,46.469024658203125,0.0,1.7699999809265137,0.0,0.0,70.0,48.32928466796875,0.0,False,,,,,,,
V00-20,70,51.351654052734375,0.0,1.8399999141693115,47.938751220703125,0.0,1.7799999713897705,0.0,0.0,70.0,49.64520263671875,0.0,False,,,,,,,
V00-21,60,50.671478271484375,0.0,1.8399999141693115,47.446563720703125,0.0,1.7799999713897705,0.0,0.0,60.0,49.05902099609375,0.0,False,,,,,,,
V00-24,50,51.402923583984375,0.0,1.8299999237060547,47.508087158203125,0.0,1.7599999904632568,0.0,0.0,50.0,49.45550537109375,0.0,False,,,,,,,
V00-25,70,51.570404052734375,0.0,1.8399999141693115,48.078887939453125,0.0,1.7699999809265137,0.0,0.0,70.0,49.82464599609375,0.0,False,,,,,,,
V00-26,70,51.467864990234375,0.0,1.8399999141693115,48.324981689453125,0.0,1.7699999809265137,0.0,0.0,70.0,49.89642333984375,0.0,False,,,,,,,
V00-27,70,50.601409912109375,2.6190474033355713,1.8299999237060547,47.947296142578125,1.8253968954086304,1.7699999809265137,0.0,27.65873146057129,70.0,49.27435302734375,2.222222149372101,True,56.461126005361926,145,75,197,13,0,"Inspect pedestrian use, current shade and planting feasibility before choosing an intervention."
V00-28,70,49.630706787109375,0.873015820980072,1.8299999237060547,47.243194580078125,0.5555555820465088,1.7599999904632568,0.0,35.75396728515625,70.0,48.43695068359375,0.7142857015132904,True,47.050938337801604,217,147,272,13,0,"Inspect pedestrian use, current shade and planting feasibility before choosing an intervention."
V00-29,70,50.290374755859375,2.460317611694336,1.8199999332427979,47.480743408203125,1.9047620296478271,1.7599999904632568,0.0,19.325395584106445,70.0,48.88555908203125,2.1825398206710815,True,50.7774798927614,191,118,239,12,0,"Inspect pedestrian use, current shade and planting feasibility before choosing an intervention."
V00-30,70,49.13336181640625,0.5555555820465088,1.8299999237060547,47.379913330078125,0.5555555820465088,1.7599999904632568,0.0,48.84920883178711,70.0,48.25663757324219,0.5555555820465088,True,45.134048257372655,234,161,287,13,0,"Inspect pedestrian use, current shade and planting feasibility before choosing an intervention."
V00-31,70,48.83428955078125,0.0,1.8199999332427979,47.593536376953125,0.0,1.7599999904632568,0.0,72.22222900390625,70.0,48.21391296386719,0.0,True,56.286863270777474,147,93,199,13,0,"Inspect pedestrian use, current shade and planting feasibility before choosing an intervention."
V00-32,70,48.52667236328125,0.0,1.8199999332427979,47.126983642578125,0.0,1.7599999904632568,0.0,76.03175354003906,70.0,47.82682800292969,0.0,True,48.9142091152815,197,139,254,13,0,"Inspect pedestrian use, current shade and planting feasibility before choosing an intervention."
V00-33,70,48.74713134765625,0.0,1.8149999380111694,47.145782470703125,0.0,1.75,0.0,64.76190185546875,70.0,47.94645690917969,0.0,True,50.79088471849866,189,128,273,13,0,"Inspect pedestrian use, current shade and planting feasibility before choosing an intervention."
V00-34,70,48.93170166015625,0.1587301641702652,1.809999942779541,47.634552001953125,0.1587301641702652,1.75,0.0,44.642860412597656,70.0,48.28312683105469,0.1587301641702652,True,49.597855227882036,193,127,243,13,0,"Inspect pedestrian use, current shade and planting feasibility before choosing an intervention."
V00-35,70,49.21368408203125,0.0,1.8299999237060547,48.178009033203125,0.0,1.7699999809265137,0.0,7.658730506896973,70.0,48.69584655761719,0.0,False,,,,,,,
V00-36,49,48.005401611328125,0.0,1.8299999237060547,46.316925048828125,0.0,1.7599999904632568,0.0,0.0,54.44444444444444,47.161163330078125,0.0,False,,,,,,,
V01-03,93,52.7872314453125,0.0,1.8399999141693115,47.786651611328125,0.0,1.7699999809265137,0.0,13.172042846679688,93.0,50.28694152832031,0.0,True,81.35388739946382,12,8,20,12,0,"Inspect pedestrian use, current shade and planting feasibility before choosing an intervention."
V01-04,100,52.7171630859375,0.0,1.8299999237060547,47.767852783203125,0.0,1.7699999809265137,0.0,0.0,100.0,50.24250793457031,0.0,False,,,,,,,
V01-05,100,52.218109130859375,0.2777777910232544,1.8499999046325684,47.684112548828125,0.2222222238779068,1.7899999618530273,0.0,0.3888888955116272,100.0,49.95111083984375,0.2500000074505806,False,,,,,,,
V01-06,100,51.660980224609375,27.02777671813965,1.8399999141693115,46.675811767578125,33.5555534362793,1.7699999809265137,0.0,8.722222328186035,100.0,49.16839599609375,30.291665077209473,False,,,,,,,
V01-07,100,52.253997802734375,20.52777862548828,1.8199999332427979,47.538848876953125,7.888888359069824,1.75,0.0,6.777777671813965,100.0,49.89642333984375,14.208333492279053,False,,,,,,,
V01-08,100,52.5787353515625,7.94444465637207,1.8499999046325684,47.916534423828125,5.55555534362793,1.7799999713897705,0.0,8.11111068725586,100.0,50.24763488769531,6.75,False,,,,,,,
V01-09,100,52.9752197265625,2.5555553436279297,1.8199999332427979,47.868682861328125,2.777777671813965,1.7599999904632568,0.0,9.05555534362793,100.0,50.42195129394531,2.6666665077209473,False,,,,,,,
V01-10,100,52.397552490234375,0.0,1.809999942779541,47.516632080078125,0.0,1.75,0.0,0.0,100.0,49.95709228515625,0.0,False,,,,,,,
V01-11,100,52.084808349609375,0.0,1.809999942779541,47.875518798828125,0.0,1.75,0.0,0.0,100.0,49.98016357421875,0.0,False,,,,,,,
V01-12,100,52.7615966796875,0.0,1.809999942779541,48.73004150390625,0.0,1.75,0.0,38.36111068725586,100.0,50.745819091796875,0.0,True,82.29222520107238,6,2,14,13,2,"Inspect pedestrian use, current shade and planting feasibility before choosing an intervention."
V01-13,100,52.6505126953125,0.0,1.8199999332427979,48.347198486328125,0.0,1.7599999904632568,0.0,26.02777862548828,100.0,50.49885559082031,0.0,True,82.02412868632707,8,4,16,13,0,"Inspect pedestrian use, current shade and planting feasibility before choosing an intervention."
V01-14,100,52.484710693359375,0.0,1.8199999332427979,48.208770751953125,0.0,1.7599999904632568,0.0,0.0,100.0,50.34674072265625,0.0,False,,,,,,,
V01-15,97,53.1768798828125,2.004581928253174,1.8299999237060547,48.84967041015625,1.0309277772903442,1.7599999904632568,0.0,0.0,97.0,51.013275146484375,1.517754852771759,False,,,,,,,
V01-16,77,52.6368408203125,2.8138530254364014,1.8399999141693115,48.85308837890625,1.803751826286316,1.7799999713897705,0.0,0.0,77.0,50.744964599609375,2.3088024258613586,False,,,,,,,
V01-17,76,51.158538818359375,0.4385964870452881,1.8299999237060547,48.025909423828125,0.3654971122741699,1.774999976158142,0.0,12.71929931640625,76.0,49.59222412109375,0.402046799659729,True,65.28150134048258,82,50,124,12,0,"Inspect pedestrian use, current shade and planting feasibility before choosing an intervention."
V01-18,100,49.680267333984375,7.888889312744141,1.8199999332427979,47.456817626953125,6.555555820465088,1.7699999809265137,0.0,2.0,100.0,48.56854248046875,7.222222566604614,False,,,,,,,
V01-19,100,49.818695068359375,0.0,1.8299999237060547,46.845001220703125,0.0,1.7699999809265137,0.0,0.0,100.0,48.33184814453125,0.0,False,,,,,,,
V01-20,100,51.211517333984375,0.0,1.8399999141693115,48.005401611328125,0.0,1.7799999713897705,0.0,0.0,100.0,49.60845947265625,0.0,False,,,,,,,
V01-21,100,51.120941162109375,0.0,1.8399999141693115,47.602081298828125,0.0,1.7799999713897705,0.0,0.0,100.0,49.36151123046875,0.0,False,,,,,,,
V01-22,87,51.573822021484375,0.0,1.8399999141693115,47.598663330078125,0.0,1.7699999809265137,0.0,0.0,87.0,49.58624267578125,0.0,False,,,,,,,
V01-23,43,51.074798583984375,0.0,1.8399999141693115,47.349151611328125,0.0,1.7799999713897705,0.0,0.2583979368209839,43.0,49.21197509765625,0.0,False,,,,,,,
V01-24,94,51.549896240234375,0.0,1.8499999046325684,47.916534423828125,0.0,1.7799999713897705,0.0,8.6288423538208,94.0,49.73321533203125,0.0,False,,,,,,,
V01-25,100,51.490081787109375,0.0,1.8499999046325684,48.025909423828125,0.0,1.7799999713897705,0.0,0.0,100.0,49.75799560546875,0.0,False,,,,,,,
V01-26,100,51.934417724609375,0.0,1.8399999141693115,48.63946533203125,0.0,1.7799999713897705,0.0,0.0,100.0,50.28694152832031,0.0,False,,,,,,,
V01-27,100,51.038909912109375,2.0555553436279297,1.8399999141693115,48.244659423828125,1.7222222089767456,1.7699999809265137,0.0,44.97222137451172,100.0,49.64178466796875,1.8888887763023376,True,61.04557640750671,111,45,170,13,0,"Inspect pedestrian use, current shade and planting feasibility before choosing an intervention."
V01-28,100,50.739837646484375,0.1111111119389534,1.8399999141693115,47.868682861328125,0.0,1.7799999713897705,4.222222328186035,34.25,100.0,49.30426025390625,0.0555555559694767,True,78.31099195710456,23,6,73,13,0,"Inspect pedestrian use, current shade and planting feasibility before choosing an intervention."
V01-29,100,49.12652587890625,0.6666666269302368,1.8299999237060547,46.909942626953125,0.3888888955116272,1.7699999809265137,0.0,2.8055553436279297,100.0,48.01823425292969,0.527777761220932,False,,,,,,,
V01-30,100,49.18463134765625,0.1111111119389534,1.8299999237060547,47.239776611328125,0.1111111119389534,1.7699999809265137,0.0,22.08333396911621,100.0,48.21220397949219,0.1111111119389534,True,48.59249329758713,201,133,252,13,0,"Inspect pedestrian use, current shade and planting feasibility before choosing an intervention."
V01-31,100,48.71295166015625,0.1111111119389534,1.8299999237060547,47.285919189453125,0.0,1.7699999809265137,0.0,62.41666793823242,100.0,47.99943542480469,0.0555555559694767,True,46.32707774798927,225,154,282,13,0,"Inspect pedestrian use, current shade and planting feasibility before choosing an intervention."
V01-32,100,48.364288330078125,1.0555555820465088,1.8299999237060547,46.974884033203125,0.3888888955116272,1.7599999904632568,0.0,56.66666793823242,100.0,47.669586181640625,0.722222238779068,True,34.101876675603215,291,219,354,13,0,"Inspect pedestrian use, current shade and planting feasibility before choosing an intervention."
V01-33,100,49.10772705078125,0.1111111119389534,1.8199999332427979,47.631134033203125,0.0555555559694767,1.7599999904632568,0.0,22.333332061767578,100.0,48.36943054199219,0.08333333395421505,True,52.024128686327074,181,117,229,13,0,"Inspect pedestrian use, current shade and planting feasibility before choosing an intervention."
V01-34,100,49.41021728515625,0.0555555559694767,1.8199999332427979,47.581573486328125,0.0,1.75,0.0,5.69444465637207,100.0,48.49589538574219,0.02777777798473835,False,,,,,,,
V01-35,100,49.721282958984375,0.0,1.8299999237060547,47.720001220703125,0.0,1.7599999904632568,0.0,0.0,100.0,48.72064208984375,0.0,False,,,,,,,
V01-36,70,48.148956298828125,0.0,1.8199999332427979,46.282745361328125,0.0,1.75,0.0,0.0,77.77777777777779,47.215850830078125,0.0,False,,,,,,,
V02-03,100,52.7479248046875,0.0,1.8299999237060547,47.952423095703125,0.0,1.7699999809265137,0.0,2.0833332538604736,100.0,50.35017395019531,0.0,False,,,,,,,
V02-04,100,53.1871337890625,0.0,1.8299999237060547,47.940460205078125,0.0,1.7699999809265137,0.0,0.0,100.0,50.56379699707031,0.0,False,,,,,,,
V02-05,100,52.8402099609375,0.0,1.8199999332427979,47.803741455078125,0.0,1.7599999904632568,0.0,0.0,100.0,50.32197570800781,0.0,False,,,,,,,
V02-06,100,55.523345947265625,2.972222328186035,1.8499999046325684,49.919525146484375,1.8333332538604736,1.7799999713897705,0.0,1.7777777910232544,100.0,52.721435546875,2.4027777910232544,False,,,,,,,
V02-07,100,53.3614501953125,10.972222328186035,1.8299999237060547,47.851593017578125,3.8888885974884033,1.7599999904632568,0.0,2.3333334922790527,100.0,50.60652160644531,7.430555462837219,False,,,,,,,
V02-08,100,52.212982177734375,37.5555534362793,1.8199999332427979,47.347442626953125,31.05555534362793,1.7599999904632568,0.0,6.111111164093018,100.0,49.78021240234375,34.30555438995361,False,,,,,,,
V02-09,100,53.930572509765625,0.3333333432674408,1.8399999141693115,48.53179931640625,0.2222222238779068,1.7699999809265137,0.0,4.8333330154418945,100.0,51.23118591308594,0.2777777835726738,False,,,,,,,
V02-10,100,52.9273681640625,0.0,1.8199999332427979,47.872100830078125,0.0,1.7599999904632568,0.0,1.5,100.0,50.39973449707031,0.0,False,,,,,,,
V02-11,100,52.8111572265625,0.0,1.8199999332427979,48.46173095703125,0.0,1.7599999904632568,0.0,0.0,100.0,50.636444091796875,0.0,False,,,,,,,
V02-12,100,52.496673583984375,0.0,1.8299999237060547,48.50787353515625,0.0,1.7699999809265137,0.0,0.0,100.0,50.50227355957031,0.0,False,,,,,,,
V02-13,100,52.6710205078125,0.0,1.8299999237060547,48.407012939453125,0.0,1.7699999809265137,0.0,0.0,100.0,50.53901672363281,0.0,False,,,,,,,
V02-14,100,52.354827880859375,0.0,1.8299999237060547,47.904571533203125,0.0,1.7699999809265137,0.0,0.0,100.0,50.12969970703125,0.0,False,,,,,,,
V02-15,100,52.365081787109375,0.0,1.8299999237060547,48.321563720703125,0.0,1.7599999904632568,0.0,0.0,100.0,50.34332275390625,0.0,False,,,,,,,
V02-16,100,50.138275146484375,0.0,1.809999942779541,46.935577392578125,0.0,1.7599999904632568,0.0,0.0,100.0,48.53692626953125,0.0,False,,,,,,,
V02-17,100,49.984466552734375,0.0,1.8299999237060547,46.959503173828125,0.0,1.7699999809265137,0.0,12.638887405395508,100.0,48.47198486328125,0.0,True,60.44235924932977,115,79,168,12,0,"Inspect pedestrian use, current shade and planting feasibility before choosing an intervention."
V02-18,100,49.582855224609375,0.0,1.8199999332427979,47.012481689453125,0.0,1.7599999904632568,0.0,2.305555582046509,100.0,48.29766845703125,0.0,False,,,,,,,
V02-19,100,49.38970947265625,0.0,1.8299999237060547,46.486114501953125,0.0,1.7699999809265137,0.0,0.0,100.0,47.93791198730469,0.0,False,,,,,,,
V02-20,100,50.762054443359375,0.0,1.8399999141693115,47.853302001953125,0.0,1.7799999713897705,0.0,0.0,100.0,49.30767822265625,0.0,False,,,,,,,
V02-21,100,50.661224365234375,0.0,1.8299999237060547,47.559356689453125,0.0,1.7699999809265137,0.0,0.0,100.0,49.11029052734375,0.0,False,,,,,,,
V02-22,100,51.158538818359375,0.0,1.8299999237060547,47.937042236328125,0.0,1.7699999809265137,0.0,0.0,100.0,49.54779052734375,0.0,False,,,,,,,
V02-23,100,51.394378662109375,0.0,1.8399999141693115,48.070343017578125,0.0,1.7699999809265137,0.0,0.0,100.0,49.73236083984375,0.0,False,,,,,,,
V02-24,100,51.474700927734375,0.0,1.8399999141693115,48.237823486328125,0.0,1.7799999713897705,0.0,7.833333492279053,100.0,49.85626220703125,0.0,False,,,,,,,
V02-25,100,51.416595458984375,0.0,1.8399999141693115,48.213897705078125,0.0,1.7699999809265137,0.0,6.388888359069824,100.0,49.81524658203125,0.0,False,,,,,,,
V02-26,92,51.440521240234375,0.0,1.8399999141693115,48.75396728515625,0.0,1.7799999713897705,0.0,11.775362014770508,92.0,50.09724426269531,0.0,True,80.54959785522789,16,12,64,12,0,"Inspect pedestrian use, current shade and planting feasibility before choosing an intervention."
V02-27,100,50.815032958984375,0.2777777910232544,1.8399999141693115,48.015655517578125,0.2777777910232544,1.7799999713897705,0.6666666865348816,13.388890266418457,100.0,49.41534423828125,0.2777777910232544,True,72.94906166219839,40,20,96,12,0,"Inspect pedestrian use, current shade and planting feasibility before choosing an intervention."
V02-28,100,49.466644287109375,2.277777910232544,1.8299999237060547,46.643341064453125,1.6666667461395264,1.7699999809265137,0.8888888955116272,21.25,100.0,48.05499267578125,1.9722223281860352,True,45.76407506702413,229,163,277,13,0,"Inspect pedestrian use, current shade and planting feasibility before choosing an intervention."
V02-29,100,48.62750244140625,0.1666666716337204,1.8199999332427979,46.708282470703125,0.0555555559694767,1.7599999904632568,0.1666666716337204,12.916666030883789,100.0,47.66789245605469,0.11111111380159855,True,46.35388739946381,224,156,279,12,0,"Inspect pedestrian use, current shade and planting feasibility before choosing an intervention."
V02-30,100,50.045989990234375,3.6666665077209473,1.8299999237060547,47.825958251953125,2.8888888359069824,1.7699999809265137,11.888888359069824,67.1388931274414,100.0,48.93597412109375,3.277777671813965,True,62.27882037533512,103,65,212,13,0,"Inspect pedestrian use, current shade and planting feasibility before choosing an intervention."
V02-31,100,48.93853759765625,4.1666669845581055,1.8299999237060547,47.506378173828125,4.833333492279053,1.7699999809265137,1.9444442987442017,62.861106872558594,100.0,48.22245788574219,4.500000238418579,True,47.453083109919575,214,155,279,13,0,"Inspect pedestrian use, current shade and planting feasibility before choosing an intervention."
V02-32,100,49.545257568359375,0.0555555559694767,1.8199999332427979,47.870391845703125,0.0555555559694767,1.7599999904632568,0.0,29.72222328186035,100.0,48.70782470703125,0.0555555559694767,True,58.5254691689008,129,78,166,13,0,"Inspect pedestrian use, current shade and planting feasibility before choosing an intervention."
V02-33,100,49.464935302734375,0.0,1.8299999237060547,47.723419189453125,0.0,1.7699999809265137,0.0,0.2222222238779068,100.0,48.59417724609375,0.0,False,,,,,,,
V02-34,100,49.808441162109375,0.0,1.8299999237060547,47.523468017578125,0.0,1.7699999809265137,0.0,0.0,100.0,48.66595458984375,0.0,False,,,,,,,
V02-35,100,48.56427001953125,0.0,1.8199999332427979,47.340606689453125,0.0,1.7599999904632568,0.0,0.0,100.0,47.95243835449219,0.0,False,,,,,,,
V02-36,70,48.248077392578125,0.0,1.8199999332427979,46.945831298828125,0.0,1.7599999904632568,0.0,0.0,77.77777777777779,47.596954345703125,0.0,False,,,,,,,
V03-02,36,51.508880615234375,0.0,1.8399999141693115,47.340606689453125,0.0,1.7899999618530273,0.0,0.694444477558136,36.0,49.42474365234375,0.0,False,,,,,,,
V03-03,100,52.236907958984375,0.0,1.8299999237060547,47.487579345703125,0.0,1.7599999904632568,0.0,0.0,100.0,49.86224365234375,0.0,False,,,,,,,
V03-04,100,52.310394287109375,0.0,1.8299999237060547,47.357696533203125,0.0,1.7699999809265137,0.0,0.0,100.0,49.83404541015625,0.0,False,,,,,,,
V03-05,100,52.9649658203125,0.0,1.8199999332427979,47.812286376953125,0.0,1.75,0.0,0.0,100.0,50.38862609863281,0.0,False,,,,,,,
V03-06,100,54.313385009765625,0.0,1.8299999237060547,48.66339111328125,0.0,1.7599999904632568,0.0,0.0,100.0,51.48838806152344,0.0,False,,,,,,,
V03-07,100,53.658843994140625,0.0,1.8199999332427979,47.853302001953125,0.0,1.75,0.0,0.0,100.0,50.756072998046875,0.0,False,,,,,,,
V03-08,100,52.9957275390625,18.16666603088379,1.8199999332427979,47.774688720703125,12.38888931274414,1.75,0.0,9.333333015441895,100.0,50.38520812988281,15.277777671813965,False,,,,,,,
V03-09,100,53.816070556640625,0.1111111119389534,1.8399999141693115,48.98297119140625,0.1111111119389534,1.7699999809265137,0.0,1.3611111640930176,100.0,51.39952087402344,0.1111111119389534,False,,,,,,,
V03-10,100,54.057037353515625,11.333333969116211,1.84499990940094,49.27178955078125,9.722221374511719,1.7799999713897705,0.0,19.13888931274414,100.0,51.66441345214844,10.527777671813965,True,61.474530831099194,107,1,190,12,1,"Inspect pedestrian use, current shade and planting feasibility before choosing an intervention."
V03-11,100,52.7923583984375,2.8333334922790527,1.8199999332427979,48.51129150390625,2.444444417953491,1.7599999904632568,0.0,4.611111164093018,100.0,50.651824951171875,2.638888955116272,False,,,,,,,
V03-12,100,52.344573974609375,0.0,1.8299999237060547,48.042999267578125,0.0,1.7599999904632568,0.0,0.0,100.0,50.19378662109375,0.0,False,,,,,,,
V03-13,100,52.383880615234375,0.0,1.8299999237060547,48.265167236328125,0.0,1.7599999904632568,0.0,0.0,100.0,50.32452392578125,0.0,False,,,,,,,
V03-14,100,51.932708740234375,0.0,1.8299999237060547,47.660186767578125,0.0,1.7599999904632568,0.0,0.2222222238779068,100.0,49.79644775390625,0.0,False,,,,,,,
V03-15,100,50.527923583984375,0.0,1.8199999332427979,46.848419189453125,0.0,1.7599999904632568,0.0,0.1111111119389534,100.0,48.68817138671875,0.0,False,,,,,,,
V03-16,100,48.53521728515625,0.0,1.809999942779541,45.590606689453125,0.0,1.7599999904632568,0.0,18.08333396911621,100.0,47.06291198730469,0.0,True,38.860589812332435,269,206,329,12,0,"Inspect pedestrian use, current shade and planting feasibility before choosing an intervention."
V03-17,100,50.780853271484375,0.0,1.8299999237060547,46.980010986328125,0.0,1.7599999904632568,0.0,10.416666984558105,100.0,48.88043212890625,0.0,True,67.01072386058982,68,51,119,12,0,"Inspect pedestrian use, current shade and planting feasibility before choosing an intervention."
V03-18,100,51.018402099609375,1.7777776718139648,1.8299999237060547,47.540557861328125,1.8888888359069824,1.7699999809265137,0.0,48.027774810791016,100.0,49.27947998046875,1.8333332538604736,True,57.23860589812333,139,74,192,13,0,"Inspect pedestrian use, current shade and planting feasibility before choosing an intervention."
V03-19,100,49.999847412109375,0.0,1.8299999237060547,46.863800048828125,0.0,1.7699999809265137,0.0,0.1944444477558136,100.0,48.43182373046875,0.0,False,,,,,,,
V03-20,100,49.912689208984375,0.0,1.8299999237060547,47.367950439453125,0.0,1.7699999809265137,0.0,0.0,100.0,48.64031982421875,0.0,False,,,,,,,
V03-21,100,50.307464599609375,0.0,1.8299999237060547,47.711456298828125,0.0,1.7699999809265137,0.0,0.0,100.0,49.00946044921875,0.0,False,,,,,,,
V03-22,100,50.989349365234375,0.0,1.8399999141693115,48.297637939453125,0.0,1.7699999809265137,0.0,0.0,100.0,49.64349365234375,0.0,False,,,,,,,
V03-23,100,51.255950927734375,0.0,1.8299999237060547,48.294219970703125,0.0,1.7699999809265137,0.0,0.0,100.0,49.77508544921875,0.0,False,,,,,,,
V03-24,100,51.484954833984375,0.0,1.8399999141693115,48.410430908203125,0.0,1.7799999713897705,0.0,8.277777671813965,100.0,49.94769287109375,0.0,False,,,,,,,
V03-25,100,51.946380615234375,1.3333333730697632,1.8399999141693115,48.92144775390625,0.7777777910232544,1.7699999809265137,0.0,20.555553436279297,100.0,50.43391418457031,1.0555555820465088,True,67.77479892761394,66,8,119,13,0,"Inspect pedestrian use, current shade and planting feasibility before choosing an intervention."
V03-26,36,51.503753662109375,0.0,1.84499990940094,48.88555908203125,0.0,1.7799999713897705,0.0,0.0,36.0,50.19465637207031,0.0,False,,,,,,,
V03-27,50,50.632171630859375,5.555555820465088,1.8399999141693115,48.032745361328125,6.44444465637207,1.7799999713897705,3.8888890743255615,32.55555725097656,50.0,49.33245849609375,6.000000238418579,True,64.98659517426275,85,63,188,13,0,"Inspect pedestrian use, current shade and planting feasibility before choosing an intervention."
V03-28,83,48.207061767578125,19.27710723876953,1.8199999332427979,46.368194580078125,17.23560905456543,1.7599999904632568,10.776439666748047,99.16332244873047,83.0,47.287628173828125,18.25635814666748,True,29.168900804289542,312,243,376,13,0,"Inspect pedestrian use, current shade and planting feasibility before choosing an intervention."
V03-29,100,48.307891845703125,14.833333015441895,1.8199999332427979,46.655303955078125,7.611110687255859,1.7599999904632568,8.0,62.41666793823242,100.0,47.481597900390625,11.222221851348877,True,33.61930294906166,293,225,353,13,0,"Inspect pedestrian use, current shade and planting feasibility before choosing an intervention."
V03-30,100,48.97613525390625,0.1666666716337204,1.8199999332427979,46.889434814453125,0.0555555559694767,1.7599999904632568,0.0,2.8888888359069824,100.0,47.93278503417969,0.11111111380159855,False,,,,,,,
V03-31,100,48.84112548828125,0.0,1.809999942779541,47.224395751953125,0.0,1.75,0.0,9.80555534362793,100.0,48.03276062011719,0.0,False,,,,,,,
V03-32,100,49.928070068359375,0.0,1.8199999332427979,47.607208251953125,0.0,1.7599999904632568,0.0,0.0,100.0,48.76763916015625,0.0,False,,,,,,,
V03-33,100,49.546966552734375,0.0,1.8199999332427979,47.275665283203125,0.0,1.7599999904632568,0.0,0.0,100.0,48.41131591796875,0.0,False,,,,,,,
V03-34,100,49.35723876953125,0.0,1.8199999332427979,47.060333251953125,0.0,1.7599999904632568,0.0,0.0,100.0,48.20878601074219,0.0,False,,,,,,,
V03-35,100,48.70953369140625,0.0,1.8199999332427979,47.091094970703125,0.0,1.7599999904632568,0.0,0.0,100.0,47.90031433105469,0.0,False,,,,,,,
V03-36,70,48.49932861328125,0.0,1.8199999332427979,47.082550048828125,0.0,1.7599999904632568,0.0,0.0,77.77777777777779,47.79093933105469,0.0,False,,,,,,,
V04-02,57,51.840423583984375,0.0,1.8499999046325684,47.571319580078125,0.0,1.7899999618530273,0.0,0.0,56.99999999999999,49.70587158203125,0.0,False,,,,,,,
V04-03,100,52.334320068359375,0.0,1.8399999141693115,47.655059814453125,0.0,1.7799999713897705,0.0,0.0,100.0,49.99468994140625,0.0,False,,,,,,,
V04-04,100,51.825042724609375,0.0,1.8299999237060547,46.672393798828125,0.0,1.7599999904632568,0.0,0.0,100.0,49.24871826171875,0.0,False,,,,,,,
V04-05,100,52.7325439453125,0.0,1.8199999332427979,47.508087158203125,0.0,1.7599999904632568,0.0,0.0,100.0,50.12031555175781,0.0,False,,,,,,,
V04-06,100,53.788726806640625,0.0,1.8299999237060547,47.967803955078125,0.0,1.7599999904632568,0.0,0.0,100.0,50.878265380859375,0.0,False,,,,,,,
V04-07,100,54.005767822265625,0.0,1.8199999332427979,47.890899658203125,0.0,1.75,0.0,0.0,100.0,50.948333740234375,0.0,False,,,,,,,
V04-08,100,53.771636962890625,0.0,1.8299999237060547,48.150665283203125,0.0,1.7599999904632568,0.0,0.0,100.0,50.961151123046875,0.0,False,,,,,,,
V04-09,100,53.0777587890625,0.0,1.8199999332427979,48.294219970703125,0.0,1.7599999904632568,0.0,0.0833333358168602,100.0,50.68598937988281,0.0,False,,,,,,,
V04-10,100,53.1478271484375,16.5,1.8299999237060547,48.58135986328125,14.111111640930176,1.7599999904632568,0.0,25.63888931274414,100.0,50.864593505859375,15.305555820465088,True,59.78552278820376,120,4,202,13,0,"Inspect pedestrian use, current shade and planting feasibility before choosing an intervention."
V04-11,100,53.626373291015625,6.44444465637207,1.8199999332427979,48.72491455078125,4.722222328186035,1.7599999904632568,0.0,29.38888931274414,100.0,51.17564392089844,5.583333492279053,True,63.512064343163544,94,2,169,13,1,"Inspect pedestrian use, current shade and planting feasibility before choosing an intervention."
V04-12,100,52.315521240234375,0.0,1.809999942779541,48.013946533203125,0.0,1.75,0.0,0.0,100.0,50.16473388671875,0.0,False,,,,,,,
V04-13,100,51.153411865234375,0.0,1.809999942779541,47.607208251953125,0.0,1.75,0.0,0.0,100.0,49.38031005859375,0.0,False,,,,,,,
V04-14,100,50.698822021484375,0.0,1.809999942779541,46.957794189453125,0.0,1.7400000095367432,0.0,1.8888888359069824,100.0,48.82830810546875,0.0,False,,,,,,,
V04-15,89,50.938079833984375,0.0,1.8199999332427979,47.506378173828125,0.0,1.7599999904632568,0.0,15.543071746826172,89.0,49.22222900390625,0.0,True,71.97050938337802,43,33,82,12,0,"Inspect pedestrian use, current shade and planting feasibility before choosing an intervention."
V04-16,100,50.792816162109375,1.4444445371627808,1.8299999237060547,47.333770751953125,1.1111111640930176,1.7699999809265137,0.0,59.16667175292969,100.0,49.06329345703125,1.2777778506278992,True,54.63806970509384,164,100,203,13,0,"Inspect pedestrian use, current shade and planting feasibility before choosing an intervention."
V04-17,100,51.360198974609375,0.0,1.8399999141693115,47.979766845703125,0.0,1.7799999713897705,0.0,90.44444274902344,100.0,49.66998291015625,0.0,True,77.19839142091153,28,22,43,13,0,"Inspect pedestrian use, current shade and planting feasibility before choosing an intervention."
V04-18,100,51.298675537109375,0.0,1.8399999141693115,48.109649658203125,0.0,1.7799999713897705,0.0,92.22222137451172,100.0,49.70416259765625,0.0,True,77.73458445040215,25,18,39,13,0,"Inspect pedestrian use, current shade and planting feasibility before choosing an intervention."
V04-19,100,50.620208740234375,0.1111111119389534,1.8499999046325684,47.716583251953125,0.0,1.7899999618530273,0.0,62.861106872558594,100.0,49.16839599609375,0.0555555559694767,True,65.76407506702412,81,53,102,13,0,"Inspect pedestrian use, current shade and planting feasibility before choosing an intervention."
V04-20,100,50.150238037109375,0.0,1.8299999237060547,47.467071533203125,0.0,1.7799999713897705,0.0,2.777777910232544,100.0,48.80865478515625,0.0,False,,,,,,,
V04-21,100,50.478363037109375,0.0,1.8299999237060547,48.048126220703125,0.0,1.7799999713897705,0.0,2.0833332538604736,100.0,49.26324462890625,0.0,False,,,,,,,
V04-22,100,51.319183349609375,0.0,1.8399999141693115,48.90606689453125,0.0,1.7799999713897705,0.0,1.1944444179534912,100.0,50.11262512207031,0.0,False,,,,,,,
V04-23,100,51.351654052734375,0.0,1.8499999046325684,49.42388916015625,0.0,1.7999999523162842,2.3333334922790527,25.16666603088379,100.0,50.38777160644531,0.0,True,91.7024128686327,1,1,14,13,10,"Inspect pedestrian use, current shade and planting feasibility before choosing an intervention."
V04-24,100,51.317474365234375,0.1111111119389534,1.8499999046325684,49.10943603515625,0.0,1.7899999618530273,2.8888888359069824,36.861106872558594,100.0,50.21345520019531,0.0555555559694767,True,85.65683646112599,3,2,34,13,6,"Inspect pedestrian use, current shade and planting feasibility before choosing an intervention."
V04-25,100,50.611663818359375,2.277777671813965,1.8600000143051147,48.371124267578125,2.8333332538604736,1.7999999523162842,3.6111111640930176,30.25,100.0,49.49139404296875,2.5555554628372192,True,68.6058981233244,62,44,148,13,0,"Inspect pedestrian use, current shade and planting feasibility before choosing an intervention."
V04-26,95,48.48736572265625,23.80117416381836,1.8399999141693115,46.771514892578125,21.783628463745117,1.7799999713897705,9.327485084533691,82.71929168701172,95.0,47.62944030761719,22.79240131378174,True,34.12868632707775,290,221,351,13,0,"Inspect pedestrian use, current shade and planting feasibility before choosing an intervention."
V04-28,29,48.166046142578125,13.409961700439453,1.8399999141693115,46.768096923828125,11.11111068725586,1.7799999713897705,10.823755264282227,99.61685943603516,28.999999999999996,47.467071533203125,12.260536193847656,True,33.19034852546917,295,226,355,12,0,"Inspect pedestrian use, current shade and planting feasibility before choosing an intervention."
V04-29,100,47.502960205078125,28.72222328186035,1.8199999332427979,46.260528564453125,24.000001907348633,1.7649999856948853,10.805556297302246,94.27777099609375,100.0,46.881744384765625,26.361112594604492,True,24.664879356568363,334,266,397,13,0,"Inspect pedestrian use, current shade and planting feasibility before choosing an intervention."
V04-30,100,48.377960205078125,3.8333334922790527,1.8199999332427979,46.938995361328125,3.1666665077209473,1.7599999904632568,7.277777671813965,76.02777862548828,100.0,47.658477783203125,3.5,True,39.43699731903486,267,198,324,13,0,"Inspect pedestrian use, current shade and planting feasibility before choosing an intervention."
V04-31,100,48.89410400390625,1.2222223281860352,1.8199999332427979,47.019317626953125,0.4444444477558136,1.7599999904632568,5.111111640930176,61.41666030883789,100.0,47.95671081542969,0.8333333879709244,True,48.69973190348526,200,122,260,13,0,"Inspect pedestrian use, current shade and planting feasibility before choosing an intervention."
V04-32,100,48.79498291015625,0.0,1.8199999332427979,46.581817626953125,0.0,1.7599999904632568,0.0,6.111111164093018,100.0,47.68840026855469,0.0,False,,,,,,,
V04-33,100,48.82745361328125,0.0,1.8299999237060547,46.744171142578125,0.0,1.7599999904632568,0.0,0.5555555820465088,100.0,47.78581237792969,0.0,False,,,,,,,
V04-34,100,49.29058837890625,0.0,1.8199999332427979,47.074005126953125,0.0,1.7599999904632568,0.0,0.0,100.0,48.18229675292969,0.0,False,,,,,,,
V04-35,100,48.95733642578125,0.0,1.8199999332427979,47.268829345703125,0.0,1.75,0.0,0.0,100.0,48.11308288574219,0.0,False,,,,,,,
V04-36,70,49.793060302734375,0.0,1.8399999141693115,47.942169189453125,0.0,1.7699999809265137,0.0,0.0,77.77777777777779,48.86761474609375,0.0,False,,,,,,,
V05-02,79,52.353118896484375,0.0,1.8399999141693115,47.957550048828125,0.0,1.7799999713897705,0.0,0.0,79.0,50.15533447265625,0.0,False,,,,,,,
V05-03,100,51.801116943359375,0.0,1.8299999237060547,47.449981689453125,0.0,1.7799999713897705,0.0,0.0,100.0,49.62554931640625,0.0,False,,,,,,,
V05-04,100,52.6231689453125,0.0,1.8299999237060547,47.340606689453125,0.0,1.7699999809265137,0.0,0.0,100.0,49.98188781738281,0.0,False,,,,,,,
V05-05,100,53.0572509765625,0.0,1.8299999237060547,47.467071533203125,0.0,1.7599999904632568,0.0,0.0,100.0,50.26216125488281,0.0,False,,,,,,,
V05-06,100,53.0469970703125,0.0,1.8299999237060547,47.549102783203125,0.0,1.7599999904632568,0.0,0.0,100.0,50.29804992675781,0.0,False,,,,,,,
V05-07,100,53.2742919921875,0.0,1.8199999332427979,47.366241455078125,0.0,1.75,0.0,0.0,100.0,50.32026672363281,0.0,False,,,,,,,
V05-08,100,52.476165771484375,0.0,1.8199999332427979,47.332061767578125,0.0,1.75,0.0,0.0,100.0,49.90411376953125,0.0,False,,,,,,,
V05-09,100,52.247161865234375,0.0,1.8199999332427979,47.656768798828125,0.0,1.75,0.0,0.0,100.0,49.95196533203125,0.0,False,,,,,,,
V05-10,100,52.050628662109375,0.0,1.8199999332427979,47.866973876953125,0.0,1.7599999904632568,0.0,0.1666666716337204,100.0,49.95880126953125,0.0,False,,,,,,,
V05-11,100,52.306976318359375,0.0,1.8199999332427979,48.131866455078125,0.0,1.75,0.0,0.0,100.0,50.21942138671875,0.0,False,,,,,,,
V05-12,100,52.450531005859375,0.0,1.809999942779541,48.029327392578125,0.0,1.75,0.0,0.0,100.0,50.23992919921875,0.0,False,,,,,,,
V05-13,100,51.883148193359375,0.0,1.8199999332427979,47.937042236328125,0.0,1.7599999904632568,0.0,0.0,100.0,49.91009521484375,0.0,False,,,,,,,
V05-14,100,52.219818115234375,0.0,1.8199999332427979,48.220733642578125,0.0,1.75,0.0,0.0,100.0,50.22027587890625,0.0,False,,,,,,,
V05-15,92,52.018157958984375,0.0,1.8199999332427979,48.017364501953125,0.0,1.7599999904632568,0.0,30.46497344970703,92.0,50.01776123046875,0.0,True,80.01340482573727,17,12,25,13,0,"Inspect pedestrian use, current shade and planting feasibility before choosing an intervention."
V05-16,100,50.903900146484375,0.5,1.8199999332427979,47.608917236328125,0.3888888955116272,1.7649999856948853,0.0,67.36111450195312,100.0,49.25640869140625,0.4444444477558136,True,61.28686327077748,108,50,152,13,0,"Inspect pedestrian use, current shade and planting feasibility before choosing an intervention."
V05-17,100,51.213226318359375,0.2222222238779068,1.8399999141693115,48.036163330078125,0.1111111119389534,1.7799999713897705,0.0,99.88888549804688,100.0,49.62469482421875,0.1666666679084301,True,68.08310991957104,64,32,95,13,0,"Inspect pedestrian use, current shade and planting feasibility before choosing an intervention."
V05-18,100,50.531341552734375,0.4444444477558136,1.8399999141693115,48.090850830078125,0.2222222238779068,1.7899999618530273,0.0,100.0,100.0,49.31109619140625,0.3333333358168602,True,63.09651474530832,99,66,134,13,0,"Inspect pedestrian use, current shade and planting feasibility before choosing an intervention."
V05-19,100,51.127777099609375,0.2222222238779068,1.8600000143051147,48.56427001953125,0.2222222238779068,1.7999999523162842,0.0,99.22222137451172,100.0,49.84602355957031,0.2222222238779068,True,69.54423592493299,56,32,90,13,0,"Inspect pedestrian use, current shade and planting feasibility before choosing an intervention."
V05-20,100,50.820159912109375,0.1111111119389534,1.8499999046325684,48.171173095703125,0.0,1.7999999523162842,0.0,81.11111450195312,100.0,49.49566650390625,0.0555555559694767,True,69.65147453083111,55,36,83,13,0,"Inspect pedestrian use, current shade and planting feasibility before choosing an intervention."
V05-21,100,50.399749755859375,0.5555555820465088,1.8299999237060547,48.075469970703125,0.6111111044883728,1.7799999713897705,0.0,27.27777862548828,100.0,49.23760986328125,0.5833333432674408,True,60.21447721179625,117,80,161,13,0,"Inspect pedestrian use, current shade and planting feasibility before choosing an intervention."
V05-22,100,50.914154052734375,0.0,1.8299999237060547,48.65142822265625,0.0,1.7699999809265137,0.0,23.69444465637207,100.0,49.78279113769531,0.0,True,78.1367292225201,24,17,78,13,0,"Inspect pedestrian use, current shade and planting feasibility before choosing an intervention."
V05-23,100,50.445892333984375,6.777777671813965,1.8399999141693115,47.504669189453125,5.94444465637207,1.7799999713897705,14.38888931274414,68.13888549804688,100.0,48.97528076171875,6.361111164093018,True,61.635388739946386,106,73,223,13,0,"Inspect pedestrian use, current shade and planting feasibility before choosing an intervention."
V05-24,100,50.521087646484375,2.8888888359069824,1.8299999237060547,48.114776611328125,2.3888890743255615,1.7699999809265137,3.222222328186035,79.36111450195312,100.0,49.31793212890625,2.638888955116272,True,66.40750670241286,75,57,165,13,0,"Inspect pedestrian use, current shade and planting feasibility before choosing an intervention."
V05-25,100,48.97784423828125,9.027777671813965,1.8499999046325684,47.417510986328125,7.694444179534912,1.7899999618530273,10.666665077209473,97.63888549804688,100.0,48.19767761230469,8.361110925674438,True,47.426273458445046,215,152,290,13,0,"Inspect pedestrian use, current shade and planting feasibility before choosing an intervention."
V05-26,100,47.762725830078125,24.75,1.8299999237060547,46.655303955078125,22.25,1.7799999713897705,17.38888931274414,99.33332824707031,100.0,47.209014892578125,23.5,True,27.962466487935657,318,252,382,13,0,"Inspect pedestrian use, current shade and planting feasibility before choosing an intervention."
V05-27,88,46.708282470703125,26.16792869567871,1.8299999237060547,45.848663330078125,23.516414642333984,1.7799999713897705,17.266414642333984,99.9368667602539,88.0,46.278472900390625,24.842171669006348,True,22.78820375335121,343,272,406,13,0,"Inspect pedestrian use, current shade and planting feasibility before choosing an intervention."
V05-28,73,47.889190673828125,14.764081001281738,1.8399999141693115,46.716827392578125,12.36681842803955,1.7899999618530273,12.899543762207031,97.5266342163086,73.0,47.303009033203125,13.565449714660645,True,30.723860589812336,306,236,366,13,0,"Inspect pedestrian use, current shade and planting feasibility before choosing an intervention."
V05-29,100,47.685821533203125,29.11111068725586,1.8299999237060547,46.398956298828125,27.055553436279297,1.7799999713897705,11.138888359069824,85.50000762939453,100.0,47.042388916015625,28.083332061767578,True,26.16621983914209,330,260,394,13,0,"Inspect pedestrian use, current shade and planting feasibility before choosing an intervention."
V05-30,100,48.74371337890625,7.972222328186035,1.8199999332427979,47.169708251953125,6.972221851348877,1.7599999904632568,1.9444442987442017,88.16666412353516,100.0,47.95671081542969,7.472222089767456,True,40.871313672922255,259,191,314,13,0,"Inspect pedestrian use, current shade and planting feasibility before choosing an intervention."
V05-31,100,49.29742431640625,0.0555555559694767,1.8199999332427979,47.668731689453125,0.0555555559694767,1.7599999904632568,1.1111111640930176,33.69444274902344,100.0,48.48307800292969,0.0555555559694767,True,64.04825737265416,91,45,166,13,0,"Inspect pedestrian use, current shade and planting feasibility before choosing an intervention."
V05-32,100,48.92999267578125,0.0,1.8199999332427979,47.104766845703125,0.0,1.7599999904632568,0.0,15.777776718139648,100.0,48.01737976074219,0.0,True,52.26541554959786,176,119,229,12,0,"Inspect pedestrian use, current shade and planting feasibility before choosing an intervention."
V05-33,100,48.302764892578125,0.0,1.8199999332427979,46.304962158203125,0.0,1.7599999904632568,0.0,5.277777671813965,100.0,47.303863525390625,0.0,False,,,,,,,
V05-34,100,48.89923095703125,0.0,1.8199999332427979,46.944122314453125,0.0,1.7599999904632568,0.0,0.7777777910232544,100.0,47.92167663574219,0.0,False,,,,,,,
V05-35,100,49.30938720703125,0.0,1.8199999332427979,47.314971923828125,0.0,1.75,0.0,0.0,100.0,48.31217956542969,0.0,False,,,,,,,
V05-36,70,49.11114501953125,0.0,1.8299999237060547,47.229522705078125,0.0,1.7599999904632568,0.0,0.0,77.77777777777779,48.17033386230469,0.0,False,,,,,,,
V06-02,97,52.7872314453125,0.0,1.8299999237060547,47.923370361328125,0.0,1.7699999809265137,0.0,0.0,97.0,50.35530090332031,0.0,False,,,,,,,
V06-03,100,51.937835693359375,0.0,1.8399999141693115,47.405548095703125,0.0,1.7799999713897705,0.0,0.0,100.0,49.67169189453125,0.0,False,,,,,,,
V06-04,100,53.0401611328125,0.0,1.8199999332427979,47.624298095703125,0.0,1.7599999904632568,0.0,0.0,100.0,50.33222961425781,0.0,False,,,,,,,
V06-05,100,52.8555908203125,0.0,1.8299999237060547,47.702911376953125,0.0,1.7599999904632568,0.0,0.0,100.0,50.27925109863281,0.0,False,,,,,,,
V06-06,100,52.8966064453125,0.0,1.8199999332427979,47.778106689453125,0.0,1.7599999904632568,0.0,0.0,100.0,50.33735656738281,0.0,False,,,,,,,
V06-07,100,52.6812744140625,0.0,1.809999942779541,47.212432861328125,0.0,1.75,0.0,0.0,100.0,49.94685363769531,0.0,False,,,,,,,
V06-08,100,51.958343505859375,0.0,1.809999942779541,47.050079345703125,0.0,1.75,0.0,0.0,100.0,49.50421142578125,0.0,False,,,,,,,
V06-09,100,51.601165771484375,0.0,1.809999942779541,46.918487548828125,0.0,1.75,0.0,0.0,100.0,49.25982666015625,0.0,False,,,,,,,
V06-10,100,50.895355224609375,0.0,1.809999942779541,46.880889892578125,0.0,1.75,0.0,0.0,100.0,48.88812255859375,0.0,False,,,,,,,
V06-11,100,51.307220458984375,0.0,1.809999942779541,47.538848876953125,0.0,1.75,0.0,0.0,100.0,49.42303466796875,0.0,False,,,,,,,
V06-12,100,51.784027099609375,0.0,1.809999942779541,47.990020751953125,0.0,1.7599999904632568,0.0,0.0,100.0,49.88702392578125,0.0,False,,,,,,,
V06-13,100,51.835296630859375,0.0,1.809999942779541,48.321563720703125,0.0,1.75,0.0,0.0,100.0,50.07843017578125,0.0,False,,,,,,,
V06-14,100,52.048919677734375,0.0,1.8199999332427979,48.323272705078125,0.0,1.7599999904632568,0.0,0.0,100.0,50.18609619140625,0.0,False,,,,,,,
V06-15,100,51.635345458984375,0.0,1.8199999332427979,47.316680908203125,0.3333333432674408,1.7599999904632568,0.0,8.30555534362793,100.0,49.47601318359375,0.1666666716337204,False,,,,,,,
V06-16,100,51.144866943359375,0.8333333730697632,1.8299999237060547,47.602081298828125,0.8333333730697632,1.7699999809265137,0.0,57.111106872558594,100.0,49.37347412109375,0.8333333730697632,True,60.76407506702414,113,45,162,13,0,"Inspect pedestrian use, current shade and planting feasibility before choosing an intervention."
V06-17,100,50.881683349609375,0.3333333432674408,1.8499999046325684,48.242950439453125,0.1111111119389534,1.7899999618530273,0.0,87.75,100.0,49.56231689453125,0.2222222276031971,True,66.27345844504022,78,38,106,13,0,"Inspect pedestrian use, current shade and planting feasibility before choosing an intervention."
V06-18,100,50.625335693359375,0.0,1.8499999046325684,48.227569580078125,0.1111111119389534,1.7999999523162842,0.0,100.0,100.0,49.42645263671875,0.0555555559694767,True,68.98123324396784,60,39,87,13,0,"Inspect pedestrian use, current shade and planting feasibility before choosing an intervention."
V06-19,100,50.905609130859375,0.0,1.8799999952316284,48.46514892578125,0.1111111119389534,1.8199999332427979,0.0,99.66666412353516,100.0,49.68537902832031,0.0555555559694767,True,71.79624664879357,44,28,71,13,0,"Inspect pedestrian use, current shade and planting feasibility before choosing an intervention."
V06-20,100,51.175628662109375,0.0,1.8700000047683716,49.08892822265625,0.0,1.809999942779541,0.0,95.02777862548828,100.0,50.13227844238281,0.0,True,80.68364611260054,15,11,27,13,0,"Inspect pedestrian use, current shade and planting feasibility before choosing an intervention."
V06-21,100,50.580902099609375,2.3333334922790527,1.8399999141693115,48.60015869140625,2.5,1.7799999713897705,0.0,26.36111068725586,100.0,49.59053039550781,2.4166667461395264,True,59.39678284182306,123,51,186,13,0,"Inspect pedestrian use, current shade and planting feasibility before choosing an intervention."
V06-22,100,49.837493896484375,0.0,1.8199999332427979,47.215850830078125,0.0,1.7699999809265137,0.0,6.1666669845581055,100.0,48.52667236328125,0.0,False,,,,,,,
V06-23,100,49.639251708984375,1.4444444179534912,1.8199999332427979,46.855255126953125,1.4444444179534912,1.7599999904632568,5.388889312744141,17.97222137451172,100.0,48.24725341796875,1.4444444179534912,True,52.520107238605895,175,115,249,13,0,"Inspect pedestrian use, current shade and planting feasibility before choosing an intervention."
V06-24,100,48.52325439453125,0.5555555820465088,1.8199999332427979,46.142608642578125,0.4444444477558136,1.7699999809265137,20.166667938232422,67.5,100.0,47.33293151855469,0.5000000149011612,True,42.62734584450402,251,150,310,13,0,"Inspect pedestrian use, current shade and planting feasibility before choosing an intervention."
V06-25,100,48.91290283203125,10.027777671813965,1.809999942779541,46.626251220703125,7.472222328186035,1.75,7.0,43.44444274902344,100.0,47.76957702636719,8.75,True,38.55227882037533,274,205,327,13,0,"Inspect pedestrian use, current shade and planting feasibility before choosing an intervention."
V06-26,100,47.164581298828125,24.083332061767578,1.809999942779541,46.099884033203125,20.08333396911621,1.7599999904632568,17.055557250976562,92.08333587646484,100.0,46.632232666015625,22.083333015441895,True,23.860589812332446,335,268,399,13,0,"Inspect pedestrian use, current shade and planting feasibility before choosing an intervention."
V06-27,100,47.487579345703125,21.694446563720703,1.809999942779541,46.450225830078125,20.13888931274414,1.7599999904632568,13.88888931274414,79.55555725097656,100.0,46.968902587890625,20.916667938232422,True,26.48793565683646,328,258,392,13,0,"Inspect pedestrian use, current shade and planting feasibility before choosing an intervention."
V06-28,100,47.412384033203125,12.0,1.809999942779541,46.345977783203125,11.44444465637207,1.7599999904632568,27.83333396911621,93.30555725097656,100.0,46.879180908203125,11.722222328186035,True,28.01608579088472,317,250,383,13,0,"Inspect pedestrian use, current shade and planting feasibility before choosing an intervention."
V06-29,100,47.844757080078125,15.277778625488281,1.809999942779541,46.733917236328125,11.222221374511719,1.7599999904632568,2.1666667461395264,95.8888931274414,100.0,47.289337158203125,13.25,True,28.31099195710456,316,249,379,13,0,"Inspect pedestrian use, current shade and planting feasibility before choosing an intervention."
V06-30,100,48.287384033203125,11.472221374511719,1.8199999332427979,46.968048095703125,10.749999046325684,1.7599999904632568,0.6666666865348816,97.44444274902344,100.0,47.627716064453125,11.111110210418701,True,33.002680965147455,297,227,356,13,0,"Inspect pedestrian use, current shade and planting feasibility before choosing an intervention."
V06-31,100,48.135284423828125,6.111111164093018,1.809999942779541,46.385284423828125,4.611110687255859,1.75,0.0,82.27778625488281,100.0,47.260284423828125,5.3611109256744385,True,20.965147453083112,349,275,414,13,0,"Inspect pedestrian use, current shade and planting feasibility before choosing an intervention."
V06-32,100,48.287384033203125,2.722222328186035,1.809999942779541,46.636505126953125,1.5,1.75,0.0,52.52777862548828,100.0,47.461944580078125,2.1111111640930176,True,26.89008042895442,325,248,389,13,0,"Inspect pedestrian use, current shade and planting feasibility before choosing an intervention."
V06-33,100,48.217315673828125,1.2222222089767456,1.8199999332427979,46.260528564453125,0.3333333432674408,1.7599999904632568,0.0,32.72222137451172,100.0,47.238922119140625,0.7777777761220932,True,26.86327077747989,326,253,393,13,0,"Inspect pedestrian use, current shade and planting feasibility before choosing an intervention."
V06-34,100,49.22564697265625,1.6666667461395264,1.8199999332427979,47.783233642578125,1.111111044883728,1.7599999904632568,0.0,10.222222328186035,100.0,48.50444030761719,1.3888888955116272,True,45.81769436997319,227,164,281,12,0,"Inspect pedestrian use, current shade and planting feasibility before choosing an intervention."
V06-35,100,49.711029052734375,0.2222222238779068,1.8199999332427979,47.813995361328125,0.1111111119389534,1.7599999904632568,0.0,0.0,100.0,48.76251220703125,0.1666666679084301,False,,,,,,,
V06-36,70,50.321136474609375,0.0,1.8199999332427979,47.793487548828125,0.0,1.7599999904632568,0.0,0.0,77.77777777777779,49.05731201171875,0.0,False,,,,,,,
V07-02,100,52.9581298828125,0.0,1.84499990940094,48.147247314453125,0.0,1.784999966621399,0.0,0.0,100.0,50.55268859863281,0.0,False,,,,,,,
V07-03,100,52.026702880859375,0.0,1.8299999237060547,47.164581298828125,0.0,1.7699999809265137,0.0,0.0,100.0,49.59564208984375,0.0,False,,,,,,,
V07-04,100,53.2025146484375,0.0,1.8399999141693115,48.039581298828125,0.0,1.7799999713897705,0.0,0.0,100.0,50.62104797363281,0.0,False,,,,,,,
V07-05,100,52.8555908203125,0.0,1.8299999237060547,47.926788330078125,0.0,1.7699999809265137,0.0,0.0,100.0,50.39118957519531,0.0,False,,,,,,,
V07-06,100,52.8897705078125,0.0,1.8299999237060547,48.032745361328125,0.0,1.7699999809265137,0.0,0.0,100.0,50.46125793457031,0.0,False,,,,,,,
V07-07,100,53.0093994140625,0.0,1.8299999237060547,47.670440673828125,0.0,1.7699999809265137,0.0,0.0,100.0,50.33992004394531,0.0,False,,,,,,,
V07-08,100,52.185638427734375,0.0,1.8199999332427979,47.398712158203125,0.0,1.7599999904632568,0.0,0.0,100.0,49.79217529296875,0.0,False,,,,,,,
V07-09,100,51.214935302734375,0.0,1.8199999332427979,46.942413330078125,0.0,1.7599999904632568,0.0,0.0,100.0,49.07867431640625,0.0,False,,,,,,,
V07-10,100,51.563568115234375,0.0,1.8199999332427979,47.313262939453125,0.0,1.7599999904632568,0.0,0.0,100.0,49.43841552734375,0.0,False,,,,,,,
V07-11,100,51.344818115234375,0.0,1.809999942779541,47.431182861328125,0.0,1.75,0.0,0.0,100.0,49.38800048828125,0.0,False,,,,,,,
V07-12,100,51.756683349609375,0.0,1.8199999332427979,48.207061767578125,0.0,1.7599999904632568,0.0,0.0,100.0,49.98187255859375,0.0,False,,,,,,,
V07-13,100,51.517425537109375,0.0,1.809999942779541,48.412139892578125,0.0,1.7599999904632568,0.0,0.0,100.0,49.96478271484375,0.0,False,,,,,,,
V07-14,100,51.004730224609375,0.0,1.809999942779541,47.892608642578125,0.0,1.7549999952316284,0.0,0.4444444477558136,100.0,49.44866943359375,0.0,False,,,,,,,
V07-15,100,50.358734130859375,0.0,1.8299999237060547,47.441436767578125,0.0,1.7699999809265137,0.0,54.19444274902344,100.0,48.90008544921875,0.0,True,67.81501340482575,65,43,113,13,0,"Inspect pedestrian use, current shade and planting feasibility before choosing an intervention."
V07-16,100,51.066253662109375,0.0,1.8299999237060547,48.292510986328125,0.0,1.7799999713897705,0.0,85.22222900390625,100.0,49.67938232421875,0.0,True,77.33243967828417,27,21,42,13,0,"Inspect pedestrian use, current shade and planting feasibility before choosing an intervention."
V07-17,100,50.917572021484375,0.2222222238779068,1.8299999237060547,48.237823486328125,0.0,1.7799999713897705,0.0,37.69444274902344,100.0,49.57769775390625,0.1111111119389534,True,68.43163538873995,63,35,91,13,0,"Inspect pedestrian use, current shade and planting feasibility before choosing an intervention."
V07-18,100,51.067962646484375,0.02777777798473835,1.8499999046325684,48.67535400390625,0.02777777798473835,1.7899999618530273,0.0,77.94444274902344,100.0,49.87165832519531,0.02777777798473835,True,74.35656836461126,35,26,52,13,0,"Inspect pedestrian use, current shade and planting feasibility before choosing an intervention."
V07-19,100,51.300384521484375,0.8055555820465088,1.84499990940094,48.60186767578125,0.6944444179534912,1.7899999618530273,0.0,64.63888549804688,100.0,49.95112609863281,0.75,True,66.52815013404826,73,26,126,13,0,"Inspect pedestrian use, current shade and planting feasibility before choosing an intervention."
V07-20,100,50.674896240234375,0.0,1.8499999046325684,48.45831298828125,0.0,1.7899999618530273,0.0,43.69444274902344,100.0,49.56660461425781,0.0,True,75.857908847185,31,24,53,13,0,"Inspect pedestrian use, current shade and planting feasibility before choosing an intervention."
V07-21,100,49.38116455078125,0.0,1.8299999237060547,47.494415283203125,0.0,1.7799999713897705,0.0,12.94444465637207,100.0,48.43778991699219,0.0,True,59.77211796246649,121,85,173,12,0,"Inspect pedestrian use, current shade and planting feasibility before choosing an intervention."
V07-22,100,48.256622314453125,0.0,1.8199999332427979,46.318634033203125,0.0,1.7599999904632568,0.0,0.0,100.0,47.287628173828125,0.0,False,,,,,,,
V07-23,99,48.75396728515625,0.0,1.8299999237060547,46.672393798828125,0.0,1.7699999809265137,0.0,0.0,99.0,47.71318054199219,0.0,False,,,,,,,
V07-24,76,48.53521728515625,0.0,1.8199999332427979,46.310089111328125,0.0,1.7699999809265137,0.0,0.1461988389492035,76.0,47.42265319824219,0.0,False,,,,,,,
V07-25,100,48.42753601074219,0.0,1.8199999332427979,46.224639892578125,0.0,1.7599999904632568,0.0,0.0555555559694767,100.0,47.326087951660156,0.0,False,,,,,,,
V07-26,100,48.57452392578125,0.4444444477558136,1.8199999332427979,46.884307861328125,0.2222222238779068,1.7599999904632568,5.055555820465088,44.361114501953125,100.0,47.72941589355469,0.3333333358168602,True,48.35120643431635,204,127,263,13,0,"Inspect pedestrian use, current shade and planting feasibility before choosing an intervention."
V07-27,100,48.148956298828125,8.333333969116211,1.8299999237060547,47.044952392578125,6.333333969116211,1.7799999713897705,7.222222328186035,79.55554962158203,100.0,47.596954345703125,7.333333969116211,True,37.10455764075067,280,213,342,13,0,"Inspect pedestrian use, current shade and planting feasibility before choosing an intervention."
V07-28,100,47.860137939453125,11.11111068725586,1.8199999332427979,46.956085205078125,9.666666984558105,1.7699999809265137,1.8333332538604736,90.86111450195312,100.0,47.408111572265625,10.388888835906982,True,30.777479892761395,305,237,364,13,0,"Inspect pedestrian use, current shade and planting feasibility before choosing an intervention."
V07-29,100,47.108184814453125,11.11111068725586,1.8199999332427979,46.378448486328125,8.88888931274414,1.7699999809265137,0.0,94.5,100.0,46.743316650390625,10.0,True,14.798927613941022,365,288,429,13,0,"Inspect pedestrian use, current shade and planting feasibility before choosing an intervention."
V07-30,100,47.996856689453125,8.611111640930176,1.8199999332427979,46.592071533203125,7.6666669845581055,1.7599999904632568,0.0,93.6388931274414,100.0,47.294464111328125,8.13888931274414,True,20.56300268096515,350,276,416,13,0,"Inspect pedestrian use, current shade and planting feasibility before choosing an intervention."
V07-31,100,48.266876220703125,4.1666669845581055,1.8199999332427979,46.846710205078125,2.6666665077209473,1.7699999809265137,0.0,69.38888549804688,100.0,47.556793212890625,3.4166667461395264,True,27.05093833780161,322,247,390,13,0,"Inspect pedestrian use, current shade and planting feasibility before choosing an intervention."
V07-32,100,47.933624267578125,0.2222222238779068,1.809999942779541,46.621124267578125,0.0,1.7599999904632568,0.0,9.527777671813965,100.0,47.277374267578125,0.1111111119389534,False,,,,,,,
V07-33,100,48.357452392578125,0.0,1.8199999332427979,46.559600830078125,0.0,1.7599999904632568,0.0,0.0,100.0,47.458526611328125,0.0,False,,,,,,,
V07-34,95,48.53863525390625,0.0,1.8499999046325684,46.942413330078125,0.0,1.7999999523162842,0.0,1.0526316165924072,95.0,47.74052429199219,0.0,False,,,,,,,
V07-35,89,48.319854736328125,0.0,1.8199999332427979,46.542510986328125,0.0,1.7599999904632568,0.0,0.0,89.0,47.431182861328125,0.0,False,,,,,,,
V07-36,70,49.902435302734375,0.0,1.8299999237060547,47.366241455078125,0.0,1.7599999904632568,0.0,0.0,77.77777777777779,48.63433837890625,0.0,False,,,,,,,
V08-01,42,52.9495849609375,0.0,1.8299999237060547,47.986602783203125,0.0,1.7699999809265137,0.0,0.0,42.0,50.46809387207031,0.0,False,,,,,,,
V08-02,100,52.8094482421875,0.0,1.8299999237060547,47.868682861328125,0.0,1.7699999809265137,0.0,0.0,100.0,50.33906555175781,0.0,False,,,,,,,
V08-03,100,52.6949462890625,0.0,1.8399999141693115,47.658477783203125,0.0,1.7799999713897705,0.0,0.0,100.0,50.17671203613281,0.0,False,,,,,,,
V08-04,100,52.9000244140625,0.0,1.8399999141693115,48.061798095703125,0.0,1.7799999713897705,0.0,0.0,100.0,50.48091125488281,0.0,False,,,,,,,
V08-05,100,53.1734619140625,0.0,1.8199999332427979,48.50958251953125,0.0,1.7599999904632568,0.0,0.0,100.0,50.841522216796875,0.0,False,,,,,,,
V08-06,100,52.9547119140625,0.0,1.8199999332427979,48.318145751953125,0.0,1.7599999904632568,0.0,0.0,100.0,50.63642883300781,0.0,False,,,,,,,
V08-07,100,52.6351318359375,0.0,1.8299999237060547,47.567901611328125,0.0,1.7699999809265137,0.0,0.0,100.0,50.10151672363281,0.0,False,,,,,,,
V08-08,100,51.903656005859375,0.0,1.8199999332427979,47.296173095703125,0.0,1.7599999904632568,0.0,0.0,100.0,49.59991455078125,0.0,False,,,,,,,
V08-09,100,51.127777099609375,0.0,1.8299999237060547,47.046661376953125,0.0,1.7699999809265137,0.0,0.0,100.0,49.08721923828125,0.0,False,,,,,,,
V08-10,100,51.452484130859375,0.0,1.8199999332427979,47.058624267578125,0.0,1.75,0.0,0.0,100.0,49.25555419921875,0.0,False,,,,,,,
V08-11,100,51.536224365234375,0.0,1.809999942779541,46.988555908203125,0.0,1.75,0.0,0.0,100.0,49.26239013671875,0.0,False,,,,,,,
V08-12,100,51.346527099609375,0.0,1.8199999332427979,47.655059814453125,0.0,1.7699999809265137,0.0,0.0,100.0,49.50079345703125,0.0,False,,,,,,,
V08-13,100,50.999603271484375,0.0,1.8199999332427979,48.125030517578125,0.0,1.7699999809265137,0.0,0.0,100.0,49.56231689453125,0.0,False,,,,,,,
V08-14,100,50.538177490234375,0.0,1.8299999237060547,47.839630126953125,0.0,1.7799999713897705,0.0,0.0,100.0,49.18890380859375,0.0,False,,,,,,,
V08-15,100,49.736663818359375,0.0,1.8199999332427979,47.190216064453125,0.0,1.7699999809265137,0.0,5.416666507720947,100.0,48.46343994140625,0.0,False,,,,,,,
V08-16,100,49.17095947265625,18.44444465637207,1.8199999332427979,46.653594970703125,17.77777671813965,1.7699999809265137,0.0,55.94445037841797,100.0,47.91227722167969,18.11111068725586,True,27.05093833780161,323,244,386,13,0,"Inspect pedestrian use, current shade and planting feasibility before choosing an intervention."
V08-17,100,50.285247802734375,0.1111111119389534,1.8299999237060547,47.820831298828125,0.0555555559694767,1.7699999809265137,0.0,71.66666412353516,100.0,49.05303955078125,0.08333333395421505,True,62.747989276139414,101,61,126,13,0,"Inspect pedestrian use, current shade and planting feasibility before choosing an intervention."
V08-18,100,49.516204833984375,14.69444465637207,1.8299999237060547,47.140655517578125,11.75,1.7699999809265137,0.0,58.111106872558594,100.0,48.32843017578125,13.222222328186035,True,35.79088471849865,287,186,346,13,0,"Inspect pedestrian use, current shade and planting feasibility before choosing an intervention."
V08-19,100,50.302337646484375,18.13888931274414,1.8299999237060547,47.904571533203125,18.30555534362793,1.7699999809265137,0.0,24.72222328186035,100.0,49.10345458984375,18.222222328186035,True,46.943699731903486,218,95,283,13,0,"Inspect pedestrian use, current shade and planting feasibility before choosing an intervention."
V08-20,100,49.38116455078125,0.0,1.8199999332427979,47.296173095703125,0.0,1.7699999809265137,0.0,16.80555534362793,100.0,48.33866882324219,0.0,True,58.43163538873994,130,89,183,12,0,"Inspect pedestrian use, current shade and planting feasibility before choosing an intervention."
V08-21,100,47.907989501953125,0.0,1.8299999237060547,46.257110595703125,0.0,1.7799999713897705,0.0,0.0,100.0,47.082550048828125,0.0,False,,,,,,,
V08-22,100,47.241485595703125,0.0,1.809999942779541,45.735870361328125,0.0,1.7599999904632568,0.0,0.0,100.0,46.488677978515625,0.0,False,,,,,,,
V08-23,100,48.98980712890625,0.0,1.8299999237060547,47.091094970703125,0.0,1.7799999713897705,0.0,0.0,100.0,48.04045104980469,0.0,False,,,,,,,
V08-24,92,48.67706298828125,0.0,1.8499999046325684,47.123565673828125,0.0,1.7999999523162842,0.0,0.0,92.0,47.90031433105469,0.0,False,,,,,,,
V08-25,100,48.342071533203125,0.0,1.8199999332427979,46.952667236328125,0.0,1.7699999809265137,0.0,0.0,100.0,47.647369384765625,0.0,False,,,,,,,
V08-26,100,47.836212158203125,0.0,1.8299999237060547,46.663848876953125,0.0,1.7799999713897705,0.0,0.0,100.0,47.250030517578125,0.0,False,,,,,,,
V08-27,100,48.152374267578125,0.2222222238779068,1.8399999141693115,47.021026611328125,0.0,1.7899999618530273,0.0,2.277777910232544,100.0,47.586700439453125,0.1111111119389534,False,,,,,,,
V08-28,100,47.899444580078125,0.4444444477558136,1.809999942779541,47.550811767578125,0.3333333432674408,1.7599999904632568,7.555556297302246,44.52777862548828,100.0,47.725128173828125,0.3888888955116272,True,48.40482573726541,203,117,264,13,0,"Inspect pedestrian use, current shade and planting feasibility before choosing an intervention."
V08-29,100,47.439727783203125,5.111111164093018,1.8199999332427979,46.621124267578125,3.4444446563720703,1.7599999904632568,0.8888888955116272,92.77777862548828,100.0,47.030426025390625,4.277777910232544,True,28.471849865951746,315,251,378,13,0,"Inspect pedestrian use, current shade and planting feasibility before choosing an intervention."
V08-30,100,48.012237548828125,3.3333330154418945,1.8399999141693115,46.879180908203125,2.222222328186035,1.7799999713897705,0.0,35.19444274902344,100.0,47.445709228515625,2.777777671813965,True,25.174262734584445,331,256,395,13,0,"Inspect pedestrian use, current shade and planting feasibility before choosing an intervention."
V08-31,98,48.69586181640625,2.125850200653076,1.8550000190734863,47.410675048828125,1.1054421663284302,1.7999999523162842,0.0,0.17006804049015045,98.0,48.05326843261719,1.6156461834907532,False,,,,,,,
V08-32,100,48.47027587890625,5.30555534362793,1.8600000143051147,46.651885986328125,3.6388888359069824,1.7999999523162842,0.0,0.0,100.0,47.56108093261719,4.472222089767456,False,,,,,,,
V08-33,100,48.266876220703125,0.0,1.8399999141693115,46.311798095703125,0.0,1.7799999713897705,0.0,0.0,100.0,47.289337158203125,0.0,False,,,,,,,
V08-34,99,48.371124267578125,0.0,1.8399999141693115,46.364776611328125,0.0,1.7699999809265137,0.0,0.0,99.0,47.367950439453125,0.0,False,,,,,,,
V08-35,97,48.60699462890625,0.0,1.8399999141693115,46.286163330078125,0.0,1.7799999713897705,0.0,0.0,97.0,47.44657897949219,0.0,False,,,,,,,
V08-36,28,49.878509521484375,0.0,1.8499999046325684,47.540557861328125,0.0,1.7899999618530273,0.0,0.0,31.11111111111111,48.70953369140625,0.0,False,,,,,,,
V09-01,63,52.5582275390625,0.0,1.8399999141693115,48.066925048828125,0.0,1.7799999713897705,0.0,0.0,63.0,50.31257629394531,0.0,False,,,,,,,
V09-02,100,52.6248779296875,0.0,1.8299999237060547,47.675567626953125,0.0,1.7699999809265137,0.0,0.0,100.0,50.15022277832031,0.0,False,,,,,,,
V09-03,100,53.0623779296875,0.0,1.8399999141693115,47.716583251953125,0.0,1.7799999713897705,0.0,0.0,100.0,50.38948059082031,0.0,False,,,,,,,
V09-04,100,53.1136474609375,0.0,1.8299999237060547,47.824249267578125,0.0,1.7699999809265137,0.0,0.0,100.0,50.46894836425781,0.0,False,,,,,,,
V09-05,100,53.0589599609375,0.0,1.8499999046325684,48.309600830078125,0.0,1.7899999618530273,0.0,0.0,100.0,50.68428039550781,0.0,False,,,,,,,
V09-06,100,53.2520751953125,0.0,1.8499999046325684,48.396759033203125,0.0,1.7899999618530273,0.0,0.0,100.0,50.82441711425781,0.0,False,,,,,,,
V09-07,100,53.0675048828125,0.0,1.8199999332427979,47.656768798828125,0.0,1.7599999904632568,0.0,0.0,100.0,50.36213684082031,0.0,False,,,,,,,
V09-08,100,52.178802490234375,0.0,1.8199999332427979,46.998809814453125,0.0,1.75,0.0,0.0,100.0,49.58880615234375,0.0,False,,,,,,,
V09-09,100,51.961761474609375,0.0,1.8199999332427979,46.768096923828125,0.0,1.75,0.0,0.0,100.0,49.36492919921875,0.0,False,,,,,,,
V09-10,100,52.067718505859375,0.0,1.8199999332427979,47.014190673828125,0.0,1.7599999904632568,0.0,0.0,100.0,49.54095458984375,0.0,False,,,,,,,
V09-11,100,51.271331787109375,0.0,1.8199999332427979,47.376495361328125,0.0,1.7599999904632568,0.0,0.0,100.0,49.32391357421875,0.0,False,,,,,,,
V09-12,100,51.409759521484375,0.0,1.8299999237060547,47.870391845703125,0.0,1.7699999809265137,0.0,0.0,100.0,49.64007568359375,0.0,False,,,,,,,
V09-13,100,51.091888427734375,0.0,1.8199999332427979,47.959259033203125,0.0,1.7699999809265137,0.0,0.0,100.0,49.52557373046875,0.0,False,,,,,,,
V09-14,100,50.690277099609375,0.0,1.8299999237060547,47.796905517578125,0.0,1.7699999809265137,0.0,0.0,100.0,49.24359130859375,0.0,False,,,,,,,
V09-15,100,49.28375244140625,0.0,1.809999942779541,46.923614501953125,0.0,1.7599999904632568,0.0,0.0,100.0,48.10368347167969,0.0,False,,,,,,,
V09-16,100,48.55743408203125,0.4444444477558136,1.809999942779541,46.740753173828125,0.1666666716337204,1.7599999904632568,0.0,4.8333330154418945,100.0,47.64909362792969,0.305555559694767,False,,,,,,,
V09-17,100,49.770843505859375,0.0,1.8299999237060547,47.925079345703125,0.0,1.7799999713897705,0.0,30.55555534362793,100.0,48.84796142578125,0.0,True,66.4745308310992,74,48,123,13,0,"Inspect pedestrian use, current shade and planting feasibility before choosing an intervention."
V09-18,100,49.36749267578125,9.0,1.8299999237060547,47.591827392578125,7.777777194976807,1.7799999713897705,0.0,22.72222137451172,100.0,48.47966003417969,8.388888597488403,True,40.02680965147453,262,167,319,13,0,"Inspect pedestrian use, current shade and planting feasibility before choosing an intervention."
V09-19,100,49.811859130859375,2.4444446563720703,1.8399999141693115,48.396759033203125,0.3333333432674408,1.7899999618530273,0.0,19.416667938232422,100.0,49.10430908203125,1.3888889998197556,True,55.12064343163539,157,94,201,12,0,"Inspect pedestrian use, current shade and planting feasibility before choosing an intervention."
V09-20,100,47.914825439453125,0.0,1.8299999237060547,46.667266845703125,0.0,1.7799999713897705,0.0,1.2500001192092896,100.0,47.291046142578125,0.0,False,,,,,,,
V09-21,100,48.003692626953125,0.0,1.8299999237060547,46.554473876953125,0.0,1.774999976158142,0.0,0.0,100.0,47.279083251953125,0.0,False,,,,,,,
V09-22,100,48.104522705078125,0.0,1.809999942779541,46.682647705078125,0.0,1.7599999904632568,0.0,0.0,100.0,47.393585205078125,0.0,False,,,,,,,
V09-23,100,50.151947021484375,0.0,1.8299999237060547,48.068634033203125,0.0,1.7799999713897705,0.0,0.0,100.0,49.11029052734375,0.0,False,,,,,,,
V09-24,100,50.353607177734375,0.0,1.8899999856948853,48.405303955078125,0.0,1.8399999141693115,0.0,0.0,100.0,49.37945556640625,0.0,False,,,,,,,
V09-25,100,49.43243408203125,0.0,1.8799999952316284,47.853302001953125,0.0,1.8199999332427979,0.0,0.0,100.0,48.64286804199219,0.0,False,,,,,,,
V09-26,100,48.86676025390625,0.0,1.8700000047683716,47.579864501953125,0.0,1.8199999332427979,0.0,0.5,100.0,48.22331237792969,0.0,False,,,,,,,
V09-27,100,48.160919189453125,0.0,1.8499999046325684,47.067169189453125,0.0,1.7999999523162842,0.0,0.0,100.0,47.614044189453125,0.0,False,,,,,,,
V09-28,100,48.166046142578125,0.0,1.8299999237060547,47.757598876953125,0.0,1.7899999618530273,0.0,0.0,100.0,47.961822509765625,0.0,False,,,,,,,
V09-29,90,47.861846923828125,0.0,1.8499999046325684,47.605499267578125,0.0,1.7999999523162842,0.0,5.925926208496094,90.0,47.733673095703125,0.0,False,,,,,,,
V09-30,44,47.687530517578125,1.8308080434799194,1.8799999952316284,46.855255126953125,1.704545497894287,1.8299999237060547,0.0,0.0,44.0,47.271392822265625,1.7676767706871033,False,,,,,,,
V09-31,39,45.616241455078125,36.53845977783203,1.899999976158142,45.171875,31.33902931213379,1.8499999046325684,0.0,0.0,39.0,45.39405822753906,33.93874454498291,False,,,,,,,
V09-32,40,46.622833251953125,19.72222328186035,1.8899999856948853,45.13427734375,16.31944465637207,1.834999918937683,0.0,0.0,40.0,45.87855529785156,18.02083396911621,False,,,,,,,
V09-33,93,48.99322509765625,0.0,1.8600000143051147,46.607452392578125,0.0,1.7999999523162842,0.0,0.0,93.0,47.80033874511719,0.0,False,,,,,,,
V09-34,100,49.25128173828125,0.0,1.8700000047683716,47.007354736328125,0.0,1.809999942779541,0.0,0.0,100.0,48.12931823730469,0.0,False,,,,,,,
V09-35,87,49.24957275390625,0.0,1.8600000143051147,46.833038330078125,0.0,1.7999999523162842,0.0,0.0,87.0,48.04130554199219,0.0,False,,,,,,,
V10-01,84,52.5274658203125,0.0,1.8299999237060547,48.053253173828125,0.0,1.7699999809265137,0.0,0.0,84.0,50.29035949707031,0.0,False,,,,,,,
V10-02,100,52.033538818359375,0.0,1.8399999141693115,47.379913330078125,0.0,1.7799999713897705,0.0,0.0,100.0,49.70672607421875,0.0,False,,,,,,,
V10-03,100,53.0281982421875,0.0,1.8399999141693115,47.882354736328125,0.0,1.7799999713897705,0.0,0.0,100.0,50.45527648925781,0.0,False,,,,,,,
V10-04,100,52.9410400390625,0.0,1.8299999237060547,48.068634033203125,0.0,1.7699999809265137,0.0,0.0,100.0,50.50483703613281,0.0,False,,,,,,,
V10-05,100,52.8983154296875,0.0,1.8299999237060547,48.251495361328125,0.0,1.7699999809265137,0.0,0.0,100.0,50.57490539550781,0.0,False,,,,,,,
V10-06,100,52.8316650390625,0.0,1.8199999332427979,48.265167236328125,0.0,1.7699999809265137,0.0,0.0,100.0,50.54841613769531,0.0,False,,,,,,,
V10-07,100,52.8419189453125,0.0,1.8199999332427979,47.502960205078125,0.0,1.75,0.0,0.0,100.0,50.17243957519531,0.0,False,,,,,,,
V10-08,100,52.257415771484375,0.0,1.8299999237060547,47.239776611328125,0.0,1.7699999809265137,0.0,0.0,100.0,49.74859619140625,0.0,False,,,,,,,
V10-09,100,51.908782958984375,0.0,1.8199999332427979,46.959503173828125,0.0,1.7599999904632568,0.0,0.0,100.0,49.43414306640625,0.0,False,,,,,,,
V10-10,100,51.057708740234375,0.0,1.809999942779541,46.463897705078125,0.0,1.75,0.0,0.0,100.0,48.76080322265625,0.0,False,,,,,,,
V10-11,100,50.577484130859375,0.0,1.809999942779541,46.639923095703125,0.0,1.7599999904632568,0.0,0.0,100.0,48.60870361328125,0.0,False,,,,,,,
V10-12,100,50.574066162109375,0.0,1.809999942779541,47.227813720703125,0.0,1.75,0.0,0.0,100.0,48.90093994140625,0.0,False,,,,,,,
V10-13,100,50.852630615234375,0.0,1.809999942779541,47.925079345703125,0.0,1.7599999904632568,0.0,0.0,100.0,49.38885498046875,0.0,False,,,,,,,
V10-14,100,50.486907958984375,0.0,1.809999942779541,47.858428955078125,0.0,1.7599999904632568,0.0,0.0,100.0,49.17266845703125,0.0,False,,,,,,,
V10-15,100,49.546966552734375,0.0,1.8199999332427979,47.362823486328125,0.0,1.7699999809265137,0.0,0.0,100.0,48.45489501953125,0.0,False,,,,,,,
V10-16,100,48.96246337890625,0.0,1.8199999332427979,47.003936767578125,0.0,1.7699999809265137,0.0,0.0,100.0,47.98320007324219,0.0,False,,,,,,,
V10-17,100,49.11627197265625,0.0,1.8199999332427979,46.976593017578125,0.0,1.7699999809265137,0.0,0.0,100.0,48.04643249511719,0.0,False,,,,,,,
V10-18,100,49.25469970703125,0.0,1.8299999237060547,47.484161376953125,0.0,1.7799999713897705,0.0,0.0,100.0,48.36943054199219,0.0,False,,,,,,,
V10-19,100,48.77447509765625,0.0,1.809999942779541,47.887481689453125,0.0,1.7649999856948853,0.0,16.77777862548828,100.0,48.33097839355469,0.0,True,58.2975871313673,131,92,198,12,0,"Inspect pedestrian use, current shade and planting feasibility before choosing an intervention."
V10-20,100,48.62408447265625,0.0,1.8499999046325684,47.663604736328125,0.0,1.7999999523162842,0.0,0.0,100.0,48.14384460449219,0.0,False,,,,,,,
V10-21,100,47.620880126953125,0.0,1.8600000143051147,46.679229736328125,0.0,1.809999942779541,0.0,0.0,100.0,47.150054931640625,0.0,False,,,,,,,
V10-22,100,47.714874267578125,0.0,1.8499999046325684,46.315216064453125,0.0,1.7999999523162842,0.0,0.0,100.0,47.015045166015625,0.0,False,,,,,,,
V10-23,100,50.223724365234375,0.0,1.909999966621399,48.77960205078125,0.0,1.8600000143051147,0.0,0.0,100.0,49.50166320800781,0.0,False,,,,,,,
V10-24,100,50.671478271484375,0.0,1.9199999570846558,49.562347412109375,0.0,1.8700000047683716,0.0,0.0,100.0,50.116912841796875,0.0,False,,,,,,,
V10-25,100,50.437347412109375,0.0,1.9499999284744263,49.01373291015625,0.0,1.899999976158142,0.0,0.0,100.0,49.72554016113281,0.0,False,,,,,,,
V10-26,100,50.527923583984375,0.0,1.9499999284744263,48.76763916015625,0.0,1.8899999856948853,0.0,2.6111111640930176,100.0,49.64778137207031,0.0,False,,,,,,,
V10-27,79,49.943450927734375,0.0,1.9299999475479126,48.316436767578125,0.0,1.8799999952316284,0.0,0.0,79.0,49.12994384765625,0.0,False,,,,,,,
V10-28,27,48.148956298828125,0.0,1.909999966621399,47.602081298828125,0.0,1.8600000143051147,0.0,0.0,27.0,47.875518798828125,0.0,False,,,,,,,
V10-34,38,48.68560791015625,0.0,1.8399999141693115,47.285919189453125,0.0,1.7799999713897705,0.0,0.0,38.0,47.98576354980469,0.0,False,,,,,,,
V10-35,72,46.055450439453125,9.837963104248047,1.8399999141693115,46.607452392578125,0.0,1.7899999618530273,0.0,0.0,72.0,46.331451416015625,4.918981552124023,False,,,,,,,
V10-36,53,47.824249267578125,13.155137062072754,1.8399999141693115,46.638214111328125,0.0,1.7799999713897705,0.0,0.0,58.88888888888889,47.231231689453125,6.577568531036377,False,,,,,,,
V11-01,100,52.218109130859375,0.0,1.8299999237060547,47.766143798828125,0.0,1.7799999713897705,0.0,0.0,100.0,49.99212646484375,0.0,False,,,,,,,
V11-02,100,52.491546630859375,0.0,1.8299999237060547,47.901153564453125,0.0,1.7699999809265137,0.0,0.0,100.0,50.19635009765625,0.0,False,,,,,,,
V11-03,100,52.6282958984375,0.0,1.8199999332427979,47.892608642578125,0.0,1.7699999809265137,0.0,0.0,100.0,50.26045227050781,0.0,False,,,,,,,
V11-04,100,53.595611572265625,0.0,1.8299999237060547,48.384796142578125,0.0,1.7699999809265137,0.0,0.0,100.0,50.990203857421875,0.0,False,,,,,,,
V11-05,100,53.3153076171875,0.0,1.8299999237060547,48.424102783203125,0.0,1.7699999809265137,0.0,0.0,100.0,50.86970520019531,0.0,False,,,,,,,
V11-06,100,52.6881103515625,0.0,1.8199999332427979,48.000274658203125,0.0,1.7599999904632568,0.0,0.0,100.0,50.34419250488281,0.0,False,,,,,,,
V11-07,100,53.0709228515625,0.0,1.8199999332427979,47.718292236328125,0.0,1.75,0.0,0.0,100.0,50.39460754394531,0.0,False,,,,,,,
V11-08,100,52.105316162109375,0.0,1.8199999332427979,47.422637939453125,0.0,1.7599999904632568,0.0,0.0,100.0,49.76397705078125,0.0,False,,,,,,,
V11-09,100,51.454193115234375,0.0,1.8199999332427979,47.417510986328125,0.0,1.7699999809265137,0.0,0.0,100.0,49.43585205078125,0.0,False,,,,,,,
V11-10,100,50.721038818359375,0.0,1.8199999332427979,47.202178955078125,0.0,1.7599999904632568,0.0,0.0,100.0,48.96160888671875,0.0,False,,,,,,,
V11-11,100,50.630462646484375,0.0,1.8199999332427979,47.137237548828125,0.0,1.7699999809265137,0.0,0.0,100.0,48.88385009765625,0.0,False,,,,,,,
V11-12,100,50.439056396484375,0.0,1.809999942779541,47.754180908203125,0.0,1.7599999904632568,0.0,0.0,100.0,49.09661865234375,0.0,False,,,,,,,
V11-13,100,50.541595458984375,0.0,1.809999942779541,48.45831298828125,0.0,1.7699999809265137,0.0,0.5555555820465088,100.0,49.49995422363281,0.0,False,,,,,,,
V11-14,100,49.902435302734375,0.0,1.8199999332427979,47.921661376953125,0.0,1.7699999809265137,0.0,0.0,100.0,48.91204833984375,0.0,False,,,,,,,
V11-15,100,49.834075927734375,0.0,1.8199999332427979,47.950714111328125,0.0,1.7699999809265137,0.0,0.0,100.0,48.89239501953125,0.0,False,,,,,,,
V11-16,100,49.06842041015625,0.0,1.8199999332427979,47.128692626953125,0.0,1.7699999809265137,0.0,0.0,100.0,48.09855651855469,0.0,False,,,,,,,
V11-17,100,48.78814697265625,0.0,1.809999942779541,47.068878173828125,0.0,1.7599999904632568,0.0,0.0,100.0,47.92851257324219,0.0,False,,,,,,,
V11-18,100,48.78302001953125,0.0,1.8199999332427979,47.366241455078125,0.0,1.7699999809265137,0.0,2.277777671813965,100.0,48.07463073730469,0.0,False,,,,,,,
V11-19,100,48.80010986328125,0.0,1.8499999046325684,48.042999267578125,0.0,1.809999942779541,0.0,16.94444465637207,100.0,48.42155456542969,0.0,True,59.36997319034853,124,86,212,12,0,"Inspect pedestrian use, current shade and planting feasibility before choosing an intervention."
V11-20,100,48.54034423828125,0.0,1.8499999046325684,47.943878173828125,0.0,1.809999942779541,0.0,0.2222222238779068,100.0,48.24211120605469,0.0,False,,,,,,,
V11-21,100,48.99151611328125,0.0,1.8799999952316284,47.954132080078125,0.0,1.8299999237060547,0.0,0.0,100.0,48.47282409667969,0.0,False,,,,,,,
V11-22,97,49.08209228515625,0.0,1.8799999952316284,47.885772705078125,0.0,1.8399999141693115,0.0,0.0,97.0,48.48393249511719,0.0,False,,,,,,,
V11-23,51,49.26666259765625,0.0,1.8799999952316284,48.248077392578125,0.0,1.8299999237060547,0.0,0.0,51.0,48.75736999511719,0.0,False,,,,,,,
V11-24,61,47.947296142578125,0.0,1.8899999856948853,48.282257080078125,0.0,1.8600000143051147,0.0,0.0,61.0,48.114776611328125,0.0,False,,,,,,,
V11-25,60,48.131866455078125,0.0,1.899999976158142,47.784942626953125,0.0,1.8600000143051147,0.0,0.0,60.0,47.958404541015625,0.0,False,,,,,,,
V11-36,40,46.412628173828125,0.0,1.8249999284744263,46.304962158203125,0.0,1.7699999809265137,0.0,0.0,44.44444444444444,46.358795166015625,0.0,False,,,,,,,
V12-00,27,52.5513916015625,0.0,1.8199999332427979,48.008819580078125,0.0,1.7599999904632568,0.0,0.0,27.0,50.28010559082031,0.0,False,,,,,,,
V12-01,100,52.8641357421875,0.0,1.8199999332427979,48.039581298828125,0.0,1.7699999809265137,0.0,0.0,100.0,50.45185852050781,0.0,False,,,,,,,
V12-02,100,52.7308349609375,0.0,1.8199999332427979,47.964385986328125,0.0,1.7599999904632568,0.0,0.0,100.0,50.34761047363281,0.0,False,,,,,,,
V12-03,100,52.6146240234375,0.0,1.8199999332427979,47.942169189453125,0.0,1.7599999904632568,0.0,0.0,100.0,50.27839660644531,0.0,False,,,,,,,
V12-04,100,52.6282958984375,0.0,1.8299999237060547,48.114776611328125,0.0,1.7699999809265137,0.0,0.0,100.0,50.37153625488281,0.0,False,,,,,,,
V12-05,100,52.7889404296875,0.0,1.8299999237060547,48.084014892578125,0.0,1.7699999809265137,0.0,0.0,100.0,50.43647766113281,0.0,False,,,,,,,
V12-06,100,52.8726806640625,0.0,1.8199999332427979,47.877227783203125,0.0,1.7599999904632568,0.0,0.0,100.0,50.37495422363281,0.0,False,,,,,,,
V12-07,100,52.9683837890625,0.0,1.8199999332427979,47.479034423828125,0.0,1.7599999904632568,0.0,0.0,100.0,50.22370910644531,0.0,False,,,,,,,
V12-08,100,52.8077392578125,0.0,1.8299999237060547,47.096221923828125,0.0,1.7599999904632568,0.0,0.0,100.0,49.95198059082031,0.0,False,,,,,,,
V12-09,100,51.821624755859375,0.0,1.8199999332427979,46.945831298828125,0.0,1.7599999904632568,0.0,0.0,100.0,49.38372802734375,0.0,False,,,,,,,
V12-10,100,50.640716552734375,0.0,1.809999942779541,47.130401611328125,0.0,1.75,0.0,0.0,100.0,48.88555908203125,0.0,False,,,,,,,
V12-11,100,50.806488037109375,0.0,1.8199999332427979,47.627716064453125,0.0,1.7699999809265137,0.0,0.0,100.0,49.21710205078125,0.0,False,,,,,,,
V12-12,100,50.485198974609375,0.0,1.8199999332427979,48.044708251953125,0.0,1.7699999809265137,0.0,0.0,100.0,49.26495361328125,0.0,False,,,,,,,
V12-13,100,50.551849365234375,0.0,1.809999942779541,48.171173095703125,0.0,1.7599999904632568,0.0,0.0,100.0,49.36151123046875,0.0,False,,,,,,,
V12-14,100,49.793060302734375,0.0,1.8199999332427979,47.608917236328125,0.0,1.7699999809265137,0.0,0.0,100.0,48.70098876953125,0.0,False,,,,,,,
V12-15,100,50.355316162109375,0.0,1.8299999237060547,48.167755126953125,0.0,1.7799999713897705,0.0,0.0,100.0,49.26153564453125,0.0,False,,,,,,,
V12-16,100,49.705902099609375,0.0,1.8299999237060547,48.71978759765625,0.0,1.7799999713897705,0.0,0.0,100.0,49.21284484863281,0.0,False,,,,,,,
V12-17,100,49.816986083984375,0.0,1.8399999141693115,48.78302001953125,0.0,1.7999999523162842,0.0,0.0,100.0,49.30000305175781,0.0,False,,,,,,,
V12-18,100,49.892181396484375,0.0,1.8799999952316284,49.17608642578125,0.0,1.8399999141693115,0.0,3.027777671813965,100.0,49.53413391113281,0.0,False,,,,,,,
V12-19,100,49.12310791015625,0.0,1.8600000143051147,49.04449462890625,0.0,1.8199999332427979,0.0,15.86111068725586,100.0,49.08380126953125,0.0,True,69.6916890080429,54,42,104,12,0,"Inspect pedestrian use, current shade and planting feasibility before choosing an intervention."
V12-20,100,47.808868408203125,0.1944444477558136,1.8399999141693115,47.923370361328125,0.0,1.7999999523162842,0.0,0.0,100.0,47.866119384765625,0.0972222238779068,False,,,,,,,
V12-21,71,46.815948486328125,16.979656219482422,1.8600000143051147,47.451690673828125,1.017214298248291,1.8199999332427979,0.0,0.0,71.0,47.133819580078125,8.998435258865356,False,,,,,,,
V13-00,49,53.4058837890625,0.0,1.8399999141693115,47.998565673828125,0.0,1.7799999713897705,0.0,0.0,49.0,50.70222473144531,0.0,False,,,,,,,
V13-01,100,53.4400634765625,0.0,1.8499999046325684,48.225860595703125,0.0,1.7899999618530273,0.0,0.0,100.0,50.83296203613281,0.0,False,,,,,,,
V13-02,100,53.3734130859375,0.0,1.8199999332427979,48.273712158203125,0.0,1.7599999904632568,0.0,0.0,100.0,50.82356262207031,0.0,False,,,,,,,
V13-03,100,52.199310302734375,0.0,1.8199999332427979,47.954132080078125,0.0,1.7699999809265137,0.0,0.0,100.0,50.07672119140625,0.0,False,,,,,,,
V13-04,100,52.076263427734375,2.222222328186035,1.8199999332427979,47.993438720703125,1.7222222089767456,1.7599999904632568,0.0,0.0,100.0,50.03485107421875,1.9722222685813904,False,,,,,,,
V13-05,100,52.8094482421875,0.0,1.8199999332427979,48.104522705078125,0.0,1.7699999809265137,0.0,0.0,100.0,50.45698547363281,0.0,False,,,,,,,
V13-06,100,52.6573486328125,0.0,1.8199999332427979,47.971221923828125,0.0,1.7649999856948853,0.0,0.0,100.0,50.31428527832031,0.0,False,,,,,,,
V13-07,100,52.6778564453125,0.0,1.8199999332427979,47.714874267578125,0.0,1.7599999904632568,0.0,0.1944444477558136,100.0,50.19636535644531,0.0,False,,,,,,,
V13-08,100,52.6317138671875,0.3333333432674408,1.8299999237060547,46.921905517578125,0.2222222238779068,1.7599999904632568,0.0,1.3055555820465088,100.0,49.77680969238281,0.2777777835726738,False,,,,,,,
V13-09,100,51.543060302734375,0.1111111119389534,1.809999942779541,46.667266845703125,0.1111111119389534,1.75,0.0,0.0,100.0,49.10516357421875,0.1111111119389534,False,,,,,,,
V13-10,100,50.979095458984375,0.0,1.8199999332427979,46.670684814453125,0.0,1.7599999904632568,0.0,0.0,100.0,48.82489013671875,0.0,False,,,,,,,
V13-11,100,51.307220458984375,0.0,1.8199999332427979,47.427764892578125,0.0,1.7699999809265137,0.0,0.0,100.0,49.36749267578125,0.0,False,,,,,,,
V13-12,100,51.748138427734375,0.0,1.8399999141693115,48.324981689453125,0.0,1.7899999618530273,0.0,0.0,100.0,50.03656005859375,0.0,False,,,,,,,
V13-13,100,50.637298583984375,0.0,1.8199999332427979,47.588409423828125,0.0,1.7699999809265137,0.0,0.0,100.0,49.11285400390625,0.0,False,,,,,,,
V13-14,100,50.100677490234375,0.0,1.8299999237060547,47.032989501953125,0.0,1.7699999809265137,0.0,0.0,100.0,48.56683349609375,0.0,False,,,,,,,
V13-15,74,51.462738037109375,0.6006006002426147,1.8399999141693115,48.75054931640625,0.0,1.7899999618530273,0.0,0.0,74.0,50.10664367675781,0.3003003001213074,False,,,,,,,
V13-16,100,50.538177490234375,5.833333492279053,1.8299999237060547,49.41705322265625,3.1111109256744385,1.7899999618530273,0.0,0.1944444477558136,100.0,49.97761535644531,4.472222208976746,False,,,,,,,
V13-17,100,50.538177490234375,1.5555555820465088,1.8499999046325684,49.787933349609375,1.0,1.809999942779541,0.0,4.75,100.0,50.163055419921875,1.2777777910232544,False,,,,,,,
V13-18,100,50.015228271484375,6.722222328186035,1.8700000047683716,49.43585205078125,7.0,1.8299999237060547,0.0,17.41666603088379,100.0,49.72554016113281,6.861111164093018,True,58.2573726541555,133,37,198,12,0,"Inspect pedestrian use, current shade and planting feasibility before choosing an intervention."
V13-19,96,48.69073486328125,0.0,1.8299999237060547,48.73858642578125,0.0,1.7899999618530273,0.0,0.8969907760620117,96.0,48.71466064453125,0.0,False,,,,,,,
V13-20,27,47.051788330078125,0.3086419701576233,1.8499999046325684,47.130401611328125,0.0,1.809999942779541,0.0,0.0,27.0,47.091094970703125,0.15432098507881165,False,,,,,,,
V13-34,36,47.388458251953125,0.0,1.909999966621399,45.682891845703125,0.0,1.8499999046325684,0.0,0.0,36.0,46.535675048828125,0.0,False,,,,,,,
V13-35,28,47.916534423828125,0.0,1.909999966621399,46.484405517578125,0.0,1.8499999046325684,0.0,0.0,28.000000000000004,47.200469970703125,0.0,False,,,,,,,
V14-00,69,52.8316650390625,0.0,1.8299999237060547,47.885772705078125,0.0,1.7699999809265137,0.0,0.0,69.0,50.35871887207031,0.0,False,,,,,,,
V14-01,100,54.193756103515625,0.0,1.8299999237060547,48.49932861328125,0.0,1.7699999809265137,0.0,0.0,100.0,51.34654235839844,0.0,False,,,,,,,
V14-02,100,54.848297119140625,0.0,1.8399999141693115,49.03594970703125,0.0,1.7699999809265137,0.0,0.0,100.0,51.94212341308594,0.0,False,,,,,,,
V14-03,100,52.5155029296875,0.0,1.809999942779541,47.925079345703125,0.0,1.7599999904632568,0.0,0.0,100.0,50.22029113769531,0.0,False,,,,,,,
V14-04,100,52.300140380859375,2.555555820465088,1.809999942779541,47.402130126953125,2.5,1.75,0.0,9.666666030883789,100.0,49.85113525390625,2.527777910232544,False,,,,,,,
V14-05,100,52.5548095703125,0.0,1.8199999332427979,47.465362548828125,0.0,1.7599999904632568,0.0,0.0,100.0,50.01008605957031,0.0,False,,,,,,,
V14-06,100,52.5513916015625,2.5555553436279297,1.8199999332427979,47.813995361328125,1.2777777910232544,1.7599999904632568,0.0,0.0555555559694767,100.0,50.18269348144531,1.916666567325592,False,,,,,,,
V14-07,100,52.6300048828125,1.6111111640930176,1.8199999332427979,47.632843017578125,1.1111111640930176,1.7599999904632568,0.0,4.361111164093018,100.0,50.13142395019531,1.3611111640930176,False,,,,,,,
V14-08,100,52.168548583984375,0.0,1.8299999237060547,47.318389892578125,0.0,1.7699999809265137,0.0,0.5833333134651184,100.0,49.74346923828125,0.0,False,,,,,,,
V14-09,100,52.142913818359375,0.0,1.8399999141693115,47.432891845703125,0.0,1.7799999713897705,0.0,0.0,100.0,49.78790283203125,0.0,False,,,,,,,
V14-10,100,51.690032958984375,0.0,1.8299999237060547,47.767852783203125,0.0,1.7799999713897705,0.0,0.0,100.0,49.72894287109375,0.0,False,,,,,,,
V14-11,100,51.091888427734375,0.0,1.8299999237060547,47.972930908203125,0.0,1.7799999713897705,0.0,0.0,100.0,49.53240966796875,0.0,False,,,,,,,
V14-12,100,51.707122802734375,0.0,1.8499999046325684,48.364288330078125,0.0,1.7899999618530273,0.0,0.0,100.0,50.03570556640625,0.0,False,,,,,,,
V14-13,100,50.396331787109375,0.0,1.8299999237060547,47.494415283203125,0.1111111119389534,1.7799999713897705,0.0,10.583333969116211,100.0,48.94537353515625,0.0555555559694767,True,62.815013404825734,100,76,130,12,0,"Inspect pedestrian use, current shade and planting feasibility before choosing an intervention."
V14-14,100,49.617034912109375,0.0,1.8299999237060547,46.641632080078125,0.0,1.7799999713897705,0.0,36.722225189208984,100.0,48.12933349609375,0.0,True,54.41018766756033,166,103,213,13,0,"Inspect pedestrian use, current shade and planting feasibility before choosing an intervention."
V14-15,87,49.03765869140625,0.12771391868591309,1.809999942779541,46.908233642578125,0.25542783737182617,1.7699999809265137,0.0,52.011497497558594,87.0,47.97294616699219,0.19157087802886963,True,42.78820375335121,250,176,305,13,0,"Inspect pedestrian use, current shade and planting feasibility before choosing an intervention."
V14-16,100,48.46514892578125,0.0555555559694767,1.8199999332427979,47.335479736328125,0.0,1.7799999713897705,0.0,59.166664123535156,100.0,47.90031433105469,0.02777777798473835,True,45.53619302949062,232,162,288,13,0,"Inspect pedestrian use, current shade and planting feasibility before choosing an intervention."
V14-17,100,48.59674072265625,0.2222222238779068,1.8299999237060547,47.444854736328125,0.1111111119389534,1.7899999618530273,0.0,59.47222900390625,100.0,48.02079772949219,0.1666666679084301,True,44.15549597855228,242,169,298,13,0,"Inspect pedestrian use, current shade and planting feasibility before choosing an intervention."
V14-18,100,47.978057861328125,36.0,1.8650000095367432,46.675811767578125,33.5555534362793,1.8199999332427979,0.0,56.88888931274414,100.0,47.326934814453125,34.77777671813965,True,16.219839142091153,360,285,426,13,0,"Inspect pedestrian use, current shade and planting feasibility before choosing an intervention."
V14-19,60,46.105010986328125,42.73147964477539,1.809999942779541,45.460723876953125,37.12963104248047,1.7599999904632568,0.0,5.092592716217041,60.0,45.782867431640625,39.93055534362793,False,,,,,,,
V15-00,80,53.0230712890625,0.0,1.8299999237060547,48.080596923828125,0.0,1.7699999809265137,0.0,0.0,80.0,50.55183410644531,0.0,False,,,,,,,
V15-01,100,53.730621337890625,0.8888888955116272,1.8299999237060547,48.294219970703125,0.3888888955116272,1.7699999809265137,0.0,1.0,100.0,51.012420654296875,0.6388888955116272,False,,,,,,,
V15-02,100,53.980133056640625,1.2222223281860352,1.8399999141693115,48.67022705078125,0.9444444179534912,1.7799999713897705,0.0,3.3333334922790527,100.0,51.32518005371094,1.0833333730697632,False,,,,,,,
V15-03,100,53.2640380859375,2.1111109256744385,1.8299999237060547,48.265167236328125,1.8888888359069824,1.7799999713897705,0.0,4.111111164093018,100.0,50.76460266113281,1.9999998807907104,False,,,,,,,
V15-04,100,52.356536865234375,0.5555555820465088,1.8199999332427979,47.537139892578125,0.3333333432674408,1.7599999904632568,0.0,0.0,100.0,49.94683837890625,0.4444444626569748,False,,,,,,,
V15-05,100,52.154876708984375,1.2777777910232544,1.8199999332427979,47.193634033203125,1.2222222089767456,1.7599999904632568,0.0,3.3888888359069824,100.0,49.67425537109375,1.25,False,,,,,,,
V15-06,100,51.966888427734375,4.333333492279053,1.8249999284744263,47.195343017578125,2.277777910232544,1.7599999904632568,0.0,9.38888931274414,100.0,49.58111572265625,3.3055557012557983,False,,,,,,,
V15-07,100,52.5684814453125,0.1111111119389534,1.8499999046325684,47.497833251953125,0.0555555559694767,1.7999999523162842,0.5555555820465088,32.27777862548828,100.0,50.03315734863281,0.08333333395421505,True,81.94369973190348,9,3,44,13,1,"Inspect pedestrian use, current shade and planting feasibility before choosing an intervention."
V15-08,100,53.735748291015625,0.9722221493721008,1.8600000143051147,48.54718017578125,0.9722221493721008,1.7949999570846558,0.0,1.388888955116272,100.0,51.14146423339844,0.9722221493721008,False,,,,,,,
V15-09,100,54.019439697265625,0.5833333730697632,1.8499999046325684,48.96588134765625,0.5833333730697632,1.7899999618530273,0.0,0.0,100.0,51.49266052246094,0.5833333730697632,False,,,,,,,
V15-10,100,53.4281005859375,0.0,1.8499999046325684,49.572601318359375,0.0,1.7999999523162842,0.0,0.0,100.0,51.50035095214844,0.0,False,,,,,,,
V15-11,100,51.698577880859375,0.0,1.8299999237060547,48.57110595703125,0.0,1.7799999713897705,0.0,0.0,100.0,50.13484191894531,0.0,False,,,,,,,
V15-12,100,50.326263427734375,0.0,1.8299999237060547,47.725128173828125,0.0,1.7799999713897705,0.0,4.472221851348877,100.0,49.02569580078125,0.0,False,,,,,,,
V15-13,100,49.38287353515625,0.6666666865348816,1.8199999332427979,46.527130126953125,0.5555555820465088,1.7699999809265137,0.0,54.75,100.0,47.95500183105469,0.6111111342906952,True,38.75335120643431,271,197,330,13,0,"Inspect pedestrian use, current shade and planting feasibility before choosing an intervention."
V15-14,100,48.376251220703125,0.5555555820465088,1.8199999332427979,45.961456298828125,0.2222222238779068,1.7699999809265137,1.3333332538604736,85.77777862548828,100.0,47.168853759765625,0.3888889029622078,True,37.546916890080425,278,212,337,13,0,"Inspect pedestrian use, current shade and planting feasibility before choosing an intervention."
V15-15,100,47.680694580078125,0.0555555559694767,1.8199999332427979,46.315216064453125,0.1111111119389534,1.7799999713897705,0.0,88.08333587646484,100.0,46.997955322265625,0.08333333395421505,True,31.514745308310992,302,232,365,13,0,"Inspect pedestrian use, current shade and planting feasibility before choosing an intervention."
V15-16,100,48.340362548828125,0.3333333432674408,1.8299999237060547,47.268829345703125,0.2222222238779068,1.7799999713897705,1.5555557012557983,89.86111450195312,100.0,47.804595947265625,0.2777777835726738,True,48.28418230563003,206,137,256,13,0,"Inspect pedestrian use, current shade and planting feasibility before choosing an intervention."
V15-17,100,48.200225830078125,3.555555582046509,1.8399999141693115,47.301300048828125,0.7777777910232544,1.7999999523162842,7.222222328186035,98.5,100.0,47.750762939453125,2.1666666865348816,True,42.85522788203753,249,182,302,13,0,"Inspect pedestrian use, current shade and planting feasibility before choosing an intervention."
V15-18,100,47.952423095703125,7.94444465637207,1.8700000047683716,46.800567626953125,7.777777194976807,1.8199999332427979,0.0,72.22222137451172,100.0,47.376495361328125,7.8611109256744385,True,21.983914209115284,345,269,411,13,0,"Inspect pedestrian use, current shade and planting feasibility before choosing an intervention."
V15-19,100,48.99322509765625,1.0555555820465088,1.909999966621399,47.856719970703125,0.0555555559694767,1.8700000047683716,0.0,65.16666412353516,100.0,48.42497253417969,0.5555555690079927,True,47.88203753351206,210,136,264,13,0,"Inspect pedestrian use, current shade and planting feasibility before choosing an intervention."
V15-20,55,47.400421142578125,12.222221374511719,1.9199999570846558,46.115264892578125,10.606060981750488,1.8700000047683716,0.0,30.000001907348633,55.00000000000001,46.757843017578125,11.414141178131104,True,14.423592493297587,366,290,431,13,0,"Inspect pedestrian use, current shade and planting feasibility before choosing an intervention."
V16-00,80,53.937408447265625,0.5555555820465088,1.8299999237060547,48.60015869140625,0.4166666865348816,1.7699999809265137,0.0,8.125,80.0,51.26878356933594,0.4861111342906952,False,,,,,,,
V16-01,100,53.995513916015625,0.1111111119389534,1.8299999237060547,48.393341064453125,0.1111111119389534,1.7699999809265137,0.0,0.5,100.0,51.194427490234375,0.1111111119389534,False,,,,,,,
V16-02,100,53.3768310546875,0.0,1.8299999237060547,48.321563720703125,0.0,1.7699999809265137,0.0,0.0,100.0,50.84919738769531,0.0,False,,,,,,,
V16-03,100,53.0145263671875,0.0,1.8399999141693115,48.67022705078125,0.0,1.7799999713897705,0.0,0.0,100.0,50.842376708984375,0.0,False,,,,,,,
V16-04,100,52.491546630859375,0.0,1.8299999237060547,48.171173095703125,0.0,1.7799999713897705,0.0,0.0,100.0,50.33135986328125,0.0,False,,,,,,,
V16-05,100,52.178802490234375,2.3888888359069824,1.84499990940094,47.631134033203125,1.8888888359069824,1.7899999618530273,0.0,2.1666665077209473,100.0,49.90496826171875,2.1388888359069824,False,,,,,,,
V16-06,100,52.436859130859375,0.0,1.8499999046325684,48.027618408203125,0.0,1.7999999523162842,0.0,0.0,100.0,50.23223876953125,0.0,False,,,,,,,
V16-07,100,51.619964599609375,8.55555534362793,1.8600000143051147,48.044708251953125,8.44444465637207,1.809999942779541,0.0,19.22222137451172,100.0,49.83233642578125,8.5,True,57.69436997319035,137,34,213,12,0,"Inspect pedestrian use, current shade and planting feasibility before choosing an intervention."
V16-08,100,51.631927490234375,35.1944465637207,1.8600000143051147,48.097686767578125,30.02777671813965,1.809999942779541,0.0,10.666666984558105,100.0,49.86480712890625,32.611111640930176,True,53.83378016085791,170,31,254,12,0,"Inspect pedestrian use, current shade and planting feasibility before choosing an intervention."
V16-09,100,53.580230712890625,7.75,1.8600000143051147,49.06671142578125,6.527777671813965,1.7999999523162842,0.0,0.0555555559694767,100.0,51.32347106933594,7.138888835906982,False,,,,,,,
V16-10,100,53.881011962890625,0.0,1.8600000143051147,49.910980224609375,0.0,1.7999999523162842,0.0,0.0,100.0,51.89599609375,0.0,False,,,,,,,
V16-11,100,51.408050537109375,0.0,1.8199999332427979,48.118194580078125,0.0,1.7699999809265137,0.0,0.02777777798473835,100.0,49.76312255859375,0.0,False,,,,,,,
V16-12,100,49.799896240234375,0.9444444179534912,1.8199999332427979,47.113311767578125,0.6666666865348816,1.7699999809265137,0.0,40.027774810791016,100.0,48.45660400390625,0.8055555522441864,True,46.89008042895442,221,151,275,13,0,"Inspect pedestrian use, current shade and planting feasibility before choosing an intervention."
V16-13,100,48.83087158203125,1.8333334922790527,1.809999942779541,46.860382080078125,0.7777777910232544,1.7699999809265137,0.0,98.27777862548828,100.0,47.84562683105469,1.3055556416511536,True,34.18230563002681,289,218,349,13,0,"Inspect pedestrian use, current shade and planting feasibility before choosing an intervention."
V16-14,100,48.222442626953125,0.1111111119389534,1.809999942779541,46.250274658203125,0.1111111119389534,1.7649999856948853,0.0,98.16666412353516,100.0,47.236358642578125,0.1111111119389534,True,32.238605898123325,300,230,362,13,0,"Inspect pedestrian use, current shade and planting feasibility before choosing an intervention."
V16-15,100,48.283966064453125,4.111111164093018,1.8299999237060547,46.388702392578125,3.3888890743255615,1.7799999713897705,0.0,99.94444274902344,100.0,47.336334228515625,3.7500001192092896,True,23.002680965147455,342,267,408,13,0,"Inspect pedestrian use, current shade and planting feasibility before choosing an intervention."
V16-16,100,48.73004150390625,2.1111111640930176,1.8199999332427979,47.422637939453125,0.8333333730697632,1.7799999713897705,2.0,100.0,100.0,48.07633972167969,1.4722222685813904,True,48.042895442359246,209,150,263,13,0,"Inspect pedestrian use, current shade and planting feasibility before choosing an intervention."
V16-17,100,48.48052978515625,0.5,1.8799999952316284,47.875518798828125,0.3333333730697632,1.8399999141693115,1.1111111640930176,99.88888549804688,100.0,48.17802429199219,0.4166666865348816,True,53.2171581769437,173,113,220,13,0,"Inspect pedestrian use, current shade and planting feasibility before choosing an intervention."
V16-18,100,48.364288330078125,0.2222222238779068,1.8899999856948853,47.502960205078125,0.2222222238779068,1.8499999046325684,0.0,100.0,100.0,47.933624267578125,0.2222222238779068,True,41.394101876675606,257,184,312,13,0,"Inspect pedestrian use, current shade and planting feasibility before choosing an intervention."
V16-19,100,47.058624267578125,0.1111111119389534,1.8899999856948853,46.308380126953125,0.0,1.8499999046325684,0.0,99.22222137451172,100.0,46.683502197265625,0.0555555559694767,True,30.107238605898125,309,238,374,13,0,"Inspect pedestrian use, current shade and planting feasibility before choosing an intervention."
V16-20,100,47.808868408203125,2.555555582046509,1.899999976158142,46.518585205078125,2.277777910232544,1.8550000190734863,6.3333330154418945,80.22222137451172,100.0,47.163726806640625,2.4166667461395264,True,33.5254691689008,294,229,352,13,0,"Inspect pedestrian use, current shade and planting feasibility before choosing an intervention."
V16-21,84,48.48907470703125,3.1746034622192383,1.9199999570846558,46.604034423828125,2.9761905670166016,1.8700000047683716,0.0,96.49471282958984,84.0,47.54655456542969,3.07539701461792,True,27.39946380697051,321,245,387,13,0,"Inspect pedestrian use, current shade and planting feasibility before choosing an intervention."
V16-22,69,47.349151611328125,0.0805152952671051,1.909999966621399,45.971710205078125,0.0,1.8600000143051147,0.0,99.67794036865234,69.0,46.660430908203125,0.04025764763355255,True,30.6970509383378,307,235,369,13,0,"Inspect pedestrian use, current shade and planting feasibility before choosing an intervention."
V16-23,63,47.362823486328125,10.670193672180176,1.8899999856948853,46.255401611328125,9.347441673278809,1.8399999141693115,0.35273370146751404,91.18165588378906,63.0,46.809112548828125,10.008817672729492,True,23.16353887399464,340,270,401,13,0,"Inspect pedestrian use, current shade and planting feasibility before choosing an intervention."
V16-25,25,45.561553955078125,2.777777671813965,1.8600000143051147,45.00439453125,1.8888888359069824,1.809999942779541,1.3333333730697632,100.0,25.0,45.28297424316406,2.3333332538604736,True,26.46112600536193,329,257,388,11,0,"Inspect pedestrian use, current shade and planting feasibility before choosing an intervention."
V16-26,35,46.398956298828125,1.904761791229248,1.8700000047683716,45.462432861328125,1.746031641960144,1.8199999332427979,1.9047620296478271,83.57142639160156,35.0,45.930694580078125,1.825396716594696,True,27.801608579088473,319,254,380,11,0,"Inspect pedestrian use, current shade and planting feasibility before choosing an intervention."
V16-36,40,45.959747314453125,0.0,1.8399999141693115,46.168243408203125,0.0,1.7899999618530273,0.0,0.0,44.44444444444444,46.063995361328125,0.0,False,,,,,,,
V17-00,80,53.530670166015625,4.305555820465088,1.8299999237060547,48.359161376953125,4.027777671813965,1.7799999713897705,0.0,4.722221851348877,80.0,50.944915771484375,4.166666746139526,False,,,,,,,
V17-01,100,53.689605712890625,5.722222328186035,1.8299999237060547,48.164337158203125,5.94444465637207,1.7699999809265137,0.0,6.611111164093018,100.0,50.926971435546875,5.833333492279053,False,,,,,,,
V17-02,100,53.610992431640625,0.3333333432674408,1.8299999237060547,48.56085205078125,0.2222222238779068,1.7699999809265137,0.0,6.3333330154418945,100.0,51.08592224121094,0.2777777835726738,False,,,,,,,
V17-03,100,52.7513427734375,0.0,1.8199999332427979,48.272003173828125,0.0,1.7699999809265137,0.0,0.0,100.0,50.51167297363281,0.0,False,,,,,,,
V17-04,100,52.370208740234375,0.0,1.8299999237060547,48.388214111328125,0.0,1.7799999713897705,0.0,0.0,100.0,50.37921142578125,0.0,False,,,,,,,
V17-05,100,52.5616455078125,0.0,1.8249999284744263,48.174591064453125,0.0,1.774999976158142,0.0,0.0,100.0,50.36811828613281,0.0,False,,,,,,,
V17-06,100,52.8419189453125,0.1111111119389534,1.8499999046325684,48.58819580078125,0.1111111119389534,1.7999999523162842,0.0,0.0,100.0,50.715057373046875,0.1111111119389534,False,,,,,,,
V17-07,100,52.7137451171875,0.2222222238779068,1.8700000047683716,49.24102783203125,0.1111111119389534,1.8199999332427979,0.0,0.1111111119389534,100.0,50.977386474609375,0.1666666679084301,False,,,,,,,
V17-08,100,52.5787353515625,0.2222222238779068,1.8499999046325684,48.53692626953125,0.0555555559694767,1.7999999523162842,0.0,1.6111111640930176,100.0,50.557830810546875,0.13888888992369175,False,,,,,,,
V17-09,100,52.269378662109375,0.0,1.8299999237060547,47.805450439453125,0.0,1.7799999713897705,0.0,0.0,100.0,50.03741455078125,0.0,False,,,,,,,
V17-10,100,52.8914794921875,0.0,1.8399999141693115,49.03253173828125,0.0,1.7899999618530273,0.0,0.0,100.0,50.962005615234375,0.0,False,,,,,,,
V17-11,100,50.980804443359375,0.0,1.8299999237060547,47.861846923828125,0.0,1.7799999713897705,0.0,18.666667938232422,100.0,49.42132568359375,0.0,True,74.51742627345845,34,25,63,12,0,"Inspect pedestrian use, current shade and planting feasibility before choosing an intervention."
V17-12,100,49.864837646484375,0.2222222238779068,1.8299999237060547,47.752471923828125,0.1111111119389534,1.7799999713897705,0.0,75.55555725097656,100.0,48.80865478515625,0.1666666679084301,True,57.22520107238606,140,86,176,13,0,"Inspect pedestrian use, current shade and planting feasibility before choosing an intervention."
V17-13,100,49.05474853515625,1.8888888359069824,1.8199999332427979,47.477325439453125,1.5555555820465088,1.7799999713897705,0.0,93.16666412353516,100.0,48.26603698730469,1.7222222089767456,True,41.52815013404825,255,183,310,13,0,"Inspect pedestrian use, current shade and planting feasibility before choosing an intervention."
V17-14,100,49.02911376953125,1.1666667461395264,1.809999942779541,46.870635986328125,0.8333333730697632,1.7699999809265137,0.0,94.72222137451172,100.0,47.94987487792969,1.0000000596046448,True,36.930294906166225,281,206,340,13,0,"Inspect pedestrian use, current shade and planting feasibility before choosing an intervention."
V17-15,100,48.90093994140625,1.1111111640930176,1.8199999332427979,46.480987548828125,1.1111111640930176,1.7699999809265137,0.0,100.0,100.0,47.69096374511719,1.1111111640930176,True,32.54691689008043,299,223,359,13,0,"Inspect pedestrian use, current shade and planting feasibility before choosing an intervention."
V17-16,100,48.84283447265625,1.2222223281860352,1.8399999141693115,47.038116455078125,0.7777777910232544,1.7899999618530273,0.0,98.4444351196289,100.0,47.94047546386719,1.0000000596046448,True,36.662198391420915,283,209,343,13,0,"Inspect pedestrian use, current shade and planting feasibility before choosing an intervention."
V17-17,100,49.21368408203125,4.666666507720947,1.8499999046325684,47.995147705078125,3.6111109256744385,1.809999942779541,0.7777777314186096,89.88888549804688,100.0,48.60441589355469,4.138888716697693,True,52.17158176943699,177,125,251,13,0,"Inspect pedestrian use, current shade and planting feasibility before choosing an intervention."
V17-18,100,48.95391845703125,1.1111111640930176,1.8399999141693115,47.802032470703125,0.5555555820465088,1.7999999523162842,0.0,92.05555725097656,100.0,48.37797546386719,0.8333333730697632,True,45.616621983914214,230,159,284,13,0,"Inspect pedestrian use, current shade and planting feasibility before choosing an intervention."
V17-19,100,48.342071533203125,0.0,1.8399999141693115,47.508087158203125,0.0,1.7899999618530273,0.0,100.0,100.0,47.925079345703125,0.0,True,50.3887399463807,192,131,243,13,0,"Inspect pedestrian use, current shade and planting feasibility before choosing an intervention."
V17-20,100,48.203643798828125,0.0,1.8399999141693115,47.106475830078125,0.0,1.7999999523162842,0.0,96.05555725097656,100.0,47.655059814453125,0.0,True,46.36729222520107,223,149,280,13,0,"Inspect pedestrian use, current shade and planting feasibility before choosing an intervention."
V17-21,100,48.333526611328125,0.2222222238779068,1.8399999141693115,46.827911376953125,0.0,1.7999999523162842,0.0,95.19444274902344,100.0,47.580718994140625,0.1111111119389534,True,38.1367292225201,276,204,338,13,0,"Inspect pedestrian use, current shade and planting feasibility before choosing an intervention."
V17-22,100,47.730255126953125,22.27777862548828,1.8299999237060547,46.334014892578125,20.72222328186035,1.784999966621399,0.0,79.02777099609375,100.0,47.032135009765625,21.500000953674316,True,14.825737265415551,364,289,430,13,0,"Inspect pedestrian use, current shade and planting feasibility before choosing an intervention."
V17-23,100,48.69586181640625,1.5555555820465088,1.8600000143051147,47.294464111328125,1.5555555820465088,1.809999942779541,0.0,99.94444274902344,100.0,47.99516296386719,1.5555555820465088,True,36.24664879356568,285,210,344,13,0,"Inspect pedestrian use, current shade and planting feasibility before choosing an intervention."
V17-24,100,47.103057861328125,1.277777910232544,1.8199999332427979,46.539093017578125,1.1666667461395264,1.7799999713897705,0.0,99.38888549804688,100.0,46.821075439453125,1.2222223281860352,True,21.95710455764075,346,271,410,13,0,"Inspect pedestrian use, current shade and planting feasibility before choosing an intervention."
V17-25,100,46.265655517578125,0.3333333432674408,1.8399999141693115,45.713653564453125,0.4444444477558136,1.7899999618530273,0.0,100.0,100.0,45.989654541015625,0.3888888955116272,True,23.55227882037534,338,265,403,13,0,"Inspect pedestrian use, current shade and planting feasibility before choosing an intervention."
V17-26,100,47.320098876953125,0.5555555820465088,1.8600000143051147,45.983673095703125,0.5555555820465088,1.809999942779541,0.0,91.19445037841797,100.0,46.651885986328125,0.5555555820465088,True,23.686327077747986,337,263,402,13,0,"Inspect pedestrian use, current shade and planting feasibility before choosing an intervention."
V17-28,28,46.889434814453125,0.0,1.8700000047683716,45.920440673828125,0.0,1.8199999332427979,0.0,0.0,28.000000000000004,46.404937744140625,0.0,False,,,,,,,
V17-29,54,47.778106689453125,0.0,1.909999966621399,47.034698486328125,0.0,1.8600000143051147,0.0,0.0,54.0,47.406402587890625,0.0,False,,,,,,,
V17-30,53,47.414093017578125,0.0,1.8899999856948853,47.000518798828125,0.0,1.8399999141693115,0.0,0.41928720474243164,53.0,47.207305908203125,0.0,False,,,,,,,
V17-31,52,47.340606689453125,0.0,1.8799999952316284,46.501495361328125,0.0,1.8299999237060547,0.0,0.8547009229660034,52.0,46.921051025390625,0.0,False,,,,,,,
V17-34,26,45.45387268066406,0.0,1.909999966621399,45.607696533203125,0.0,1.8600000143051147,0.0,0.3215433955192566,26.0,45.530784606933594,0.0,False,,,,,,,
V17-35,100,47.660186767578125,0.0,1.9399999380111694,47.261993408203125,0.0,1.8899999856948853,0.0,0.0,100.0,47.461090087890625,0.0,False,,,,,,,
V17-36,68,48.92657470703125,0.0,1.9199999570846558,47.270538330078125,0.0,1.8600000143051147,0.0,0.7352941036224365,75.55555555555556,48.09855651855469,0.0,False,,,,,,,
V18-00,80,53.0145263671875,1.527777910232544,1.8199999332427979,47.843048095703125,0.8333333730697632,1.7599999904632568,0.0,7.430555820465088,80.0,50.42878723144531,1.1805556416511536,False,,,,,,,
V18-01,100,53.563140869140625,0.0,1.8299999237060547,48.324981689453125,0.0,1.7699999809265137,0.0,0.0,100.0,50.944061279296875,0.0,False,,,,,,,
V18-02,100,53.1905517578125,0.0,1.8199999332427979,48.104522705078125,0.0,1.7699999809265137,0.0,0.0,100.0,50.64753723144531,0.0,False,,,,,,,
V18-03,100,52.9735107421875,0.0,1.8199999332427979,48.109649658203125,0.0,1.7599999904632568,0.0,0.0,100.0,50.54158020019531,0.0,False,,,,,,,
V18-04,100,52.503509521484375,0.0,1.8199999332427979,48.321563720703125,0.0,1.7599999904632568,0.0,0.0,100.0,50.41253662109375,0.0,False,,,,,,,
V18-05,100,52.481292724609375,0.3333333432674408,1.8199999332427979,48.314727783203125,0.2222222238779068,1.7699999809265137,0.0,0.6666666269302368,100.0,50.39801025390625,0.2777777835726738,False,,,,,,,
V18-06,100,52.101898193359375,1.1111111640930176,1.8199999332427979,47.962677001953125,0.8888888955116272,1.7699999809265137,0.0,18.77777671813965,100.0,50.03228759765625,1.0000000298023224,True,66.40750670241286,76,20,131,12,0,"Inspect pedestrian use, current shade and planting feasibility before choosing an intervention."
V18-07,100,50.703948974609375,21.61111068725586,1.8199999332427979,47.788360595703125,19.333332061767578,1.7699999809265137,0.0,16.05555534362793,100.0,49.24615478515625,20.47222137451172,True,48.766756032171585,199,79,274,12,0,"Inspect pedestrian use, current shade and planting feasibility before choosing an intervention."
V18-08,100,52.5479736328125,1.5,1.8299999237060547,48.77105712890625,0.5555555820465088,1.7799999713897705,0.0,0.9444444179534912,100.0,50.659515380859375,1.0277777910232544,False,,,,,,,
V18-09,100,52.460784912109375,0.0,1.8299999237060547,48.128448486328125,0.0,1.7699999809265137,0.0,0.0,100.0,50.29461669921875,0.0,False,,,,,,,
V18-10,100,51.973724365234375,0.0,1.8299999237060547,48.60015869140625,0.0,1.7799999713897705,0.0,3.055555820465088,100.0,50.28694152832031,0.0,False,,,,,,,
V18-11,100,49.519622802734375,0.0,1.8199999332427979,47.395294189453125,0.0,1.7699999809265137,0.0,64.6111068725586,100.0,48.45745849609375,0.0,True,60.17426273458446,118,72,170,13,0,"Inspect pedestrian use, current shade and planting feasibility before choosing an intervention."
V18-12,100,49.13165283203125,0.6666666865348816,1.809999942779541,47.846466064453125,0.6666666865348816,1.7699999809265137,0.0,90.05555725097656,100.0,48.48905944824219,0.6666666865348816,True,48.337801608579085,205,134,257,13,0,"Inspect pedestrian use, current shade and planting feasibility before choosing an intervention."
V18-13,100,49.13507080078125,0.1111111119389534,1.809999942779541,48.123321533203125,0.1111111119389534,1.7699999809265137,0.0,71.83334350585938,100.0,48.62919616699219,0.1111111119389534,True,55.428954423592494,155,95,201,13,0,"Inspect pedestrian use, current shade and planting feasibility before choosing an intervention."
V18-14,100,48.99322509765625,1.3888888359069824,1.809999942779541,47.588409423828125,0.9444444179534912,1.7699999809265137,0.8888888955116272,93.83333587646484,100.0,48.29081726074219,1.1666666269302368,True,52.17158176943699,178,119,234,13,0,"Inspect pedestrian use, current shade and planting feasibility before choosing an intervention."
V18-15,100,50.093841552734375,18.138887405395508,1.8299999237060547,47.508087158203125,17.583332061767578,1.7799999713897705,1.3333333730697632,86.41666412353516,100.0,48.80096435546875,17.861109733581543,True,51.63538873994638,186,130,270,13,0,"Inspect pedestrian use, current shade and planting feasibility before choosing an intervention."
V18-16,100,49.557220458984375,6.861111640930176,1.8299999237060547,47.687530517578125,6.416667461395264,1.7899999618530273,0.9444444179534912,85.19444274902344,100.0,48.62237548828125,6.63888955116272,True,52.14477211796247,179,124,256,13,0,"Inspect pedestrian use, current shade and planting feasibility before choosing an intervention."
V18-17,100,49.11627197265625,20.05555534362793,1.8399999141693115,47.935333251953125,19.77777671813965,1.7999999523162842,2.3888888359069824,81.0,100.0,48.52580261230469,19.91666603088379,True,48.09651474530832,208,156,287,13,0,"Inspect pedestrian use, current shade and planting feasibility before choosing an intervention."
V18-18,100,47.472198486328125,20.416667938232422,1.809999942779541,46.793731689453125,20.08333396911621,1.7699999809265137,0.0,64.11111450195312,100.0,47.132965087890625,20.250000953674316,True,15.469168900804291,362,287,427,13,0,"Inspect pedestrian use, current shade and planting feasibility before choosing an intervention."
V18-19,100,47.689239501953125,9.083333015441895,1.8199999332427979,47.053497314453125,8.19444465637207,1.7799999713897705,0.0,94.0,100.0,47.371368408203125,8.638888835906982,True,21.286863270777477,348,273,412,13,0,"Inspect pedestrian use, current shade and planting feasibility before choosing an intervention."
V18-20,100,48.47540283203125,1.3055555820465088,1.8399999141693115,48.075469970703125,1.0833333730697632,1.7999999523162842,0.0,72.83333587646484,100.0,48.27543640136719,1.194444477558136,True,42.94906166219839,247,174,303,13,0,"Inspect pedestrian use, current shade and planting feasibility before choosing an intervention."
V18-21,100,47.574737548828125,3.3611111640930176,1.834999918937683,47.120147705078125,3.305555582046509,1.7949999570846558,0.0,89.19444274902344,100.0,47.347442626953125,3.333333373069763,True,23.51206434316354,339,264,405,13,0,"Inspect pedestrian use, current shade and planting feasibility before choosing an intervention."
V18-22,100,47.251739501953125,7.166666507720947,1.8199999332427979,46.711700439453125,6.722222328186035,1.7799999713897705,0.0,72.86111450195312,100.0,46.981719970703125,6.944444417953491,True,18.230563002680967,354,281,418,13,0,"Inspect pedestrian use, current shade and planting feasibility before choosing an intervention."
V18-23,100,48.79156494140625,1.4444444179534912,1.8399999141693115,47.518341064453125,1.2222223281860352,1.7899999618530273,0.0,96.72222137451172,100.0,48.15495300292969,1.3333333730697632,True,39.865951742627345,264,193,318,13,0,"Inspect pedestrian use, current shade and planting feasibility before choosing an intervention."
V18-24,100,48.222442626953125,0.2222222238779068,1.8399999141693115,47.219268798828125,0.2222222238779068,1.7899999618530273,0.0,99.55555725097656,100.0,47.720855712890625,0.2222222238779068,True,38.10991957104557,277,202,334,13,0,"Inspect pedestrian use, current shade and planting feasibility before choosing an intervention."
V18-25,100,47.490997314453125,0.3888888955116272,1.8399999141693115,46.542510986328125,0.1111111119389534,1.7999999523162842,0.0,98.55555725097656,100.0,47.016754150390625,0.2500000037252903,True,28.632707774798927,314,242,381,13,0,"Inspect pedestrian use, current shade and planting feasibility before choosing an intervention."
V18-26,72,48.022491455078125,0.07716049253940582,1.8600000143051147,46.921905517578125,0.0,1.809999942779541,0.0,69.40586853027344,72.0,47.472198486328125,0.03858024626970291,True,38.41823056300268,275,203,336,13,0,"Inspect pedestrian use, current shade and planting feasibility before choosing an intervention."
V18-28,30,45.865753173828125,14.907407760620117,1.8799999952316284,45.729034423828125,6.2037034034729,1.8399999141693115,0.0,0.0,30.0,45.797393798828125,10.555555582046509,False,,,,,,,
V18-29,100,48.207061767578125,0.0,1.8799999952316284,47.882354736328125,0.0,1.8299999237060547,0.0,0.3333333432674408,100.0,48.044708251953125,0.0,False,,,,,,,
V18-30,100,49.29913330078125,0.0,1.909999966621399,48.64630126953125,0.0,1.8650000095367432,0.0,0.0,100.0,48.97271728515625,0.0,False,,,,,,,
V18-31,47,47.889190673828125,0.0,1.909999966621399,47.195343017578125,0.0,1.8600000143051147,0.0,6.85579252243042,47.0,47.542266845703125,0.0,False,,,,,,,
V19-00,80,53.2349853515625,0.1388888955116272,1.8199999332427979,47.848175048828125,0.0,1.7599999904632568,0.0,0.0,80.0,50.54158020019531,0.0694444477558136,False,,,,,,,
V19-01,100,53.821197509765625,0.7777777910232544,1.8199999332427979,48.136993408203125,0.8888888955116272,1.7599999904632568,0.0,0.2222222238779068,100.0,50.979095458984375,0.8333333432674408,False,,,,,,,
V19-02,100,53.1785888671875,1.3333333730697632,1.8199999332427979,47.733673095703125,0.7777777910232544,1.7599999904632568,0.0,0.1666666716337204,100.0,50.45613098144531,1.0555555820465088,False,,,,,,,
V19-03,100,52.8094482421875,1.5,1.8199999332427979,47.836212158203125,1.7777777910232544,1.7599999904632568,0.0,2.3888888359069824,100.0,50.32283020019531,1.6388888955116272,False,,,,,,,
V19-04,100,52.009613037109375,2.5,1.809999942779541,48.239532470703125,2.444444417953491,1.7599999904632568,0.0,0.0555555559694767,100.0,50.12457275390625,2.4722222089767456,False,,,,,,,
V19-05,100,52.016448974609375,0.6111111640930176,1.8199999332427979,48.49591064453125,0.4444444477558136,1.7699999809265137,0.1111111119389534,3.777777671813965,100.0,50.25617980957031,0.5277778059244156,False,,,,,,,
V19-06,100,51.690032958984375,3.555555582046509,1.8299999237060547,48.321563720703125,3.3333330154418945,1.7799999713897705,0.0,1.0,100.0,50.00579833984375,3.4444442987442017,False,,,,,,,
V19-07,100,51.878021240234375,0.0,1.8199999332427979,48.59503173828125,0.0,1.7699999809265137,0.0,0.0,100.0,50.23652648925781,0.0,False,,,,,,,
V19-08,100,52.418060302734375,0.0,1.8249999284744263,48.265167236328125,0.0,1.7699999809265137,0.0,0.3333333432674408,100.0,50.34161376953125,0.0,False,,,,,,,
V19-09,100,53.1632080078125,0.0,1.8299999237060547,48.61212158203125,0.0,1.7699999809265137,0.0,0.0833333358168602,100.0,50.887664794921875,0.0,False,,,,,,,
V19-10,100,50.951751708984375,0.0,1.8299999237060547,47.574737548828125,0.0,1.7799999713897705,0.0,15.25,100.0,49.26324462890625,0.0,True,72.64075067024129,41,31,77,12,0,"Inspect pedestrian use, current shade and planting feasibility before choosing an intervention."
V19-11,100,48.63775634765625,0.0,1.809999942779541,46.354522705078125,0.0,1.7699999809265137,0.0,29.86111068725586,100.0,47.49613952636719,0.0,True,44.22252010723861,241,166,295,13,0,"Inspect pedestrian use, current shade and planting feasibility before choosing an intervention."
V19-12,100,48.157501220703125,1.5555555820465088,1.7999999523162842,46.880889892578125,0.6666666269302368,1.7599999904632568,0.0,93.36111450195312,100.0,47.519195556640625,1.1111111044883728,True,30.522788203753354,308,233,371,13,0,"Inspect pedestrian use, current shade and planting feasibility before choosing an intervention."
V19-13,100,48.186553955078125,1.0,1.809999942779541,47.369659423828125,0.3333333432674408,1.7699999809265137,0.0,94.77777099609375,100.0,47.778106689453125,0.6666666716337204,True,36.0857908847185,286,211,347,13,0,"Inspect pedestrian use, current shade and planting feasibility before choosing an intervention."
V19-14,100,48.46685791015625,0.1111111119389534,1.809999942779541,47.530303955078125,0.1111111119389534,1.7699999809265137,0.0,83.3888931274414,100.0,47.99858093261719,0.1111111119389534,True,44.3029490616622,240,168,296,13,0,"Inspect pedestrian use, current shade and planting feasibility before choosing an intervention."
V19-15,100,48.81890869140625,11.361111640930176,1.809999942779541,47.111602783203125,10.916666030883789,1.7699999809265137,0.0,69.75,100.0,47.96525573730469,11.138888835906982,True,29.865951742627345,310,234,372,13,0,"Inspect pedestrian use, current shade and planting feasibility before choosing an intervention."
V19-16,100,49.00689697265625,0.9166667461395264,1.8199999332427979,47.376495361328125,0.8611111044883728,1.7699999809265137,0.0,55.44444274902344,100.0,48.19169616699219,0.8888889253139496,True,42.05093833780161,253,180,308,13,0,"Inspect pedestrian use, current shade and planting feasibility before choosing an intervention."
V19-17,100,48.69415283203125,0.0,1.7999999523162842,47.738800048828125,0.0,1.7599999904632568,0.7777777910232544,77.30555725097656,100.0,48.21647644042969,0.0,True,65.05361930294906,83,34,198,13,0,"Inspect pedestrian use, current shade and planting feasibility before choosing an intervention."
V19-18,100,48.77276611328125,2.749999761581421,1.8199999332427979,48.65826416015625,2.472222328186035,1.7899999618530273,0.1944444477558136,84.61111450195312,100.0,48.71551513671875,2.611111044883728,True,54.95978552278821,159,104,227,13,0,"Inspect pedestrian use, current shade and planting feasibility before choosing an intervention."
V19-19,100,49.44612121582031,8.972222328186035,1.8499999046325684,48.77618408203125,7.916667461395264,1.809999942779541,1.750000238418579,42.69444274902344,100.0,49.11115264892578,8.44444489479065,True,59.32975871313673,125,90,224,13,0,"Inspect pedestrian use, current shade and planting feasibility before choosing an intervention."
V19-20,100,49.878509521484375,3.305555582046509,1.8550000190734863,48.97784423828125,3.194444179534912,1.809999942779541,0.0,51.69444274902344,100.0,49.42817687988281,3.2499998807907104,True,56.64879356568364,144,61,206,13,0,"Inspect pedestrian use, current shade and planting feasibility before choosing an intervention."
V19-21,100,48.090850830078125,13.86111068725586,1.8199999332427979,47.162872314453125,12.36111068725586,1.7799999713897705,0.0,71.88888549804688,100.0,47.626861572265625,13.11111068725586,True,23.80697050938338,336,262,404,13,0,"Inspect pedestrian use, current shade and planting feasibility before choosing an intervention."
V19-22,100,47.800323486328125,0.1111111119389534,1.8299999237060547,47.195343017578125,0.0,1.7799999713897705,0.0,87.22222137451172,100.0,47.497833251953125,0.0555555559694767,True,38.68632707774799,272,201,333,13,0,"Inspect pedestrian use, current shade and planting feasibility before choosing an intervention."
V19-23,100,47.887481689453125,0.0,1.8299999237060547,47.138946533203125,0.0,1.7899999618530273,0.0,93.33333587646484,100.0,47.513214111328125,0.0,True,44.624664879356565,237,162,294,13,0,"Inspect pedestrian use, current shade and planting feasibility before choosing an intervention."
V19-24,100,48.302764892578125,0.2222222238779068,1.8399999141693115,47.244903564453125,0.1111111119389534,1.7899999618530273,0.0,88.33333587646484,100.0,47.773834228515625,0.1666666679084301,True,39.93297587131367,263,194,320,13,0,"Inspect pedestrian use, current shade and planting feasibility before choosing an intervention."
V19-25,100,47.244903564453125,0.8888888359069824,1.8299999237060547,46.554473876953125,0.6111111044883728,1.7799999713897705,0.0,87.91667938232422,100.0,46.899688720703125,0.7499999701976776,True,24.691689008042893,333,261,398,13,0,"Inspect pedestrian use, current shade and planting feasibility before choosing an intervention."
V19-26,50,47.637969970703125,9.44444465637207,1.8199999332427979,46.986846923828125,9.222222328186035,1.7799999713897705,0.0,43.27777862548828,50.0,47.312408447265625,9.333333492279053,True,20.187667560321714,353,278,417,13,0,"Inspect pedestrian use, current shade and planting feasibility before choosing an intervention."
V19-28,27,48.111358642578125,11.316872596740723,1.8700000047683716,46.959503173828125,2.572016477584839,1.8299999237060547,0.0,0.0,27.0,47.535430908203125,6.944444537162781,False,,,,,,,
V19-29,81,49.32476806640625,0.0,1.909999966621399,48.89752197265625,0.0,1.8700000047683716,0.0,0.0,81.0,49.11114501953125,0.0,False,,,,,,,
V19-30,57,48.59332275390625,0.0,1.8899999856948853,48.333526611328125,0.0,1.8499999046325684,0.0,0.1949317753314972,56.99999999999999,48.46342468261719,0.0,False,,,,,,,
V20-00,80,52.5941162109375,0.0,1.8199999332427979,47.514923095703125,0.0,1.7699999809265137,0.0,0.0,80.0,50.05451965332031,0.0,False,,,,,,,
V20-01,100,53.2076416015625,6.222222328186035,1.8199999332427979,48.386505126953125,5.555555820465088,1.7699999809265137,0.0,0.1111111119389534,100.0,50.79707336425781,5.8888890743255615,False,,,,,,,
V20-02,100,52.6710205078125,0.8333333730697632,1.8199999332427979,47.808868408203125,0.3333333432674408,1.7599999904632568,0.0,2.3888888359069824,100.0,50.23994445800781,0.583333358168602,False,,,,,,,
V20-03,100,52.366790771484375,1.0555555820465088,1.809999942779541,47.658477783203125,1.0,1.7599999904632568,0.0,0.3333333432674408,100.0,50.01263427734375,1.0277777910232544,False,,,,,,,
V20-04,100,51.679779052734375,0.3333333432674408,1.8049999475479126,47.998565673828125,0.2222222238779068,1.7599999904632568,0.0,0.0,100.0,49.83917236328125,0.2777777835726738,False,,,,,,,
V20-05,100,50.975677490234375,4.166666507720947,1.809999942779541,48.135284423828125,3.3333334922790527,1.7699999809265137,0.0,0.3333333432674408,100.0,49.55548095703125,3.75,False,,,,,,,
V20-06,100,51.469573974609375,0.0,1.8199999332427979,48.289093017578125,0.0,1.7699999809265137,0.0,0.0,100.0,49.87933349609375,0.0,False,,,,,,,
V20-07,100,51.273040771484375,0.0,1.8299999237060547,48.189971923828125,0.0,1.7799999713897705,0.0,0.0,100.0,49.73150634765625,0.0,False,,,,,,,
V20-08,100,50.845794677734375,0.0,1.8299999237060547,47.690948486328125,0.0,1.7799999713897705,0.0,5.777777671813965,100.0,49.26837158203125,0.0,False,,,,,,,
V20-09,100,49.596527099609375,0.0,1.8199999332427979,46.754425048828125,0.0,1.7699999809265137,0.0,9.527777671813965,100.0,48.17547607421875,0.0,False,,,,,,,
V20-10,100,49.29742431640625,0.0,1.809999942779541,46.556182861328125,0.0,1.7699999809265137,0.0,5.805555820465088,100.0,47.92680358886719,0.0,False,,,,,,,
V20-11,100,49.497406005859375,0.0,1.8299999237060547,46.357940673828125,0.0,1.7799999713897705,0.0,4.361111164093018,100.0,47.92767333984375,0.0,False,,,,,,,
V20-12,100,50.122894287109375,0.7777777910232544,1.8199999332427979,47.272247314453125,0.4444444477558136,1.7699999809265137,0.0,60.11111068725586,100.0,48.69757080078125,0.611111119389534,True,51.87667560321716,183,122,228,13,0,"Inspect pedestrian use, current shade and planting feasibility before choosing an intervention."
V20-13,100,48.64630126953125,0.1111111119389534,1.8199999332427979,47.145782470703125,0.1111111119389534,1.7799999713897705,0.0,92.41666412353516,100.0,47.89604187011719,0.1111111119389534,True,42.42627345844504,252,179,306,13,0,"Inspect pedestrian use, current shade and planting feasibility before choosing an intervention."
V20-14,100,49.05645751953125,0.3333333432674408,1.7999999523162842,47.140655517578125,0.1111111119389534,1.7599999904632568,0.0,80.6111068725586,100.0,48.09855651855469,0.2222222276031971,True,44.55764075067024,238,167,293,13,0,"Inspect pedestrian use, current shade and planting feasibility before choosing an intervention."
V20-15,100,48.94537353515625,0.0,1.809999942779541,46.756134033203125,0.0,1.7599999904632568,0.0,68.0,100.0,47.85075378417969,0.0,True,49.45040214477211,195,135,250,13,0,"Inspect pedestrian use, current shade and planting feasibility before choosing an intervention."
V20-16,100,48.87530517578125,0.1666666716337204,1.809999942779541,47.367950439453125,0.0,1.7699999809265137,0.0,69.36111450195312,100.0,48.12162780761719,0.0833333358168602,True,47.278820375335116,216,149,269,13,0,"Inspect pedestrian use, current shade and planting feasibility before choosing an intervention."
V20-17,100,47.952423095703125,0.0,1.809999942779541,47.062042236328125,0.0,1.7699999809265137,0.1111111119389534,67.80554962158203,100.0,47.507232666015625,0.0,True,51.99731903485254,182,92,287,13,0,"Inspect pedestrian use, current shade and planting feasibility before choosing an intervention."
V20-18,100,49.08380126953125,3.8333334922790527,1.809999942779541,49.18634033203125,1.388888955116272,1.7799999713897705,3.1944446563720703,96.72222137451172,100.0,49.13507080078125,2.6111112236976624,True,64.10187667560321,90,65,181,13,0,"Inspect pedestrian use, current shade and planting feasibility before choosing an intervention."
V20-19,100,49.683685302734375,1.1111111640930176,1.8399999141693115,49.03424072265625,0.5,1.8049999475479126,15.694445610046387,65.94444274902344,100.0,49.35896301269531,0.8055555820465088,True,73.029490616622,39,12,122,13,0,"Inspect pedestrian use, current shade and planting feasibility before choosing an intervention."
V20-20,100,50.151947021484375,0.0,1.8199999332427979,49.14532470703125,0.0,1.7799999713897705,0.0,46.638893127441406,100.0,49.64863586425781,0.0,True,77.06434316353888,29,23,93,13,0,"Inspect pedestrian use, current shade and planting feasibility before choosing an intervention."
V20-21,100,48.46002197265625,0.1111111119389534,1.809999942779541,47.260284423828125,0.0,1.7599999904632568,0.0,86.75,100.0,47.86015319824219,0.0555555559694767,True,44.048257372654156,244,171,299,13,0,"Inspect pedestrian use, current shade and planting feasibility before choosing an intervention."
V20-22,100,48.70098876953125,0.0,1.809999942779541,47.482452392578125,0.0,1.7599999904632568,0.0,78.6111068725586,100.0,48.09172058105469,0.0,True,53.87399463806971,168,111,217,13,0,"Inspect pedestrian use, current shade and planting feasibility before choosing an intervention."
V20-23,89,48.75396728515625,0.0,1.8299999237060547,47.793487548828125,0.0,1.7799999713897705,0.0,88.1710433959961,89.0,48.27372741699219,0.0,True,57.35924932975871,138,83,191,13,0,"Inspect pedestrian use, current shade and planting feasibility before choosing an intervention."
V20-24,92,49.27862548828125,0.0,1.8399999141693115,47.964385986328125,0.0,1.7899999618530273,0.0,48.79227066040039,92.0,48.62150573730469,0.0,True,62.58713136729222,102,62,152,13,0,"Inspect pedestrian use, current shade and planting feasibility before choosing an intervention."
V20-25,100,49.11968994140625,18.444446563720703,1.8600000143051147,47.950714111328125,16.88888931274414,1.809999942779541,0.0,36.52777862548828,100.0,48.53520202636719,17.666667938232422,True,38.766756032171585,270,159,325,13,0,"Inspect pedestrian use, current shade and planting feasibility before choosing an intervention."
V20-26,49,48.87701416015625,15.532880783081055,1.8799999952316284,48.125030517578125,14.512473106384277,1.8299999237060547,0.0,0.0,49.0,48.50102233886719,15.022676944732666,False,,,,,,,
V20-27,66,50.989349365234375,0.0,1.8700000047683716,49.43243408203125,0.0,1.8199999332427979,0.0,0.0,66.0,50.21089172363281,0.0,False,,,,,,,
V20-28,100,50.348480224609375,0.0,1.8899999856948853,48.76934814453125,0.0,1.8399999141693115,0.0,0.0,100.0,49.55891418457031,0.0,False,,,,,,,
V21-00,80,52.002777099609375,0.0,1.809999942779541,47.214141845703125,0.0,1.7599999904632568,0.0,0.7291667461395264,80.0,49.60845947265625,0.0,False,,,,,,,
V21-01,100,52.7940673828125,0.0,1.809999942779541,48.099395751953125,0.0,1.7599999904632568,0.0,0.1111111119389534,100.0,50.44673156738281,0.0,False,,,,,,,
V21-02,100,52.7410888671875,0.6666666865348816,1.809999942779541,47.829376220703125,0.1111111119389534,1.7599999904632568,0.0,1.5555554628372192,100.0,50.28523254394531,0.3888888992369175,False,,,,,,,
V21-03,100,51.527679443359375,0.0,1.7999999523162842,47.513214111328125,0.0,1.75,0.0,0.1111111119389534,100.0,49.52044677734375,0.0,False,,,,,,,
V21-04,100,51.069671630859375,0.0,1.809999942779541,47.492706298828125,0.0,1.7599999904632568,0.0,0.0,100.0,49.28118896484375,0.0,False,,,,,,,
V21-05,100,50.503997802734375,0.0,1.7999999523162842,47.790069580078125,0.0,1.7599999904632568,0.0,0.0,100.0,49.14703369140625,0.0,False,,,,,,,
V21-06,100,50.620208740234375,0.0,1.7999999523162842,47.790069580078125,0.0,1.7599999904632568,0.0,0.0,100.0,49.20513916015625,0.0,False,,,,,,,
V21-07,100,50.977386474609375,0.0,1.8199999332427979,47.796905517578125,0.0,1.7699999809265137,0.0,0.0,100.0,49.38714599609375,0.0,False,,,,,,,
V21-08,100,50.049407958984375,0.0,1.809999942779541,47.432891845703125,0.0,1.7699999809265137,0.0,13.249999046325684,100.0,48.74114990234375,0.0,True,64.86595174262735,86,63,135,12,0,"Inspect pedestrian use, current shade and planting feasibility before choosing an intervention."
V21-09,100,49.29742431640625,0.0,1.7999999523162842,47.154327392578125,0.0,1.7599999904632568,0.0,0.3055555522441864,100.0,48.22587585449219,0.0,False,,,,,,,
V21-10,100,48.75225830078125,0.0,1.809999942779541,46.915069580078125,0.0,1.7649999856948853,0.0,0.0,100.0,47.83366394042969,0.0,False,,,,,,,
V21-11,100,48.98980712890625,0.1111111119389534,1.809999942779541,46.727081298828125,0.0,1.7699999809265137,0.0,20.86111068725586,100.0,47.85844421386719,0.0555555559694767,True,43.9142091152815,245,173,300,13,0,"Inspect pedestrian use, current shade and planting feasibility before choosing an intervention."
V21-12,96,49.625579833984375,0.05787036940455437,1.8199999332427979,46.921905517578125,0.05787036940455437,1.7699999809265137,0.0,90.71179962158203,96.0,48.27374267578125,0.05787036940455437,True,51.09919571045577,187,121,242,13,0,"Inspect pedestrian use, current shade and planting feasibility before choosing an intervention."
V21-13,76,49.14019775390625,0.292397677898407,1.809999942779541,47.314971923828125,0.1461988389492035,1.7699999809265137,0.0,55.11695861816406,76.0,48.22758483886719,0.21929825842380524,True,47.801608579088466,211,138,262,13,0,"Inspect pedestrian use, current shade and planting feasibility before choosing an intervention."
V21-14,100,48.80352783203125,0.7777778506278992,1.8199999332427979,47.219268798828125,0.6666666865348816,1.7799999713897705,0.0,59.0555534362793,100.0,48.01139831542969,0.7222222685813904,True,39.383378016085786,268,192,323,13,0,"Inspect pedestrian use, current shade and planting feasibility before choosing an intervention."
V21-15,100,49.13336181640625,0.1111111119389534,1.8299999237060547,46.978302001953125,0.1111111119389534,1.7799999713897705,3.0,77.83332824707031,100.0,48.05583190917969,0.1111111119389534,True,55.77747989276139,153,81,223,13,0,"Inspect pedestrian use, current shade and planting feasibility before choosing an intervention."
V21-16,100,49.33160400390625,0.0,1.809999942779541,47.202178955078125,0.0,1.7699999809265137,0.0,78.55554962158203,100.0,48.26689147949219,0.0,True,57.22520107238606,141,85,192,13,0,"Inspect pedestrian use, current shade and planting feasibility before choosing an intervention."
V21-17,100,48.53521728515625,0.1111111119389534,1.809999942779541,47.128692626953125,0.1111111119389534,1.7699999809265137,0.0,88.72222137451172,100.0,47.83195495605469,0.1111111119389534,True,41.487935656836456,256,186,311,13,0,"Inspect pedestrian use, current shade and planting feasibility before choosing an intervention."
V21-18,100,48.333526611328125,4.833333492279053,1.8199999332427979,47.995147705078125,3.055555582046509,1.7799999713897705,8.61111068725586,97.72222137451172,100.0,48.164337158203125,3.9444445371627808,True,48.2573726541555,207,146,282,13,0,"Inspect pedestrian use, current shade and planting feasibility before choosing an intervention."
V21-19,100,49.996429443359375,1.3333333730697632,1.8299999237060547,49.09234619140625,0.9444444179534912,1.7899999618530273,0.3888888955116272,91.97221374511719,100.0,49.54438781738281,1.1388888955116272,True,69.11528150134049,59,42,125,13,0,"Inspect pedestrian use, current shade and planting feasibility before choosing an intervention."
V21-20,100,47.562774658203125,0.0,1.809999942779541,46.993682861328125,0.0,1.7699999809265137,3.277777910232544,74.33332824707031,100.0,47.278228759765625,0.0,True,50.79088471849866,190,78,318,13,0,"Inspect pedestrian use, current shade and planting feasibility before choosing an intervention."
V21-21,100,47.443145751953125,0.3333333432674408,1.8049999475479126,47.130401611328125,0.3333333432674408,1.7599999904632568,0.0555555559694767,83.97222900390625,100.0,47.286773681640625,0.3333333432674408,True,37.533512064343164,279,214,335,13,0,"Inspect pedestrian use, current shade and planting feasibility before choosing an intervention."
V21-22,100,47.655059814453125,0.5555555820465088,1.809999942779541,47.308135986328125,0.2222222238779068,1.7699999809265137,0.0,93.83333587646484,100.0,47.481597900390625,0.3888889029622078,True,32.828418230563,298,224,358,13,0,"Inspect pedestrian use, current shade and planting feasibility before choosing an intervention."
V21-23,100,47.822540283203125,0.3333333730697632,1.8199999332427979,47.260284423828125,0.2222222238779068,1.7799999713897705,0.0,98.72222137451172,100.0,47.541412353515625,0.277777798473835,True,35.22788203753351,288,217,348,13,0,"Inspect pedestrian use, current shade and planting feasibility before choosing an intervention."
V21-24,70,48.45658874511719,0.0,1.8299999237060547,47.243194580078125,0.0,1.7799999713897705,0.0,91.54762268066406,70.0,47.849891662597656,0.0,True,49.31635388739946,196,138,251,13,0,"Inspect pedestrian use, current shade and planting feasibility before choosing an intervention."
V21-25,93,49.584564208984375,0.0,1.8399999141693115,48.347198486328125,0.0,1.7899999618530273,0.0,37.335716247558594,93.0,48.96588134765625,0.0,True,68.61930294906166,61,40,107,13,0,"Inspect pedestrian use, current shade and planting feasibility before choosing an intervention."
V21-26,87,50.151947021484375,0.0,1.8600000143051147,48.94879150390625,0.0,1.809999942779541,0.0,0.0,87.0,49.55036926269531,0.0,False,,,,,,,
V21-27,100,49.728118896484375,0.0,1.8399999141693115,48.367706298828125,0.0,1.7899999618530273,0.0,0.0,100.0,49.04791259765625,0.0,False,,,,,,,
V21-28,96,49.736663818359375,0.0,1.8499999046325684,48.046417236328125,0.0,1.7999999523162842,0.0,0.0,96.0,48.89154052734375,0.0,False,,,,,,,
V22-00,80,52.035247802734375,0.0,1.809999942779541,47.755889892578125,0.0,1.7599999904632568,0.0,8.854166030883789,80.0,49.89556884765625,0.0,False,,,,,,,
V22-01,100,51.430267333984375,0.0,1.7999999523162842,47.157745361328125,0.0,1.7599999904632568,0.0,0.0,100.0,49.29400634765625,0.0,False,,,,,,,
V22-02,100,52.308685302734375,0.0,1.809999942779541,47.562774658203125,0.0,1.7599999904632568,0.0,0.0,100.0,49.93572998046875,0.0,False,,,,,,,
V22-03,100,51.628509521484375,0.0,1.809999942779541,47.311553955078125,0.0,1.7599999904632568,0.0,0.0,100.0,49.47003173828125,0.0,False,,,,,,,
V22-04,100,51.151702880859375,0.0,1.809999942779541,47.325225830078125,0.0,1.7599999904632568,0.0,0.0,100.0,49.23846435546875,0.0,False,,,,,,,
V22-05,100,50.432220458984375,0.0,1.809999942779541,47.091094970703125,0.0,1.7599999904632568,0.0,0.0,100.0,48.76165771484375,0.0,False,,,,,,,
V22-06,100,49.837493896484375,0.0,1.809999942779541,46.634796142578125,0.0,1.7599999904632568,0.0,0.0,100.0,48.23614501953125,0.0,False,,,,,,,
V22-07,100,50.681732177734375,0.1111111119389534,1.8199999332427979,47.726837158203125,0.0555555559694767,1.7699999809265137,0.0,0.0,100.0,49.20428466796875,0.08333333395421505,False,,,,,,,
V22-08,100,50.693695068359375,6.999999046325684,1.809999942779541,48.222442626953125,5.777777671813965,1.7699999809265137,0.0,1.972222089767456,100.0,49.45806884765625,6.388888359069824,False,,,,,,,
V22-09,100,48.82403564453125,0.1111111119389534,1.7999999523162842,47.304718017578125,0.0555555559694767,1.7599999904632568,0.0,11.75,100.0,48.06437683105469,0.08333333395421505,True,46.66219839142091,222,182,276,12,0,"Inspect pedestrian use, current shade and planting feasibility before choosing an intervention."
V22-10,100,48.258331298828125,0.2222222238779068,1.809999942779541,47.014190673828125,0.1111111119389534,1.7699999809265137,0.0,0.0,100.0,47.636260986328125,0.1666666679084301,False,,,,,,,
V22-11,100,48.54718017578125,0.0,1.809999942779541,46.947540283203125,0.0,1.7699999809265137,0.0,7.05555534362793,100.0,47.74736022949219,0.0,False,,,,,,,
V22-12,50,49.25469970703125,0.5555555820465088,1.8199999332427979,47.135528564453125,0.3333333432674408,1.7699999809265137,0.0,24.444442749023438,50.0,48.19511413574219,0.4444444626569748,True,44.54423592493298,239,160,292,13,0,"Inspect pedestrian use, current shade and planting feasibility before choosing an intervention."
V22-13,36,48.340362548828125,0.0,1.809999942779541,46.566436767578125,0.0,1.7699999809265137,0.0,24.614198684692383,36.0,47.453399658203125,0.0,True,42.88203753351206,248,176,304,11,0,"Inspect pedestrian use, current shade and planting feasibility before choosing an intervention."
V22-14,100,48.43437194824219,0.2222222238779068,1.7999999523162842,46.949249267578125,0.1111111119389534,1.7599999904632568,0.0,89.38888549804688,100.0,47.691810607910156,0.1666666679084301,True,38.59249329758713,273,199,332,13,0,"Inspect pedestrian use, current shade and planting feasibility before choosing an intervention."
V22-15,100,48.113067626953125,0.0,1.7999999523162842,47.046661376953125,0.0,1.7599999904632568,0.0,86.80555725097656,100.0,47.579864501953125,0.0,True,45.56300268096514,231,152,285,13,0,"Inspect pedestrian use, current shade and planting feasibility before choosing an intervention."
V22-16,100,49.716156005859375,0.0555555559694767,1.8199999332427979,47.538848876953125,0.0,1.7699999809265137,0.0,49.916664123535156,100.0,48.62750244140625,0.02777777798473835,True,58.270777479892764,132,76,170,13,0,"Inspect pedestrian use, current shade and planting feasibility before choosing an intervention."
V22-17,100,48.84112548828125,0.0,1.809999942779541,47.212432861328125,0.1666666716337204,1.7599999904632568,0.0,84.72222137451172,100.0,48.02677917480469,0.0833333358168602,True,45.80428954423592,228,158,286,13,0,"Inspect pedestrian use, current shade and planting feasibility before choosing an intervention."
V22-18,100,48.68902587890625,0.5555555820465088,1.809999942779541,47.612335205078125,0.9444444179534912,1.7699999809265137,5.555555820465088,90.11111450195312,100.0,48.15068054199219,0.75,True,52.8686327077748,174,102,237,13,0,"Inspect pedestrian use, current shade and planting feasibility before choosing an intervention."
V22-19,100,48.55059814453125,0.0,1.809999942779541,47.566192626953125,0.0,1.7699999809265137,3.3333330154418945,95.44444274902344,100.0,48.05839538574219,0.0,True,63.739946380697056,92,27,222,13,0,"Inspect pedestrian use, current shade and planting feasibility before choosing an intervention."
V22-20,100,47.761016845703125,0.3333333432674408,1.809999942779541,47.285919189453125,0.1111111119389534,1.7699999809265137,7.777777194976807,98.72222137451172,100.0,47.523468017578125,0.2222222276031971,True,46.943699731903486,219,125,284,13,0,"Inspect pedestrian use, current shade and planting feasibility before choosing an intervention."
V22-21,100,47.138946533203125,1.5555555820465088,1.809999942779541,46.766387939453125,0.7777777910232544,1.7649999856948853,0.1666666716337204,99.41666412353516,100.0,46.952667236328125,1.1666666865348816,True,30.91152815013405,304,239,363,13,0,"Inspect pedestrian use, current shade and planting feasibility before choosing an intervention."
V22-22,100,47.070587158203125,0.5555555820465088,1.7999999523162842,46.657012939453125,0.5555555820465088,1.7599999904632568,0.0,73.91665649414062,100.0,46.863800048828125,0.5555555820465088,True,25.160857908847184,332,259,396,13,0,"Inspect pedestrian use, current shade and planting feasibility before choosing an intervention."
V22-23,100,47.790069580078125,0.0,1.8199999332427979,47.273956298828125,0.0,1.7699999809265137,0.0,93.0,100.0,47.532012939453125,0.0,True,45.02680965147452,235,156,291,13,0,"Inspect pedestrian use, current shade and planting feasibility before choosing an intervention."
V22-24,98,48.58648681640625,0.0,1.8299999237060547,47.684112548828125,0.0,1.7799999713897705,0.0,76.61564636230469,98.0,48.13529968261719,0.0,True,54.544235924932984,165,101,212,13,0,"Inspect pedestrian use, current shade and planting feasibility before choosing an intervention."
V22-25,60,49.19830322265625,0.0,1.8399999141693115,48.239532470703125,0.0,1.7899999618530273,0.0,5.0,60.0,48.71891784667969,0.0,False,,,,,,,
V22-26,100,49.810150146484375,0.0,1.8499999046325684,48.152374267578125,0.0,1.7999999523162842,0.0,0.0,100.0,48.98126220703125,0.0,False,,,,,,,
V22-27,100,49.933197021484375,0.0,1.8700000047683716,47.865264892578125,0.0,1.809999942779541,0.0,2.777777910232544,100.0,48.89923095703125,0.0,False,,,,,,,
V22-28,100,49.834075927734375,0.0,1.8600000143051147,47.819122314453125,0.0,1.7999999523162842,0.0,1.1111111640930176,100.0,48.82659912109375,0.0,False,,,,,,,
V23-00,80,51.816497802734375,0.0,1.7999999523162842,47.533721923828125,0.0,1.75,0.0,8.81944465637207,80.0,49.67510986328125,0.0,False,,,,,,,
V23-01,100,50.428802490234375,0.0,1.7999999523162842,46.670684814453125,0.0,1.75,0.0,2.0,100.0,48.54974365234375,0.0,False,,,,,,,
V23-02,100,51.293548583984375,0.0,1.7899999618530273,47.667022705078125,0.0,1.75,0.0,0.0,100.0,49.48028564453125,0.0,False,,,,,,,
V23-03,100,51.378997802734375,0.0,1.809999942779541,48.061798095703125,0.0,1.7599999904632568,0.0,0.0,100.0,49.72039794921875,0.0,False,,,,,,,
V23-04,100,51.541351318359375,0.0,1.809999942779541,47.971221923828125,0.0,1.7599999904632568,0.0,0.0,100.0,49.75628662109375,0.0,False,,,,,,,
V23-05,100,51.156829833984375,0.0,1.8199999332427979,47.649932861328125,0.0,1.7699999809265137,0.0,0.0,100.0,49.40338134765625,0.0,False,,,,,,,
V23-06,100,50.355316162109375,0.0,1.8199999332427979,47.557647705078125,0.0,1.7799999713897705,0.0,0.0,100.0,48.95648193359375,0.0,False,,,,,,,
V23-07,100,50.321136474609375,1.8888888359069824,1.8299999237060547,47.978057861328125,0.7222222685813904,1.7899999618530273,0.0,0.0,100.0,49.14959716796875,1.3055555522441864,False,,,,,,,
V23-08,100,51.242279052734375,9.333333969116211,1.8299999237060547,49.32818603515625,9.166667938232422,1.7899999618530273,0.0,0.2222222238779068,100.0,50.28523254394531,9.250000953674316,False,,,,,,,
V23-09,100,49.480316162109375,0.1111111119389534,1.809999942779541,47.397003173828125,0.1111111119389534,1.7699999809265137,0.0,2.194444417953491,100.0,48.43865966796875,0.1111111119389534,False,,,,,,,
V23-10,100,48.90435791015625,0.0,1.809999942779541,46.709991455078125,0.0,1.7599999904632568,0.0,24.19444465637207,100.0,47.80717468261719,0.0,True,48.78016085790885,198,140,255,13,0,"Inspect pedestrian use, current shade and planting feasibility before choosing an intervention."
V23-11,100,48.82574462890625,0.0,1.809999942779541,46.542510986328125,0.0,1.7699999809265137,0.0,6.388888359069824,100.0,47.68412780761719,0.0,False,,,,,,,
V23-12,98,48.79669189453125,0.0,1.809999942779541,46.615997314453125,0.0,1.7699999809265137,0.0,0.0,98.0,47.70634460449219,0.0,False,,,,,,,
V23-13,97,48.93170166015625,0.28636887669563293,1.8199999332427979,47.120147705078125,0.22909508645534515,1.7799999713897705,0.0,4.553264617919922,97.0,48.02592468261719,0.25773198157548904,False,,,,,,,
V23-14,100,49.591400146484375,0.6111111640930176,1.8199999332427979,47.950714111328125,0.3888888955116272,1.7799999713897705,0.0,47.83333206176758,100.0,48.77105712890625,0.5000000298023224,True,53.860589812332435,169,108,210,13,0,"Inspect pedestrian use, current shade and planting feasibility before choosing an intervention."
V23-15,100,48.55572509765625,0.1111111119389534,1.809999942779541,47.761016845703125,0.1111111119389534,1.7699999809265137,0.0,73.66667175292969,100.0,48.15837097167969,0.1111111119389534,True,47.520107238605895,213,145,266,13,0,"Inspect pedestrian use, current shade and planting feasibility before choosing an intervention."
V23-16,100,48.75054931640625,0.0555555559694767,1.8199999332427979,47.291046142578125,0.0,1.7799999713897705,0.4722222089767456,50.861106872558594,100.0,48.02079772949219,0.02777777798473835,True,56.0857908847185,148,86,227,13,0,"Inspect pedestrian use, current shade and planting feasibility before choosing an intervention."
V23-17,100,48.090850830078125,0.4444444477558136,1.809999942779541,47.424346923828125,0.0,1.7699999809265137,0.02777777798473835,81.91667175292969,100.0,47.757598876953125,0.2222222238779068,True,46.27345844504022,226,164,273,13,0,"Inspect pedestrian use, current shade and planting feasibility before choosing an intervention."
V23-18,100,47.709747314453125,0.0,1.8199999332427979,47.800323486328125,0.0,1.7799999713897705,3.777777671813965,88.50000762939453,100.0,47.755035400390625,0.0,True,58.67292225201073,128,42,261,13,0,"Inspect pedestrian use, current shade and planting feasibility before choosing an intervention."
V23-19,100,47.754180908203125,0.4444444477558136,1.7999999523162842,47.209014892578125,0.3333333432674408,1.7599999904632568,0.0,90.3888931274414,100.0,47.481597900390625,0.3888888955116272,True,33.069705093833775,296,222,357,13,0,"Inspect pedestrian use, current shade and planting feasibility before choosing an intervention."
V23-20,100,48.107940673828125,0.1111111119389534,1.809999942779541,47.337188720703125,0.0,1.7699999809265137,0.0,92.75,100.0,47.722564697265625,0.0555555559694767,True,41.76943699731904,254,187,315,13,0,"Inspect pedestrian use, current shade and planting feasibility before choosing an intervention."
V23-21,100,47.930206298828125,1.1111111640930176,1.809999942779541,46.921905517578125,0.7777777910232544,1.7599999904632568,0.0,95.75,100.0,47.426055908203125,0.944444477558136,True,28.900804289544237,313,240,377,13,0,"Inspect pedestrian use, current shade and planting feasibility before choosing an intervention."
V23-22,100,47.827667236328125,0.4444444477558136,1.809999942779541,46.851837158203125,0.3333333432674408,1.7699999809265137,0.0,78.83333587646484,100.0,47.339752197265625,0.3888888955116272,True,31.05898123324397,303,231,368,13,0,"Inspect pedestrian use, current shade and planting feasibility before choosing an intervention."
V23-23,100,48.74884033203125,0.0,1.8199999332427979,47.620880126953125,0.0,1.7799999713897705,0.0,47.388885498046875,100.0,48.18486022949219,0.0,True,55.48257372654156,154,98,205,13,0,"Inspect pedestrian use, current shade and planting feasibility before choosing an intervention."
V23-24,83,49.00006103515625,0.0,1.8299999237060547,48.046417236328125,0.0,1.7799999713897705,1.2048192024230957,18.540828704833984,83.0,48.52323913574219,0.0,True,70.46916890080428,51,11,161,12,0,"Inspect pedestrian use, current shade and planting feasibility before choosing an intervention."
V23-25,100,49.19488525390625,0.0,1.8399999141693115,47.836212158203125,0.0,1.7899999618530273,0.0,4.555555820465088,100.0,48.51554870605469,0.0,False,,,,,,,
V23-26,78,49.06671142578125,0.0,1.8499999046325684,47.412384033203125,0.0,1.7999999523162842,0.0,2.3504276275634766,78.0,48.23954772949219,0.0,False,,,,,,,
V23-27,100,50.098968505859375,0.0,1.8700000047683716,47.931915283203125,0.0,1.8199999332427979,0.0,0.8888888955116272,100.0,49.01544189453125,0.0,False,,,,,,,
V23-28,100,50.358734130859375,0.0,1.8700000047683716,48.256622314453125,0.0,1.8199999332427979,0.0,0.0,100.0,49.30767822265625,0.0,False,,,,,,,
V23-29,97,48.59674072265625,0.0,1.8700000047683716,47.041534423828125,0.0,1.809999942779541,0.0,9.42153549194336,97.0,47.81913757324219,0.0,False,,,,,,,
V23-30,31,47.376495361328125,0.0,1.899999976158142,46.340850830078125,0.0,1.8499999046325684,0.0,18.100358963012695,31.0,46.858673095703125,0.0,True,36.84986595174263,282,219,344,10,0,"Inspect pedestrian use, current shade and planting feasibility before choosing an intervention."
V24-00,80,52.098480224609375,0.0,1.7999999523162842,48.042999267578125,0.0,1.7599999904632568,0.0,0.0,80.0,50.07073974609375,0.0,False,,,,,,,
V24-01,100,50.134857177734375,0.0,1.7999999523162842,46.875762939453125,0.0,1.75,0.0,11.5,100.0,48.50531005859375,0.0,True,61.11260053619303,110,78,163,12,0,"Inspect pedestrian use, current shade and planting feasibility before choosing an intervention."
V24-02,92,50.890228271484375,0.0,1.7999999523162842,47.361114501953125,0.0,1.75,0.0,0.0,92.0,49.12567138671875,0.0,False,,,,,,,
V24-03,100,51.314056396484375,0.0,1.7999999523162842,48.49420166015625,0.0,1.7599999904632568,0.0,0.0,100.0,49.90412902832031,0.0,False,,,,,,,
V24-04,100,51.180755615234375,0.0,1.7999999523162842,48.282257080078125,0.0,1.7599999904632568,0.0,0.0,100.0,49.73150634765625,0.0,False,,,,,,,
V24-05,100,50.440765380859375,0.0,1.809999942779541,47.473907470703125,0.0,1.7699999809265137,0.0,0.0,100.0,48.95733642578125,0.0,False,,,,,,,
V24-06,100,50.943206787109375,0.5555555820465088,1.8199999332427979,48.046417236328125,0.5555555820465088,1.7699999809265137,0.0,10.222223281860352,100.0,49.49481201171875,0.5555555820465088,True,63.36461126005363,96,58,140,12,0,"Inspect pedestrian use, current shade and planting feasibility before choosing an intervention."
V24-07,100,50.517669677734375,0.0,1.8199999332427979,48.024200439453125,0.0,1.7799999713897705,19.55555534362793,18.416667938232422,100.0,49.27093505859375,0.0,True,85.40214477211796,4,2,76,13,3,"Inspect pedestrian use, current shade and planting feasibility before choosing an intervention."
V24-08,78,49.538421630859375,0.07122506946325302,1.809999942779541,47.902862548828125,0.0,1.7699999809265137,8.689458847045898,26.816240310668945,78.0,48.72064208984375,0.03561253473162651,True,71.39410187667559,46,10,138,13,0,"Inspect pedestrian use, current shade and planting feasibility before choosing an intervention."
V24-09,100,49.634124755859375,0.1111111119389534,1.809999942779541,47.685821533203125,0.0,1.7699999809265137,0.0,12.63888931274414,100.0,48.65997314453125,0.0555555559694767,True,57.98927613941019,135,106,172,12,0,"Inspect pedestrian use, current shade and planting feasibility before choosing an intervention."
V24-10,100,49.42730712890625,0.0,1.809999942779541,46.643341064453125,0.0,1.7699999809265137,0.0,9.694443702697754,100.0,48.03532409667969,0.0,False,,,,,,,
V24-11,100,48.289093017578125,0.0,1.7999999523162842,45.959747314453125,0.0,1.7599999904632568,0.0,5.555555820465088,100.0,47.124420166015625,0.0,False,,,,,,,
V24-12,100,48.422393798828125,0.0,1.8049999475479126,46.494659423828125,0.0,1.7599999904632568,0.0,0.0,100.0,47.458526611328125,0.0,False,,,,,,,
V24-13,100,48.69757080078125,0.6111111640930176,1.8199999332427979,47.328643798828125,0.3333333432674408,1.7799999713897705,0.0,2.055555582046509,100.0,48.01310729980469,0.4722222536802292,False,,,,,,,
V24-14,100,49.511077880859375,2.6111111640930176,1.8299999237060547,48.68218994140625,1.7222222089767456,1.7899999618530273,5.333333492279053,39.833335876464844,100.0,49.09663391113281,2.1666666865348816,True,64.67828418230563,88,59,175,13,0,"Inspect pedestrian use, current shade and planting feasibility before choosing an intervention."
V24-15,94,49.29742431640625,0.0,1.8199999332427979,48.008819580078125,0.0,1.7799999713897705,14.539005279541016,60.90425109863281,94.0,48.65312194824219,0.0,True,75.75067024128685,32,5,146,13,0,"Inspect pedestrian use, current shade and planting feasibility before choosing an intervention."
V24-16,100,47.844757080078125,0.0,1.8199999332427979,46.872344970703125,0.0,1.7799999713897705,0.1388888955116272,60.69444274902344,100.0,47.358551025390625,0.0,True,49.584450402144775,194,101,306,13,0,"Inspect pedestrian use, current shade and planting feasibility before choosing an intervention."
V24-17,100,48.95733642578125,0.6666666865348816,1.8199999332427979,48.244659423828125,0.5555555820465088,1.7799999713897705,0.02777777798473835,62.111114501953125,100.0,48.60099792480469,0.6111111342906952,True,57.10455764075066,143,89,186,13,0,"Inspect pedestrian use, current shade and planting feasibility before choosing an intervention."
V24-18,100,49.837493896484375,2.9444446563720703,1.8199999332427979,49.42901611328125,2.722222328186035,1.7899999618530273,0.0,49.66666793823242,100.0,49.63325500488281,2.8333334922790527,True,59.14209115281501,126,46,189,13,0,"Inspect pedestrian use, current shade and planting feasibility before choosing an intervention."
V24-19,100,49.27008056640625,0.0,1.8199999332427979,48.50274658203125,0.0,1.7799999713897705,0.0,32.83333206176758,100.0,48.88641357421875,0.0,True,67.27882037533513,67,46,117,13,0,"Inspect pedestrian use, current shade and planting feasibility before choosing an intervention."
V24-20,100,50.445892333984375,0.0,1.8199999332427979,49.24273681640625,0.0,1.7799999713897705,0.0,30.027780532836914,100.0,49.84431457519531,0.0,True,78.53887399463808,22,15,33,13,0,"Inspect pedestrian use, current shade and planting feasibility before choosing an intervention."
V24-21,100,49.934906005859375,0.0,1.8199999332427979,48.78131103515625,0.0,1.7699999809265137,0.0,9.666666984558105,100.0,49.35810852050781,0.0,False,,,,,,,
V24-22,100,49.37774658203125,0.0,1.8299999237060547,48.051544189453125,0.0,1.7799999713897705,0.0,0.1388888955116272,100.0,48.71464538574219,0.0,False,,,,,,,
V24-23,100,48.54888916015625,0.0,1.8399999141693115,47.328643798828125,0.0,1.784999966621399,0.0,0.0,100.0,47.93876647949219,0.0,False,,,,,,,
V24-24,100,48.60870361328125,0.0,1.8199999332427979,47.687530517578125,0.0,1.7799999713897705,0.0,0.1666666716337204,100.0,48.14811706542969,0.0,False,,,,,,,
V24-25,100,48.46514892578125,0.0,1.8199999332427979,47.226104736328125,0.0,1.7699999809265137,0.0,0.0,100.0,47.84562683105469,0.0,False,,,,,,,
V24-26,98,48.54205322265625,0.0,1.8199999332427979,47.125274658203125,0.0,1.7699999809265137,0.0,0.0,98.0,47.83366394042969,0.0,False,,,,,,,
V24-27,59,49.786224365234375,0.0,1.8499999046325684,48.142120361328125,0.0,1.7999999523162842,0.0,0.0,59.0,48.96417236328125,0.0,False,,,,,,,
V24-28,100,50.093841552734375,0.0,1.8499999046325684,48.077178955078125,0.0,1.7999999523162842,0.0,0.0,100.0,49.08551025390625,0.0,False,,,,,,,
V24-29,100,49.678558349609375,0.0,1.8700000047683716,47.759307861328125,0.0,1.8199999332427979,0.0,0.2222222238779068,100.0,48.71893310546875,0.0,False,,,,,,,
V25-00,80,51.785736083984375,0.0,1.7999999523162842,47.919952392578125,0.0,1.7599999904632568,0.0,0.0,80.0,49.85284423828125,0.0,False,,,,,,,
V25-01,100,50.698822021484375,0.0,1.7899999618530273,47.388458251953125,0.0,1.75,0.0,7.111110687255859,100.0,49.04364013671875,0.0,False,,,,,,,
V25-02,62,51.202972412109375,0.0,1.7999999523162842,48.164337158203125,0.0,1.7599999904632568,0.0,2.1505374908447266,62.0,49.68365478515625,0.0,False,,,,,,,
V25-03,100,51.078216552734375,0.0,1.809999942779541,48.227569580078125,0.0,1.7699999809265137,0.0,0.0,100.0,49.65289306640625,0.0,False,,,,,,,
V25-04,100,51.242279052734375,0.0,1.809999942779541,48.51129150390625,0.0,1.7699999809265137,0.0,0.0,100.0,49.87678527832031,0.0,False,,,,,,,
V25-05,100,50.233978271484375,0.0,1.809999942779541,47.762725830078125,0.0,1.7699999809265137,0.0,2.055555582046509,100.0,48.99835205078125,0.0,False,,,,,,,
V25-06,100,49.06158447265625,13.44444465637207,1.809999942779541,47.120147705078125,11.833332061767578,1.7699999809265137,0.0,53.61111068725586,100.0,48.09086608886719,12.638888359069824,True,31.662198391420908,301,218,361,13,0,"Inspect pedestrian use, current shade and planting feasibility before choosing an intervention."
V25-07,100,50.216888427734375,3.722222089767456,1.809999942779541,48.008819580078125,1.7777777910232544,1.7699999809265137,7.94444465637207,26.97222137451172,100.0,49.11285400390625,2.7499999403953552,True,64.6916890080429,87,58,187,13,0,"Inspect pedestrian use, current shade and planting feasibility before choosing an intervention."
V25-08,100,49.871673583984375,2.8888890743255615,1.8199999332427979,47.834503173828125,0.6666666865348816,1.7799999713897705,0.0,10.416666984558105,100.0,48.85308837890625,1.7777778804302216,True,51.03217158176944,188,89,233,12,0,"Inspect pedestrian use, current shade and planting feasibility before choosing an intervention."
V25-09,100,49.19146728515625,0.0,1.809999942779541,47.304718017578125,0.0,1.7699999809265137,0.0,0.0,100.0,48.24809265136719,0.0,False,,,,,,,
V25-10,100,49.466644287109375,0.0,1.809999942779541,47.198760986328125,0.0,1.7599999904632568,0.0,0.0,100.0,48.33270263671875,0.0,False,,,,,,,
V25-11,100,49.666595458984375,0.4444444477558136,1.809999942779541,47.144073486328125,0.3888888955116272,1.7599999904632568,7.250000476837158,19.88888931274414,100.0,48.40533447265625,0.4166666716337204,True,59.517426273458454,122,64,191,13,0,"Inspect pedestrian use, current shade and planting feasibility before choosing an intervention."
V25-12,100,48.83087158203125,0.9444444179534912,1.809999942779541,46.906524658203125,1.0,1.7599999904632568,1.3611111640930176,15.805556297302246,100.0,47.86869812011719,0.9722222089767456,True,45.41554959785523,233,173,283,12,0,"Inspect pedestrian use, current shade and planting feasibility before choosing an intervention."
V25-13,100,48.65313720703125,0.0,1.7999999523162842,47.492706298828125,0.0,1.7699999809265137,0.0,14.916666984558105,100.0,48.07292175292969,0.0,True,53.47184986595175,171,116,220,12,0,"Inspect pedestrian use, current shade and planting feasibility before choosing an intervention."
V25-14,100,49.492279052734375,0.0,1.809999942779541,48.025909423828125,0.0,1.7799999713897705,0.8888888955116272,22.16666603088379,100.0,48.75909423828125,0.0,True,73.92761394101876,37,9,133,13,0,"Inspect pedestrian use, current shade and planting feasibility before choosing an intervention."
V25-15,87,51.078216552734375,0.0,1.8299999237060547,48.93511962890625,0.0,1.7899999618530273,0.0,16.858238220214844,87.0,50.00666809082031,0.0,True,79.74530831099196,18,3,26,12,1,"Inspect pedestrian use, current shade and planting feasibility before choosing an intervention."
V25-16,100,51.556732177734375,0.0,1.8299999237060547,48.73004150390625,0.0,1.7899999618530273,0.0,11.19444465637207,100.0,50.14338684082031,0.0,True,80.8176943699732,14,10,22,12,0,"Inspect pedestrian use, current shade and planting feasibility before choosing an intervention."
V25-17,100,50.211761474609375,0.0,1.8199999332427979,48.73345947265625,0.0,1.7699999809265137,0.0,21.5,100.0,49.47261047363281,0.0,True,74.9195710455764,33,22,60,13,0,"Inspect pedestrian use, current shade and planting feasibility before choosing an intervention."
V25-18,100,49.34014892578125,25.0,1.8199999332427979,48.186553955078125,25.27777862548828,1.7799999713897705,0.0,42.30555725097656,100.0,48.76335144042969,25.13888931274414,True,40.85790884718499,260,132,315,13,0,"Inspect pedestrian use, current shade and planting feasibility before choosing an intervention."
V25-19,100,48.58990478515625,0.0,1.8199999332427979,48.155792236328125,0.0,1.7799999713897705,0.0,0.0,100.0,48.37284851074219,0.0,False,,,,,,,
V25-20,100,49.965667724609375,0.0,1.8199999332427979,49.482025146484375,0.0,1.7799999713897705,0.0,0.0,100.0,49.723846435546875,0.0,False,,,,,,,
V25-21,100,49.44097900390625,0.0,1.8199999332427979,48.63092041015625,0.0,1.7699999809265137,0.0,0.0,100.0,49.03594970703125,0.0,False,,,,,,,
V25-22,100,48.57965087890625,0.0,1.8199999332427979,47.747344970703125,0.0,1.7699999809265137,0.0,0.0,100.0,48.16349792480469,0.0,False,,,,,,,
V25-23,31,48.91119384765625,0.0,1.8399999141693115,47.902862548828125,0.0,1.7899999618530273,0.0,0.0,31.0,48.40702819824219,0.0,False,,,,,,,
V25-24,47,47.680694580078125,0.0,1.8499999046325684,46.781768798828125,0.0,1.7999999523162842,0.0,62.943260192871094,47.0,47.231231689453125,0.0,True,39.66487935656836,265,203,323,11,0,"Inspect pedestrian use, current shade and planting feasibility before choosing an intervention."
V25-25,83,48.49078369140625,0.0,1.8299999237060547,46.990264892578125,0.0,1.7799999713897705,0.0,1.6064258813858032,83.0,47.74052429199219,0.0,False,,,,,,,
V25-26,100,48.91973876953125,0.0,1.8249999284744263,47.492706298828125,0.0,1.774999976158142,0.0,0.0,100.0,48.20622253417969,0.0,False,,,,,,,
V25-27,98,49.29058837890625,0.0,1.8399999141693115,47.446563720703125,0.0,1.7899999618530273,0.0,0.0,98.0,48.36857604980469,0.0,False,,,,,,,
V25-28,88,50.220306396484375,0.0,1.8550000190734863,48.092559814453125,0.0,1.7999999523162842,0.0,0.0,88.0,49.15643310546875,0.0,False,,,,,,,
V25-29,100,50.059661865234375,0.0,1.8700000047683716,48.138702392578125,0.0,1.8199999332427979,0.0,0.0,100.0,49.09918212890625,0.0,False,,,,,,,
V25-30,69,49.03765869140625,0.0,1.8499999046325684,47.485870361328125,0.0,1.7999999523162842,0.0,0.0,69.0,48.26176452636719,0.0,False,,,,,,,
V25-31,55,47.301300048828125,0.0,1.8700000047683716,45.999053955078125,0.0,1.8199999332427979,0.0,0.0,55.00000000000001,46.650177001953125,0.0,False,,,,,,,
V25-32,61,47.790069580078125,0.0,1.8799999952316284,46.214385986328125,0.0,1.8299999237060547,0.0,0.0,61.0,47.002227783203125,0.0,False,,,,,,,
V26-00,80,49.36920166015625,31.145835876464844,1.7999999523162842,46.780059814453125,8.888890266418457,1.7599999904632568,0.0,0.0,80.0,48.07463073730469,20.01736307144165,False,,,,,,,
V26-01,100,49.587982177734375,0.0,1.7899999618530273,46.800567626953125,0.0,1.7599999904632568,0.0,0.0,100.0,48.19427490234375,0.0,False,,,,,,,
V26-02,100,51.751556396484375,0.0,1.8199999332427979,48.86676025390625,0.0,1.7799999713897705,0.0,8.38888931274414,100.0,50.30915832519531,0.0,False,,,,,,,
V26-03,100,51.536224365234375,0.0,1.809999942779541,48.44804382324219,0.0,1.7699999809265137,0.0,0.0,100.0,49.99213409423828,0.0,False,,,,,,,
V26-04,100,50.235687255859375,0.0,1.809999942779541,47.990020751953125,0.0,1.7699999809265137,0.0,0.0,100.0,49.11285400390625,0.0,False,,,,,,,
V26-05,100,49.663177490234375,0.0,1.809999942779541,47.774688720703125,0.0,1.7699999809265137,0.0,1.1111111640930176,100.0,48.71893310546875,0.0,False,,,,,,,
V26-06,100,50.182708740234375,2.1111111640930176,1.809999942779541,48.249786376953125,2.055555582046509,1.7699999809265137,0.0,25.111112594604492,100.0,49.21624755859375,2.083333373069763,True,55.79088471849866,152,83,199,13,0,"Inspect pedestrian use, current shade and planting feasibility before choosing an intervention."
V26-07,100,50.100677490234375,0.2222222238779068,1.8199999332427979,47.966094970703125,0.0,1.7799999713897705,0.0,6.1666669845581055,100.0,49.03338623046875,0.1111111119389534,False,,,,,,,
V26-08,100,49.993011474609375,0.0,1.8199999332427979,47.622589111328125,0.0,1.7799999713897705,0.0,0.0,100.0,48.80780029296875,0.0,False,,,,,,,
V26-09,100,49.741790771484375,0.0,1.8199999332427979,47.376495361328125,0.0,1.7699999809265137,0.0,0.0,100.0,48.55914306640625,0.0,False,,,,,,,
V26-10,100,49.885345458984375,0.0,1.809999942779541,47.299591064453125,0.0,1.7699999809265137,0.0,0.0,100.0,48.59246826171875,0.0,False,,,,,,,
V26-11,100,49.881927490234375,1.1111111640930176,1.809999942779541,47.354278564453125,0.6111111044883728,1.7699999809265137,9.25,16.22222328186035,100.0,48.61810302734375,0.8611111342906952,True,60.670241286863266,114,44,202,13,0,"Inspect pedestrian use, current shade and planting feasibility before choosing an intervention."
V26-12,100,49.576019287109375,7.388888835906982,1.809999942779541,47.894317626953125,7.222221851348877,1.7699999809265137,2.972222328186035,31.444442749023438,100.0,48.73516845703125,7.30555534362793,True,54.90616621983915,160,107,248,13,0,"Inspect pedestrian use, current shade and planting feasibility before choosing an intervention."
V26-13,100,49.29058837890625,2.999999761581421,1.8149999380111694,47.889190673828125,3.055555582046509,1.7699999809265137,2.9444446563720703,37.527774810791016,100.0,48.58988952636719,3.027777671813965,True,54.26273458445041,167,110,245,13,0,"Inspect pedestrian use, current shade and planting feasibility before choosing an intervention."
V26-14,100,50.567230224609375,0.0,1.8199999332427979,48.80865478515625,0.0,1.7799999713897705,0.0,21.05555534362793,100.0,49.68794250488281,0.0,True,77.60053619302948,26,18,40,13,0,"Inspect pedestrian use, current shade and planting feasibility before choosing an intervention."
V26-15,100,51.384124755859375,0.0,1.8299999237060547,49.464935302734375,0.0,1.7899999618530273,0.0,0.4722222089767456,100.0,50.424530029296875,0.0,False,,,,,,,
V26-16,100,52.6163330078125,0.0,1.8399999141693115,49.880218505859375,0.0,1.7899999618530273,0.0,0.2777777910232544,100.0,51.24827575683594,0.0,False,,,,,,,
V26-17,100,51.261077880859375,0.2222222238779068,1.8299999237060547,49.34527587890625,0.1111111119389534,1.7899999618530273,0.0,2.694444417953491,100.0,50.30317687988281,0.1666666679084301,False,,,,,,,
V26-18,100,50.199798583984375,11.222222328186035,1.8199999332427979,49.21197509765625,12.44444465637207,1.7899999618530273,0.0,39.41666793823242,100.0,49.70588684082031,11.833333492279053,True,55.951742627345844,150,38,229,13,0,"Inspect pedestrian use, current shade and planting feasibility before choosing an intervention."
V26-19,100,49.926361083984375,0.0,1.8199999332427979,49.11968994140625,0.0,1.7799999713897705,0.1111111119389534,0.5555555820465088,100.0,49.52302551269531,0.0,False,,,,,,,
V26-20,100,49.03765869140625,0.0,1.809999942779541,48.74200439453125,0.0,1.7799999713897705,0.0,0.0,100.0,48.88983154296875,0.0,False,,,,,,,
V26-21,100,48.80865478515625,0.0,1.809999942779541,48.053253173828125,0.0,1.7699999809265137,0.0,0.0,100.0,48.43095397949219,0.0,False,,,,,,,
V26-22,100,48.316436767578125,0.0,1.809999942779541,47.602081298828125,0.0,1.7699999809265137,0.0,0.0,100.0,47.959259033203125,0.0,False,,,,,,,
V26-23,45,48.89410400390625,0.0,1.8199999332427979,47.923370361328125,0.0,1.7799999713897705,0.0,0.5555555820465088,45.0,48.40873718261719,0.0,False,,,,,,,
V26-24,90,47.846466064453125,0.0,1.8199999332427979,46.574981689453125,0.0,1.7799999713897705,0.0,42.5,90.0,47.210723876953125,0.0,True,39.53083109919571,266,204,324,13,0,"Inspect pedestrian use, current shade and planting feasibility before choosing an intervention."
V26-25,98,48.47540283203125,0.0,1.8199999332427979,47.063751220703125,0.0,1.7699999809265137,0.0,4.2517008781433105,98.0,47.76957702636719,0.0,False,,,,,,,
V26-26,100,49.07354736328125,0.0,1.8299999237060547,47.673858642578125,0.0,1.7799999713897705,0.0,0.0,100.0,48.37370300292969,0.0,False,,,,,,,
V26-27,86,50.063079833984375,0.0,1.834999918937683,48.47882080078125,0.0,1.7899999618530273,0.0,0.0,86.0,49.27095031738281,0.0,False,,,,,,,
V26-28,67,50.845794677734375,0.0,1.8399999141693115,48.82574462890625,0.0,1.7899999618530273,0.0,0.0,67.0,49.83576965332031,0.0,False,,,,,,,
V26-29,100,50.312591552734375,0.0,1.8499999046325684,47.971221923828125,0.0,1.7999999523162842,0.0,0.0,100.0,49.14190673828125,0.0,False,,,,,,,
V26-30,100,48.45317077636719,0.0,1.8600000143051147,46.762969970703125,0.0,1.7999999523162842,0.0,0.0,100.0,47.608070373535156,0.0,False,,,,,,,
V26-31,100,48.109649658203125,0.0,1.8499999046325684,46.834747314453125,0.0,1.7999999523162842,0.0,0.0,100.0,47.472198486328125,0.0,False,,,,,,,
V26-32,100,49.528167724609375,0.0,1.909999966621399,47.535430908203125,0.0,1.8499999046325684,0.0,0.0,100.0,48.53179931640625,0.0,False,,,,,,,
V26-33,95,50.169036865234375,0.0,1.9499999284744263,48.008819580078125,0.0,1.8899999856948853,0.0,0.0,95.0,49.08892822265625,0.0,False,,,,,,,
V26-34,81,48.85992431640625,0.0,1.9299999475479126,46.744171142578125,0.0,1.8700000047683716,0.0,0.0,81.0,47.80204772949219,0.0,False,,,,,,,
V26-35,60,47.798614501953125,9.120370864868164,1.9199999570846558,45.761505126953125,9.583333015441895,1.8600000143051147,0.0,14.305554389953613,60.0,46.780059814453125,9.35185194015503,True,15.281501340482572,363,344,428,12,0,"Inspect pedestrian use, current shade and planting feasibility before choosing an intervention."
V26-36,35,42.403289794921875,41.349205017089844,1.9499999284744263,40.54388427734375,41.507938385009766,1.8899999856948853,0.0,42.93650817871094,38.88888888888889,41.47358703613281,41.428571701049805,True,7.667560321715819,373,297,439,11,0,"Inspect pedestrian use, current shade and planting feasibility before choosing an intervention."
V27-00,80,47.983184814453125,66.45833587646484,1.7899999618530273,44.474609375,67.3263931274414,1.75,0.0,0.625,80.0,46.22889709472656,66.89236450195312,False,,,,,,,
V27-01,100,49.493988037109375,29.861112594604492,1.7899999618530273,45.821319580078125,29.694446563720703,1.75,0.0,0.0,100.0,47.65765380859375,29.777779579162598,False,,,,,,,
V27-02,100,50.439056396484375,0.0,1.7999999523162842,47.761016845703125,0.0,1.7599999904632568,0.0,12.36111068725586,100.0,49.10003662109375,0.0,True,70.09383378016086,52,41,96,12,0,"Inspect pedestrian use, current shade and planting feasibility before choosing an intervention."
V27-03,100,50.097259521484375,0.0,1.7999999523162842,47.504669189453125,0.0,1.7599999904632568,0.0,3.583333730697632,100.0,48.80096435546875,0.0,False,,,,,,,
V27-04,100,49.33843994140625,0.7777777910232544,1.7899999618530273,47.373077392578125,0.6111111044883728,1.7599999904632568,0.0,1.8055555820465088,100.0,48.35575866699219,0.6944444477558136,False,,,,,,,
V27-05,82,49.774261474609375,0.7113821506500244,1.809999942779541,47.690948486328125,0.5081300735473633,1.7799999713897705,0.0,9.756096839904785,82.0,48.73260498046875,0.6097561120986938,False,,,,,,,
V27-06,100,50.037445068359375,0.0,1.809999942779541,47.690948486328125,0.0,1.7699999809265137,0.0,2.3333334922790527,100.0,48.86419677734375,0.0,False,,,,,,,
V27-07,100,50.281829833984375,0.0,1.8199999332427979,48.116485595703125,0.0,1.7799999713897705,0.0,0.0,100.0,49.19915771484375,0.0,False,,,,,,,
V27-08,100,49.880218505859375,0.0,1.809999942779541,47.769561767578125,0.0,1.7699999809265137,0.0,0.0,100.0,48.82489013671875,0.0,False,,,,,,,
V27-09,100,50.199798583984375,0.0555555559694767,1.8199999332427979,47.978057861328125,0.1111111119389534,1.7799999713897705,0.0,10.222221374511719,100.0,49.08892822265625,0.08333333395421505,True,63.15013404825738,98,66,123,12,0,"Inspect pedestrian use, current shade and planting feasibility before choosing an intervention."
V27-10,100,49.996429443359375,0.2777777910232544,1.809999942779541,47.665313720703125,0.2222222238779068,1.7699999809265137,0.0,8.55555534362793,100.0,48.83087158203125,0.2500000074505806,False,,,,,,,
V27-11,100,49.38458251953125,0.0,1.7999999523162842,47.720001220703125,0.0,1.7599999904632568,0.4444444477558136,21.22222137451172,100.0,48.55229187011719,0.0,True,69.79892761394102,53,17,158,13,0,"Inspect pedestrian use, current shade and planting feasibility before choosing an intervention."
V27-12,100,49.463226318359375,0.0,1.809999942779541,48.167755126953125,0.0,1.7699999809265137,2.3888888359069824,44.33333206176758,100.0,48.81549072265625,0.0,True,76.16621983914209,30,6,125,13,0,"Inspect pedestrian use, current shade and planting feasibility before choosing an intervention."
V27-13,100,47.482452392578125,49.72222137451172,1.7899999618530273,45.819610595703125,48.94444274902344,1.75,3.277777910232544,25.805553436279297,100.0,46.651031494140625,49.33333206176758,True,20.214477211796247,352,279,415,13,0,"Inspect pedestrian use, current shade and planting feasibility before choosing an intervention."
V27-14,62,46.940704345703125,14.157706260681152,1.7999999523162842,45.513702392578125,14.247313499450684,1.7599999904632568,3.4946236610412598,31.989246368408203,62.0,46.227203369140625,14.202509880065918,True,22.33243967828418,344,274,407,13,0,"Inspect pedestrian use, current shade and planting feasibility before choosing an intervention."
V27-15,98,48.289093017578125,16.071426391601562,1.7999999523162842,46.686065673828125,17.77210807800293,1.7599999904632568,0.5102040767669678,45.26644515991211,98.0,47.487579345703125,16.921767234802246,True,29.356568364611256,311,241,373,13,0,"Inspect pedestrian use, current shade and planting feasibility before choosing an intervention."
V27-16,96,50.030609130859375,1.9097223281860352,1.8299999237060547,48.65484619140625,2.8645834922790527,1.7899999618530273,0.0,34.635414123535156,96.0,49.34272766113281,2.387152910232544,True,57.10455764075068,142,69,195,13,0,"Inspect pedestrian use, current shade and planting feasibility before choosing an intervention."
V27-17,100,50.172454833984375,0.1111111119389534,1.8399999141693115,48.82403564453125,0.2222222238779068,1.7999999523162842,0.0,12.972222328186035,100.0,49.49824523925781,0.1666666679084301,True,67.01072386058982,69,48,98,12,0,"Inspect pedestrian use, current shade and planting feasibility before choosing an intervention."
V27-18,100,50.321136474609375,2.277777671813965,1.8399999141693115,49.30084228515625,3.0,1.7999999523162842,0.0,33.25,100.0,49.81098937988281,2.6388888359069824,True,60.93833780160859,112,35,180,13,0,"Inspect pedestrian use, current shade and planting feasibility before choosing an intervention."
V27-19,100,50.288665771484375,0.0,1.8199999332427979,48.77960205078125,0.0,1.7699999809265137,0.0,2.944444417953491,100.0,49.53413391113281,0.0,False,,,,,,,
V27-20,100,49.13848876953125,0.0,1.8199999332427979,48.054962158203125,0.0,1.7699999809265137,0.0,0.0,100.0,48.59672546386719,0.0,False,,,,,,,
V27-21,100,48.75567626953125,0.0,1.809999942779541,47.637969970703125,0.0,1.7699999809265137,0.0,0.0,100.0,48.19682312011719,0.0,False,,,,,,,
V27-22,100,48.52667236328125,0.0,1.809999942779541,47.755889892578125,0.0,1.7699999809265137,0.0,0.0,100.0,48.14128112792969,0.0,False,,,,,,,
V27-23,100,49.40679931640625,0.0,1.8199999332427979,48.154083251953125,0.0,1.7699999809265137,0.0,0.0,100.0,48.78044128417969,0.0,False,,,,,,,
V27-24,100,48.74029541015625,0.0,1.809999942779541,47.458526611328125,0.0,1.7599999904632568,0.0,0.0,100.0,48.09941101074219,0.0,False,,,,,,,
V27-25,100,48.319854736328125,0.0,1.809999942779541,47.431182861328125,0.0,1.7699999809265137,0.0,0.0,100.0,47.875518798828125,0.0,False,,,,,,,
V27-26,100,47.733673095703125,0.0,1.809999942779541,46.727081298828125,0.0,1.7699999809265137,0.0,0.0,100.0,47.230377197265625,0.0,False,,,,,,,
V27-27,100,48.61895751953125,0.0,1.8199999332427979,47.347442626953125,0.0,1.7699999809265137,0.0,0.0,100.0,47.98320007324219,0.0,False,,,,,,,
V27-28,100,50.698822021484375,0.0,1.8299999237060547,48.96246337890625,0.0,1.7799999713897705,0.0,0.0,100.0,49.83064270019531,0.0,False,,,,,,,
V27-29,100,51.243988037109375,0.0,1.8399999141693115,49.00006103515625,0.0,1.7899999618530273,0.0,0.0,100.0,50.12202453613281,0.0,False,,,,,,,
V27-30,100,47.533721923828125,0.0,1.8399999141693115,46.533966064453125,0.0,1.7999999523162842,0.0,0.0,100.0,47.033843994140625,0.0,False,,,,,,,
V27-31,100,48.123321533203125,0.0,1.8399999141693115,46.691192626953125,0.0,1.7899999618530273,0.0,0.0,100.0,47.407257080078125,0.0,False,,,,,,,
V27-32,100,48.95220947265625,0.0,1.8600000143051147,47.091094970703125,0.0,1.809999942779541,0.0,0.0,100.0,48.02165222167969,0.0,False,,,,,,,
V27-33,100,50.151947021484375,0.0,1.909999966621399,48.097686767578125,0.0,1.8600000143051147,0.0,0.0,100.0,49.12481689453125,0.0,False,,,,,,,
V27-34,100,48.362579345703125,0.0,1.909999966621399,46.554473876953125,0.0,1.8600000143051147,0.0,0.0,100.0,47.458526611328125,0.0,False,,,,,,,
V27-35,69,48.183135986328125,0.0,1.9799998998641968,46.515167236328125,0.0,1.9199999570846558,0.0,0.8051530718803406,69.0,47.349151611328125,0.0,False,,,,,,,
V28-00,80,49.15045166015625,17.361112594604492,1.809999942779541,46.053741455078125,14.895832061767578,1.7699999809265137,0.0,0.2083333432674408,80.0,47.60209655761719,16.128472328186035,False,,,,,,,
V28-01,100,46.108428955078125,60.888885498046875,1.7899999618530273,44.3994140625,45.08333206176758,1.7599999904632568,0.0,0.0,100.0,45.25392150878906,52.98610877990723,False,,,,,,,
V28-02,100,49.470062255859375,20.77777862548828,1.7899999618530273,46.605743408203125,1.2222223281860352,1.75,0.0,1.1944445371627808,100.0,48.03790283203125,11.000000476837158,False,,,,,,,
V28-03,87,50.367279052734375,2.2669222354888916,1.7999999523162842,47.636260986328125,2.6500637531280518,1.7599999904632568,0.0,30.300128936767578,87.0,49.00177001953125,2.4584929943084717,True,52.09115281501341,180,104,231,13,0,"Inspect pedestrian use, current shade and planting feasibility before choosing an intervention."
V28-04,100,49.960540771484375,5.000000476837158,1.7999999523162842,47.381622314453125,4.6666669845581055,1.7599999904632568,0.0,11.36111068725586,100.0,48.67108154296875,4.833333730697632,True,44.98659517426273,236,142,290,12,0,"Inspect pedestrian use, current shade and planting feasibility before choosing an intervention."
V28-05,100,49.658050537109375,0.0,1.809999942779541,47.220977783203125,0.0,1.7699999809265137,0.0,0.02777777798473835,100.0,48.43951416015625,0.0,False,,,,,,,
V28-06,100,48.48907470703125,0.0,1.7999999523162842,46.894561767578125,0.0,1.7699999809265137,0.0,0.0,100.0,47.69181823730469,0.0,False,,,,,,,
V28-07,100,49.977630615234375,0.0,1.7999999523162842,47.805450439453125,0.0,1.7649999856948853,0.0,0.0,100.0,48.89154052734375,0.0,False,,,,,,,
V28-08,100,49.593109130859375,0.0,1.7999999523162842,47.728546142578125,0.0,1.7649999856948853,0.0,0.0,100.0,48.66082763671875,0.0,False,,,,,,,
V28-09,100,50.498870849609375,0.0,1.809999942779541,48.81549072265625,0.0,1.7799999713897705,0.0,0.1111111119389534,100.0,49.65718078613281,0.0,False,,,,,,,
V28-10,100,49.31793212890625,0.0,1.7999999523162842,47.979766845703125,0.0,1.7699999809265137,0.0,31.138887405395508,100.0,48.64884948730469,0.0,True,63.257372654155496,97,61,164,13,0,"Inspect pedestrian use, current shade and planting feasibility before choosing an intervention."
V28-11,100,50.579193115234375,0.0,1.809999942779541,49.22393798828125,0.0,1.7799999713897705,0.0,24.97222137451172,100.0,49.90156555175781,0.0,True,79.20911528150134,20,14,33,13,0,"Inspect pedestrian use, current shade and planting feasibility before choosing an intervention."
V28-12,100,49.596527099609375,5.027777671813965,1.809999942779541,48.178009033203125,5.19444465637207,1.7699999809265137,0.1111111119389534,67.13887786865234,100.0,48.88726806640625,5.111111164093018,True,55.898123324396785,151,109,226,13,0,"Inspect pedestrian use, current shade and planting feasibility before choosing an intervention."
V28-13,100,46.135772705078125,39.25,1.7899999618530273,44.243865966796875,39.083335876464844,1.75,0.0555555559694767,45.44444274902344,100.0,45.1898193359375,39.16666793823242,True,15.630026809651476,361,291,425,13,0,"Inspect pedestrian use, current shade and planting feasibility before choosing an intervention."
V28-14,100,44.419921875,5.888888835906982,1.7799999713897705,43.633758544921875,5.55555534362793,1.75,0.2222222238779068,71.25,100.0,44.02684020996094,5.722222089767456,True,21.689008042895445,347,277,409,13,0,"Inspect pedestrian use, current shade and planting feasibility before choosing an intervention."
V28-15,92,46.590362548828125,8.061594009399414,1.7949999570846558,45.3701171875,8.484299659729004,1.75,1.8115943670272827,18.327293395996094,92.0,45.98023986816406,8.272946834564209,True,23.16353887399464,341,318,400,12,0,"Inspect pedestrian use, current shade and planting feasibility before choosing an intervention."
V28-16,83,48.81207275390625,17.87148666381836,1.8199999332427979,47.571319580078125,17.70414924621582,1.7699999809265137,0.6358768939971924,44.21017074584961,83.0,48.19169616699219,17.78781795501709,True,41.058981233243976,258,190,309,13,0,"Inspect pedestrian use, current shade and planting feasibility before choosing an intervention."
V28-17,96,50.606536865234375,0.0,1.8199999332427979,49.40850830078125,0.0,1.7899999618530273,0.11574073880910873,32.03125,96.0,50.00752258300781,0.0,True,87.46648793565683,2,1,23,13,10,"Inspect pedestrian use, current shade and planting feasibility before choosing an intervention."
V28-18,100,49.951995849609375,0.0,1.8299999237060547,49.04278564453125,0.0,1.7899999618530273,0.0,1.861111044883728,100.0,49.49739074707031,0.0,False,,,,,,,
V28-19,100,49.888763427734375,0.0,1.8199999332427979,48.58648681640625,0.0,1.7799999713897705,0.0,0.0,100.0,49.23762512207031,0.0,False,,,,,,,
V28-20,100,50.454437255859375,0.0,1.8299999237060547,49.02740478515625,0.0,1.7799999713897705,0.0,0.0,100.0,49.74092102050781,0.0,False,,,,,,,
V28-21,100,48.53009033203125,0.0,1.8199999332427979,47.449981689453125,0.0,1.7799999713897705,0.0,0.0,100.0,47.99003601074219,0.0,False,,,,,,,
V28-22,100,47.779815673828125,0.0,1.809999942779541,47.024444580078125,0.0,1.7699999809265137,0.0,0.0,100.0,47.402130126953125,0.0,False,,,,,,,
V28-23,100,48.304473876953125,0.0,1.809999942779541,47.325225830078125,0.0,1.7699999809265137,0.0,0.0,100.0,47.814849853515625,0.0,False,,,,,,,
V28-24,100,48.125030517578125,0.0,1.8199999332427979,47.258575439453125,0.0,1.7699999809265137,0.0,0.0,100.0,47.691802978515625,0.0,False,,,,,,,
V28-25,100,47.439727783203125,0.0,1.8199999332427979,46.944122314453125,0.0,1.7799999713897705,0.0,0.0,100.0,47.191925048828125,0.0,False,,,,,,,
V28-26,96,47.342315673828125,0.0,1.8199999332427979,46.692901611328125,0.0,1.7699999809265137,0.0,0.0,96.0,47.017608642578125,0.0,False,,,,,,,
V28-27,88,48.42582702636719,0.0,1.8299999237060547,47.463653564453125,0.0,1.7799999713897705,0.0,0.0,88.0,47.944740295410156,0.0,False,,,,,,,
V28-28,100,49.43243408203125,0.0,1.8199999332427979,47.848175048828125,0.0,1.7699999809265137,0.0,0.0,100.0,48.64030456542969,0.0,False,,,,,,,
V28-29,100,50.777435302734375,0.0,1.8299999237060547,48.50787353515625,0.0,1.7799999713897705,0.0,0.0,100.0,49.64265441894531,0.0,False,,,,,,,
V28-30,100,48.376251220703125,0.0,1.8399999141693115,46.877471923828125,0.0,1.7899999618530273,0.0,0.0,100.0,47.626861572265625,0.0,False,,,,,,,
V28-31,100,47.808868408203125,0.0,1.8299999237060547,46.528839111328125,0.0,1.7799999713897705,0.0,0.0,100.0,47.168853759765625,0.0,False,,,,,,,
V28-32,100,49.675140380859375,0.0,1.8499999046325684,47.930206298828125,0.0,1.7899999618530273,0.0,0.0,100.0,48.80267333984375,0.0,False,,,,,,,
V28-33,100,49.18121337890625,0.0,1.8600000143051147,47.615753173828125,0.0,1.8049999475479126,0.0,0.0,100.0,48.39848327636719,0.0,False,,,,,,,
V28-34,100,48.323272705078125,0.0,1.8799999952316284,46.855255126953125,0.0,1.8299999237060547,0.0,0.0,100.0,47.589263916015625,0.0,False,,,,,,,
V28-35,59,47.656768798828125,0.18832391500473022,1.9299999475479126,46.118682861328125,0.5649717450141907,1.8700000047683716,0.0,10.028247833251953,59.0,46.887725830078125,0.37664783000946045,True,26.970509383378015,324,295,391,12,0,"Inspect pedestrian use, current shade and planting feasibility before choosing an intervention."
V29-00,80,48.386505126953125,47.8125,1.7899999618530273,46.434844970703125,31.66666603088379,1.7599999904632568,0.0,5.8333330154418945,80.0,47.410675048828125,39.739583015441895,False,,,,,,,
V29-01,100,46.691192626953125,46.97222137451172,1.784999966621399,45.981964111328125,40.4444465637207,1.7599999904632568,0.0,11.0,100.0,46.336578369140625,43.70833396911621,True,9.195710455764077,372,361,437,12,0,"Inspect pedestrian use, current shade and planting feasibility before choosing an intervention."
V29-02,100,49.781097412109375,7.388888835906982,1.7899999618530273,48.001983642578125,7.333333969116211,1.7599999904632568,0.0,19.166667938232422,100.0,48.89154052734375,7.361111402511597,True,47.61394101876676,212,114,269,12,0,"Inspect pedestrian use, current shade and planting feasibility before choosing an intervention."
V29-03,91,50.158782958984375,0.1526251584291458,1.809999942779541,48.196807861328125,0.1526251584291458,1.7799999713897705,0.0,15.109890937805176,91.0,49.17779541015625,0.1526251584291458,True,63.48525469168901,95,51,125,12,0,"Inspect pedestrian use, current shade and planting feasibility before choosing an intervention."
V29-04,100,49.852874755859375,0.0,1.809999942779541,47.656768798828125,0.0,1.7699999809265137,0.0,12.777776718139648,100.0,48.75482177734375,0.0,True,65.0,84,62,134,12,0,"Inspect pedestrian use, current shade and planting feasibility before choosing an intervention."
V29-05,100,50.122894287109375,0.0,1.809999942779541,48.178009033203125,0.0,1.7699999809265137,0.0,13.333332061767578,100.0,49.15045166015625,0.0,True,71.30026809651476,47,37,115,12,0,"Inspect pedestrian use, current shade and planting feasibility before choosing an intervention."
V29-06,100,49.871673583984375,0.2222222238779068,1.809999942779541,47.950714111328125,0.2222222238779068,1.7699999809265137,0.0,16.94444465637207,100.0,48.91119384765625,0.2222222238779068,True,58.9544235924933,127,111,184,12,0,"Inspect pedestrian use, current shade and planting feasibility before choosing an intervention."
V29-07,100,49.675140380859375,0.0,1.7999999523162842,47.955841064453125,0.0,1.7699999809265137,0.0,13.444442749023438,100.0,48.81549072265625,0.0,True,66.13941018766755,79,57,131,12,0,"Inspect pedestrian use, current shade and planting feasibility before choosing an intervention."
V29-08,100,49.37261962890625,0.0,1.7999999523162842,47.945587158203125,0.0,1.7699999809265137,0.0,6.111111164093018,100.0,48.65910339355469,0.0,False,,,,,,,
V29-09,100,49.564056396484375,0.0,1.7999999523162842,48.072052001953125,0.0,1.7699999809265137,0.0,0.1111111119389534,100.0,48.81805419921875,0.0,False,,,,,,,
V29-10,100,49.17095947265625,0.0,1.7999999523162842,47.863555908203125,0.0,1.7699999809265137,0.0,29.638893127441406,100.0,48.51725769042969,0.0,True,61.2466487935657,109,67,162,13,0,"Inspect pedestrian use, current shade and planting feasibility before choosing an intervention."
V29-11,100,50.114349365234375,0.3611111044883728,1.8199999332427979,49.15045166015625,0.3055555522441864,1.7799999713897705,0.0,38.63888931274414,100.0,49.63240051269531,0.3333333283662796,True,66.56836461126005,72,47,109,13,0,"Inspect pedestrian use, current shade and planting feasibility before choosing an intervention."
V29-12,62,49.670013427734375,13.485664367675781,1.809999942779541,48.166046142578125,13.39605712890625,1.7699999809265137,1.3440860509872437,63.12723922729492,62.0,48.91802978515625,13.440860748291016,True,55.120643431635386,158,110,252,13,0,"Inspect pedestrian use, current shade and planting feasibility before choosing an intervention."
V29-13,92,45.987091064453125,45.0785026550293,1.7999999523162842,44.419921875,44.77656936645508,1.7599999904632568,0.7246376872062683,16.576087951660156,92.0,45.20350646972656,44.92753601074219,True,16.541554959785522,358,344,421,12,0,"Inspect pedestrian use, current shade and planting feasibility before choosing an intervention."
V29-14,67,45.07275390625,1.2023217678070068,1.7899999618530273,45.3017578125,1.2852405309677124,1.7599999904632568,0.5804312229156494,52.736328125,67.0,45.187255859375,1.2437811493873596,True,26.675603217158177,327,255,385,13,0,"Inspect pedestrian use, current shade and planting feasibility before choosing an intervention."
V29-15,81,46.956085205078125,23.04526710510254,1.7999999523162842,45.893096923828125,24.348421096801758,1.7599999904632568,1.9204388856887817,23.113855361938477,81.0,46.424591064453125,23.69684410095215,True,20.294906166219842,351,280,413,13,0,"Inspect pedestrian use, current shade and planting feasibility before choosing an intervention."
V29-16,100,50.847503662109375,2.972222089767456,1.8299999237060547,49.16070556640625,2.9166667461395264,1.7799999713897705,0.0,30.5,100.0,50.00410461425781,2.944444417953491,True,61.87667560321716,105,25,176,13,0,"Inspect pedestrian use, current shade and planting feasibility before choosing an intervention."
V29-17,86,50.738128662109375,0.0,1.8299999237060547,49.678558349609375,0.0,1.7899999618530273,0.0,38.98579025268555,86.0,50.208343505859375,0.0,True,81.0857908847185,13,9,21,13,0,"Inspect pedestrian use, current shade and planting feasibility before choosing an intervention."
V29-18,100,50.510833740234375,0.0,1.8199999332427979,49.516204833984375,0.0,1.7899999618530273,0.0,0.0,100.0,50.013519287109375,0.0,False,,,,,,,
V29-19,100,49.10089111328125,0.0,1.8149999380111694,48.408721923828125,0.0,1.7799999713897705,0.0,0.0,100.0,48.75480651855469,0.0,False,,,,,,,
V29-20,100,48.79156494140625,0.0,1.8199999332427979,48.099395751953125,0.0,1.7799999713897705,0.0,0.0,100.0,48.44548034667969,0.0,False,,,,,,,
V29-21,100,47.521759033203125,0.0,1.7999999523162842,47.043243408203125,0.0,1.7599999904632568,0.0,0.0,100.0,47.282501220703125,0.0,False,,,,,,,
V29-22,100,46.845001220703125,0.0,1.7999999523162842,46.253692626953125,0.0,1.7599999904632568,0.0,0.0,100.0,46.549346923828125,0.0,False,,,,,,,
V29-23,100,47.089385986328125,0.0,1.7999999523162842,46.446807861328125,0.0,1.7599999904632568,0.0,0.0,100.0,46.768096923828125,0.0,False,,,,,,,
V29-24,100,46.316925048828125,0.0,1.809999942779541,46.135772705078125,0.0,1.7699999809265137,0.0,0.0,100.0,46.226348876953125,0.0,False,,,,,,,
V29-25,89,48.60015869140625,0.0,1.8499999046325684,47.865264892578125,0.0,1.809999942779541,0.0,0.0,89.0,48.23271179199219,0.0,False,,,,,,,
V29-26,76,48.51129150390625,0.0,1.8299999237060547,47.475616455078125,0.0,1.7899999618530273,0.0,0.0,76.0,47.99345397949219,0.0,False,,,,,,,
V29-27,43,47.639678955078125,0.0,1.8299999237060547,46.433135986328125,0.0,1.7799999713897705,0.0,0.0,43.0,47.036407470703125,0.0,False,,,,,,,
V29-28,100,49.32305908203125,0.0,1.8199999332427979,47.202178955078125,0.0,1.7699999809265137,0.0,0.0,100.0,48.26261901855469,0.0,False,,,,,,,
V29-29,100,50.702239990234375,0.0,1.8299999237060547,48.232696533203125,0.0,1.7699999809265137,0.0,0.0,100.0,49.46746826171875,0.0,False,,,,,,,
V29-30,100,48.364288330078125,0.0,1.834999918937683,46.556182861328125,0.0,1.7799999713897705,0.0,0.0,100.0,47.460235595703125,0.0,False,,,,,,,
V29-31,100,49.42561340332031,0.0,1.8499999046325684,47.408966064453125,0.0,1.7899999618530273,0.0,0.0,100.0,48.41728973388672,0.0,False,,,,,,,
V29-32,100,50.220306396484375,0.0,1.8399999141693115,48.56256103515625,0.0,1.7899999618530273,0.0,0.0,100.0,49.39143371582031,0.0,False,,,,,,,
V29-33,100,49.02911376953125,0.0,1.8399999141693115,47.479034423828125,0.0,1.7799999713897705,0.0,0.0,100.0,48.25407409667969,0.0,False,,,,,,,
V29-34,100,48.099395751953125,0.0,1.8799999952316284,46.545928955078125,0.0,1.8299999237060547,0.0,0.0,100.0,47.322662353515625,0.0,False,,,,,,,
V29-35,40,47.157745361328125,3.8888890743255615,1.9199999570846558,45.763214111328125,2.5,1.8700000047683716,0.0,25.69444465637207,40.0,46.460479736328125,3.1944445371627808,True,16.782841823056298,357,284,423,11,0,"Inspect pedestrian use, current shade and planting feasibility before choosing an intervention."
V30-00,80,51.308929443359375,0.0694444477558136,1.7999999523162842,49.04449462890625,0.1388888955116272,1.7599999904632568,0.0,22.08333396911621,80.0,50.17671203613281,0.1041666716337204,True,73.83378016085791,38,15,66,13,0,"Inspect pedestrian use, current shade and planting feasibility before choosing an intervention."
V30-01,100,50.895355224609375,0.0,1.7899999618530273,48.424102783203125,0.0,1.7599999904632568,0.0,8.44444465637207,100.0,49.65972900390625,0.0,False,,,,,,,
V30-02,100,49.880218505859375,0.0,1.7999999523162842,48.022491455078125,0.0,1.7599999904632568,0.0,4.8333330154418945,100.0,48.95135498046875,0.0,False,,,,,,,
V30-03,100,48.97271728515625,0.0,1.7899999618530273,47.631134033203125,0.0,1.7599999904632568,0.0,4.111111164093018,100.0,48.30192565917969,0.0,False,,,,,,,
V30-04,100,49.695648193359375,0.0,1.7999999523162842,47.913116455078125,0.0,1.7699999809265137,0.0,5.1666669845581055,100.0,48.80438232421875,0.0,False,,,,,,,
V30-05,100,50.218597412109375,0.0,1.7999999523162842,47.843048095703125,0.0,1.7699999809265137,0.0,35.55555725097656,100.0,49.03082275390625,0.0,True,69.28954423592494,57,35,102,13,0,"Inspect pedestrian use, current shade and planting feasibility before choosing an intervention."
V30-06,100,50.671478271484375,0.0,1.8199999332427979,47.730255126953125,0.0,1.7799999713897705,0.0,56.33333206176758,100.0,49.20086669921875,0.0,True,71.7024128686327,45,32,84,13,0,"Inspect pedestrian use, current shade and planting feasibility before choosing an intervention."
V30-07,100,48.60528564453125,0.0,1.7999999523162842,46.824493408203125,0.0,1.7599999904632568,0.0,9.94444465637207,100.0,47.71488952636719,0.0,False,,,,,,,
V30-08,100,48.84454345703125,0.0,1.7899999618530273,47.460235595703125,0.0,1.7599999904632568,0.0,6.5555548667907715,100.0,48.15238952636719,0.0,False,,,,,,,
V30-09,100,49.31793212890625,0.0,1.809999942779541,48.304473876953125,0.0,1.7799999713897705,0.0,15.333333969116211,100.0,48.81120300292969,0.0,True,65.80428954423593,80,59,181,12,0,"Inspect pedestrian use, current shade and planting feasibility before choosing an intervention."
V30-10,100,48.88726806640625,0.0,1.809999942779541,48.020782470703125,0.0,1.7699999809265137,0.0,10.694445610046387,100.0,48.45402526855469,0.0,True,59.90616621983915,119,83,172,12,0,"Inspect pedestrian use, current shade and planting feasibility before choosing an intervention."
V30-11,100,49.13336181640625,0.25,1.809999942779541,48.49591064453125,0.25,1.7799999713897705,0.0,17.80555534362793,100.0,48.81463623046875,0.25,True,56.327077747989286,146,127,184,12,0,"Inspect pedestrian use, current shade and planting feasibility before choosing an intervention."
V30-12,92,49.17266845703125,0.39251208305358887,1.809999942779541,48.64801025390625,0.27173912525177,1.7799999713897705,0.0,21.467390060424805,92.0,48.91033935546875,0.33212560415267944,True,57.935656836461135,136,87,174,13,0,"Inspect pedestrian use, current shade and planting feasibility before choosing an intervention."
V30-13,100,48.229278564453125,26.0,1.8149999380111694,47.812286376953125,25.16666603088379,1.7799999713897705,0.7777777910232544,36.11111068725586,100.0,48.020782470703125,25.583333015441895,True,36.54155495978552,284,216,339,13,0,"Inspect pedestrian use, current shade and planting feasibility before choosing an intervention."
V30-14,100,45.614532470703125,49.19444274902344,1.7999999523162842,44.814697265625,48.69444274902344,1.7599999904632568,0.5555555820465088,32.52777862548828,100.0,45.21461486816406,48.94444274902344,True,16.30026809651475,359,286,422,13,0,"Inspect pedestrian use, current shade and planting feasibility before choosing an intervention."
V30-15,100,47.803741455078125,41.72222137451172,1.8299999237060547,46.048614501953125,40.833335876464844,1.7799999713897705,0.0,36.94444274902344,100.0,46.926177978515625,41.27777862548828,True,12.439678284182307,369,294,434,13,0,"Inspect pedestrian use, current shade and planting feasibility before choosing an intervention."
V30-16,84,49.869964599609375,0.0,1.8299999237060547,48.372833251953125,0.0,1.7899999618530273,0.0,17.69179916381836,84.0,49.12139892578125,0.0,True,70.89812332439678,49,38,90,12,0,"Inspect pedestrian use, current shade and planting feasibility before choosing an intervention."
V30-17,96,50.319427490234375,0.0,1.8199999332427979,49.44953918457031,0.0,1.7899999618530273,0.0,14.033564567565918,96.0,49.884483337402344,0.0,True,79.07506702412869,21,18,30,12,0,"Inspect pedestrian use, current shade and planting feasibility before choosing an intervention."
V30-18,100,51.430267333984375,0.0,1.8299999237060547,49.936614990234375,0.0,1.7899999618530273,0.0,0.0,100.0,50.683441162109375,0.0,False,,,,,,,
V30-19,100,48.50616455078125,0.0,1.809999942779541,47.678985595703125,0.0,1.7699999809265137,0.0,0.0,100.0,48.09257507324219,0.0,False,,,,,,,
V30-20,100,47.292755126953125,0.0,1.7999999523162842,46.766387939453125,0.0,1.7599999904632568,0.0,0.0,100.0,47.029571533203125,0.0,False,,,,,,,
V30-21,95,46.819366455078125,0.0,1.8299999237060547,46.214385986328125,0.0,1.7899999618530273,0.0,0.0,95.0,46.516876220703125,0.0,False,,,,,,,
V30-22,92,46.361358642578125,0.0,1.8049999475479126,45.934112548828125,0.0,1.7599999904632568,0.0,0.0,92.0,46.147735595703125,0.0,False,,,,,,,
V30-23,51,45.923858642578125,0.0,1.7999999523162842,45.585479736328125,0.0,1.7599999904632568,0.0,0.0,51.0,45.754669189453125,0.0,False,,,,,,,
V30-26,88,46.446807861328125,0.0,1.809999942779541,45.544464111328125,0.0,1.7699999809265137,0.0,0.0,88.0,45.995635986328125,0.0,False,,,,,,,
V30-27,78,48.078887939453125,0.0,1.809999942779541,47.021026611328125,0.0,1.7699999809265137,0.0,0.0,78.0,47.549957275390625,0.0,False,,,,,,,
V30-28,100,49.716156005859375,0.0,1.8249999284744263,47.872100830078125,0.0,1.7699999809265137,0.0,0.0,100.0,48.79412841796875,0.0,False,,,,,,,
V30-29,100,50.331390380859375,0.0,1.8299999237060547,48.336944580078125,0.0,1.7799999713897705,0.0,0.0,100.0,49.33416748046875,0.0,False,,,,,,,
V30-30,100,50.237396240234375,0.0,1.8299999237060547,48.410430908203125,0.0,1.7799999713897705,0.0,0.0,100.0,49.32391357421875,0.0,False,,,,,,,
V30-31,100,51.131195068359375,0.0,1.8399999141693115,48.74542236328125,0.0,1.7899999618530273,0.0,0.0,100.0,49.93830871582031,0.0,False,,,,,,,
V30-32,100,50.577484130859375,0.0,1.8499999046325684,48.63433837890625,0.0,1.7999999523162842,0.0,0.0,100.0,49.60591125488281,0.0,False,,,,,,,
V30-33,100,49.27349853515625,0.0,1.8399999141693115,47.819122314453125,0.0,1.7799999713897705,0.0,0.0,100.0,48.54631042480469,0.0,False,,,,,,,
V30-34,100,48.420684814453125,0.0,1.8899999856948853,46.752716064453125,0.0,1.8399999141693115,0.0,0.0,100.0,47.586700439453125,0.0,False,,,,,,,
V30-35,41,48.309600830078125,0.0,1.9799998998641968,46.682647705078125,0.0,1.9299999475479126,0.0,27.032522201538086,41.0,47.496124267578125,0.0,True,44.088471849865954,243,169,297,11,0,"Inspect pedestrian use, current shade and planting feasibility before choosing an intervention."
V31-00,80,51.558441162109375,0.0,1.7999999523162842,48.57794189453125,0.0,1.7699999809265137,0.0,0.0,80.0,50.06819152832031,0.0,False,,,,,,,
V31-01,100,49.40509033203125,0.0,1.7799999713897705,47.279083251953125,0.0,1.75,0.0,2.9444446563720703,100.0,48.34208679199219,0.0,False,,,,,,,
V31-02,100,48.91119384765625,6.111111164093018,1.7899999618530273,47.176544189453125,5.55555534362793,1.7599999904632568,0.0,4.777777671813965,100.0,48.04386901855469,5.833333253860474,False,,,,,,,
V31-03,100,49.936614990234375,0.0,1.7999999523162842,47.901153564453125,0.0,1.7699999809265137,0.0,0.0,100.0,48.91888427734375,0.0,False,,,,,,,
V31-04,100,49.32818603515625,0.0,1.7999999523162842,47.149200439453125,0.0,1.7699999809265137,0.0,3.8333334922790527,100.0,48.23869323730469,0.0,False,,,,,,,
V31-05,100,49.982757568359375,0.0,1.809999942779541,47.723419189453125,0.0,1.7699999809265137,0.0,22.72222137451172,100.0,48.85308837890625,0.0,True,66.67560321715817,71,47,122,13,0,"Inspect pedestrian use, current shade and planting feasibility before choosing an intervention."
V31-06,100,49.728118896484375,0.0,1.8399999141693115,47.960968017578125,0.0,1.7999999523162842,0.0,34.72222137451172,100.0,48.84454345703125,0.0,True,66.34048257372655,77,49,124,13,0,"Inspect pedestrian use, current shade and planting feasibility before choosing an intervention."
V31-07,100,48.84283447265625,0.0,1.809999942779541,47.362823486328125,0.1111111119389534,1.7799999713897705,0.0,18.833332061767578,100.0,48.10282897949219,0.0555555559694767,True,48.47184986595174,202,161,253,12,0,"Inspect pedestrian use, current shade and planting feasibility before choosing an intervention."
V31-08,100,50.623626708984375,1.0,1.8199999332427979,48.56768798828125,0.2222222238779068,1.7799999713897705,0.0,11.277777671813965,100.0,49.59565734863281,0.6111111119389534,True,64.28954423592494,89,49,135,12,0,"Inspect pedestrian use, current shade and planting feasibility before choosing an intervention."
V31-09,100,49.680267333984375,1.2222222089767456,1.7999999523162842,48.097686767578125,1.0,1.7699999809265137,0.0,30.72222137451172,100.0,48.88897705078125,1.1111111044883728,True,53.31099195710456,172,115,214,13,0,"Inspect pedestrian use, current shade and planting feasibility before choosing an intervention."
V31-10,100,49.658050537109375,0.0,1.809999942779541,48.57965087890625,0.0,1.7799999713897705,0.0,16.80555534362793,100.0,49.11885070800781,0.0,True,70.76407506702414,50,40,91,12,0,"Inspect pedestrian use, current shade and planting feasibility before choosing an intervention."
V31-11,81,49.24273681640625,0.0,1.809999942779541,48.85992431640625,0.0,1.7799999713897705,0.0,8.882030487060547,81.0,49.05133056640625,0.0,False,,,,,,,
V31-12,100,49.05303955078125,0.0,1.809999942779541,48.70611572265625,0.0,1.7799999713897705,0.0,12.44444465637207,100.0,48.87957763671875,0.0,True,66.87667560321717,70,52,120,12,0,"Inspect pedestrian use, current shade and planting feasibility before choosing an intervention."
V31-13,100,49.774261474609375,0.0,1.8199999332427979,48.68048095703125,0.0,1.7899999618530273,0.0,12.30555534362793,100.0,49.22737121582031,0.0,True,72.10455764075067,42,32,81,12,0,"Inspect pedestrian use, current shade and planting feasibility before choosing an intervention."
V31-14,100,50.119476318359375,0.0,1.8199999332427979,48.61041259765625,0.0,1.7899999618530273,0.0,11.69444465637207,100.0,49.36494445800781,0.0,True,73.98123324396784,36,29,67,12,0,"Inspect pedestrian use, current shade and planting feasibility before choosing an intervention."
V31-15,100,49.05474853515625,2.944444417953491,1.8199999332427979,48.270294189453125,1.9444442987442017,1.7899999618530273,0.0,34.111114501953125,100.0,48.66252136230469,2.4444443583488464,True,46.94369973190348,220,143,270,13,0,"Inspect pedestrian use, current shade and planting feasibility before choosing an intervention."
V31-16,100,47.434600830078125,31.499996185302734,1.809999942779541,47.362823486328125,29.72222328186035,1.7799999713897705,0.0,48.47222137451172,100.0,47.398712158203125,30.611109733581543,True,17.45308310991957,355,282,419,13,0,"Inspect pedestrian use, current shade and planting feasibility before choosing an intervention."
V31-17,100,48.87701416015625,0.7222222685813904,1.809999942779541,48.425811767578125,0.5,1.7699999809265137,0.0,9.083333969116211,100.0,48.65141296386719,0.6111111342906952,False,,,,,,,
V31-18,100,50.727874755859375,0.0,1.8299999237060547,49.777679443359375,0.0,1.7899999618530273,0.0,0.0,100.0,50.252777099609375,0.0,False,,,,,,,
V31-19,100,49.28204345703125,0.0,1.8299999237060547,48.50616455078125,0.0,1.7999999523162842,0.0,0.0,100.0,48.89410400390625,0.0,False,,,,,,,
V31-20,100,47.649932861328125,0.0,1.8299999237060547,47.007354736328125,0.0,1.7899999618530273,0.0,0.0,100.0,47.328643798828125,0.0,False,,,,,,,
V31-21,77,47.933624267578125,0.0,1.8199999332427979,47.212432861328125,0.0,1.7799999713897705,0.0,0.0,77.0,47.573028564453125,0.0,False,,,,,,,
V31-22,41,46.980010986328125,0.3387534022331238,1.809999942779541,46.894561767578125,0.0,1.7699999809265137,0.0,0.0,41.0,46.937286376953125,0.1693767011165619,False,,,,,,,
V31-23,53,46.559600830078125,8.123688697814941,1.8399999141693115,46.665557861328125,0.6289308667182922,1.7999999523162842,0.0,0.0,53.0,46.612579345703125,4.376309782266617,False,,,,,,,
V31-24,50,48.51812744140625,6.0,1.8249999284744263,49.09576416015625,1.7777777910232544,1.7899999618530273,0.0,0.0,50.0,48.80694580078125,3.888888895511627,False,,,,,,,
V31-25,89,48.323272705078125,0.06242197006940842,1.8299999237060547,47.940460205078125,0.0,1.7899999618530273,0.0,0.06242197006940842,89.0,48.131866455078125,0.03121098503470421,False,,,,,,,
V31-26,100,47.383331298828125,0.0,1.8199999332427979,46.554473876953125,0.0,1.7699999809265137,0.0,0.0555555559694767,100.0,46.968902587890625,0.0,False,,,,,,,
V31-27,100,48.145538330078125,0.0,1.8199999332427979,47.374786376953125,0.0,1.7699999809265137,0.0,0.0,100.0,47.760162353515625,0.0,False,,,,,,,
V31-28,100,50.314300537109375,0.0,1.8299999237060547,48.86676025390625,0.0,1.7899999618530273,0.0,0.0,100.0,49.59053039550781,0.0,False,,,,,,,
V31-29,100,50.509124755859375,0.0,1.8299999237060547,48.52496337890625,0.0,1.7799999713897705,0.0,0.0,100.0,49.51704406738281,0.0,False,,,,,,,
V31-30,100,50.642425537109375,0.0,1.8299999237060547,48.89923095703125,0.0,1.7799999713897705,0.0,0.0,100.0,49.77082824707031,0.0,False,,,,,,,
V31-31,100,51.459320068359375,0.0,1.8399999141693115,48.88555908203125,0.0,1.7799999713897705,0.0,0.0,100.0,50.17243957519531,0.0,False,,,,,,,
V31-32,100,51.907073974609375,0.0,1.8399999141693115,49.17437744140625,0.0,1.7799999713897705,0.0,0.0,100.0,50.54072570800781,0.0,False,,,,,,,
V31-33,100,50.927825927734375,0.0,1.8399999141693115,48.55230712890625,0.0,1.7799999713897705,0.0,0.0,100.0,49.74006652832031,0.0,False,,,,,,,
V31-34,100,48.167755126953125,0.0,1.8700000047683716,46.713409423828125,0.0,1.809999942779541,0.0,0.0,100.0,47.440582275390625,0.0,False,,,,,,,
V31-35,57,48.72320556640625,0.0,1.9299999475479126,47.608917236328125,0.0,1.8799999952316284,0.0,3.460038900375366,56.99999999999999,48.16606140136719,0.0,False,,,,,,,
V32-00,80,50.604827880859375,0.0,1.7899999618530273,48.037872314453125,0.0,1.7599999904632568,0.0,0.0,80.0,49.32135009765625,0.0,False,,,,,,,
V32-01,100,49.512786865234375,0.0,1.7799999713897705,47.332061767578125,0.0,1.75,0.0,0.1111111119389534,100.0,48.42242431640625,0.0,False,,,,,,,
V32-02,100,49.20001220703125,0.0,1.7799999713897705,47.547393798828125,0.0,1.75,0.0,0.0,100.0,48.37370300292969,0.0,False,,,,,,,
V32-03,100,49.798187255859375,1.2777777910232544,1.7999999523162842,48.089141845703125,0.6666666865348816,1.7599999904632568,0.0,0.5555555820465088,100.0,48.94366455078125,0.972222238779068,False,,,,,,,
V32-04,100,49.825531005859375,0.0,1.7899999618530273,48.220733642578125,0.0,1.7599999904632568,0.0,29.055557250976562,100.0,49.02313232421875,0.0,True,69.15549597855228,58,37,103,13,0,"Inspect pedestrian use, current shade and planting feasibility before choosing an intervention."
V32-05,100,49.41876220703125,0.1666666716337204,1.7999999523162842,48.063507080078125,0.1666666716337204,1.7799999713897705,0.0,16.66666603088379,100.0,48.74113464355469,0.1666666716337204,True,56.0053619302949,149,102,187,12,0,"Inspect pedestrian use, current shade and planting feasibility before choosing an intervention."
V32-06,100,48.61212158203125,3.4444446563720703,1.7949999570846558,48.077178955078125,2.777777671813965,1.7699999809265137,0.0,49.0,100.0,48.34465026855469,3.1111111640930176,True,40.58981233243967,261,182,317,13,0,"Inspect pedestrian use, current shade and planting feasibility before choosing an intervention."
V32-07,100,49.18121337890625,0.0,1.7899999618530273,48.138702392578125,0.0,1.7599999904632568,0.0,14.55555534362793,100.0,48.65995788574219,0.0,True,63.525469168900806,93,65,145,12,0,"Inspect pedestrian use, current shade and planting feasibility before choosing an intervention."
V32-08,100,50.276702880859375,10.277777671813965,1.809999942779541,47.943878173828125,11.05555534362793,1.7699999809265137,0.0,3.8888885974884033,100.0,49.11029052734375,10.666666507720947,False,,,,,,,
V32-09,100,49.42901611328125,44.5,1.8399999141693115,46.547637939453125,44.16666793823242,1.7999999523162842,0.0,3.4444446563720703,100.0,47.98832702636719,44.33333396911621,False,,,,,,,
V32-10,100,49.772552490234375,0.0,1.809999942779541,48.51641845703125,0.0,1.7799999713897705,0.0,21.833332061767578,100.0,49.14448547363281,0.0,True,71.16621983914209,48,33,176,13,0,"Inspect pedestrian use, current shade and planting feasibility before choosing an intervention."
V32-11,100,48.90606689453125,0.0,1.809999942779541,48.295928955078125,0.0,1.7799999713897705,0.0,13.111109733581543,100.0,48.60099792480469,0.0,True,62.11796246648793,104,72,156,12,0,"Inspect pedestrian use, current shade and planting feasibility before choosing an intervention."
V32-12,100,49.38287353515625,0.0,1.809999942779541,48.266876220703125,0.0,1.7799999713897705,0.0,8.13888931274414,100.0,48.82487487792969,0.0,False,,,,,,,
V32-13,100,49.42047119140625,0.0,1.8199999332427979,48.61212158203125,0.0,1.7799999713897705,0.0,6.3333330154418945,100.0,49.01629638671875,0.0,False,,,,,,,
V32-14,100,48.68902587890625,0.02777777798473835,1.8199999332427979,48.089141845703125,0.0,1.7799999713897705,0.0,20.138891220092773,100.0,48.38908386230469,0.013888888992369175,True,54.71849865951742,162,96,208,13,0,"Inspect pedestrian use, current shade and planting feasibility before choosing an intervention."
V32-15,100,46.759552001953125,11.527778625488281,1.809999942779541,46.451934814453125,9.61111068725586,1.7799999713897705,0.0,23.694442749023438,100.0,46.605743408203125,10.56944465637207,True,13.672922252010721,368,292,432,13,0,"Inspect pedestrian use, current shade and planting feasibility before choosing an intervention."
V32-16,100,46.918487548828125,26.72222328186035,1.809999942779541,46.588653564453125,23.499998092651367,1.7699999809265137,0.0,47.27777862548828,100.0,46.753570556640625,25.11111068725586,True,11.715817694369974,370,295,435,13,0,"Inspect pedestrian use, current shade and planting feasibility before choosing an intervention."
V32-17,100,47.757598876953125,7.500000476837158,1.809999942779541,47.684112548828125,6.166666507720947,1.7799999713897705,0.0,20.52777671813965,100.0,47.720855712890625,6.833333492279053,True,27.57372654155496,320,244,384,13,0,"Inspect pedestrian use, current shade and planting feasibility before choosing an intervention."
V32-18,100,48.207061767578125,0.0,1.809999942779541,48.044708251953125,0.0,1.7799999713897705,0.0,0.1666666716337204,100.0,48.125885009765625,0.0,False,,,,,,,
V32-19,100,48.56427001953125,0.0,1.809999942779541,47.812286376953125,0.0,1.7799999713897705,0.0,0.0,100.0,48.18827819824219,0.0,False,,,,,,,
V32-20,100,48.62237548828125,0.0,1.8299999237060547,47.808868408203125,0.0,1.7899999618530273,0.0,0.0,100.0,48.21562194824219,0.0,False,,,,,,,
V32-21,100,47.362823486328125,0.0,1.8199999332427979,46.568145751953125,0.0,1.7799999713897705,0.0,0.0,100.0,46.965484619140625,0.0,False,,,,,,,
V32-22,90,47.615753173828125,1.4506173133850098,1.809999942779541,47.979766845703125,0.37037038803100586,1.7799999713897705,0.0,0.0,90.0,47.797760009765625,0.9104938507080078,False,,,,,,,
V32-23,100,46.976593017578125,15.30555534362793,1.809999942779541,47.567901611328125,4.333333492279053,1.7699999809265137,0.0,0.1111111119389534,100.0,47.272247314453125,9.819444417953491,False,,,,,,,
V32-24,100,48.138702392578125,0.2777777910232544,1.809999942779541,48.049835205078125,0.0,1.7799999713897705,0.0,0.0,100.0,48.094268798828125,0.1388888955116272,False,,,,,,,
V32-25,100,48.74200439453125,0.0,1.8199999332427979,48.172882080078125,0.0,1.7799999713897705,0.0,0.3888888955116272,100.0,48.45744323730469,0.0,False,,,,,,,
V32-26,100,50.536468505859375,0.0,1.8399999141693115,49.34185791015625,0.0,1.7899999618530273,0.0,0.9444444179534912,100.0,49.93916320800781,0.0,False,,,,,,,
V32-27,100,49.576019287109375,0.0,1.8299999237060547,48.44805908203125,0.0,1.7799999713897705,0.0,0.0,100.0,49.01203918457031,0.0,False,,,,,,,
V32-28,100,50.979095458984375,0.0,1.8299999237060547,49.08721923828125,0.0,1.7799999713897705,0.0,0.0,100.0,50.03315734863281,0.0,False,,,,,,,
V32-29,100,50.893646240234375,0.0,1.8399999141693115,49.11968994140625,0.0,1.7899999618530273,0.0,0.0,100.0,50.00666809082031,0.0,False,,,,,,,
V32-30,100,51.172210693359375,0.0,1.8299999237060547,49.519622802734375,0.0,1.7799999713897705,0.0,0.0,100.0,50.345916748046875,0.0,False,,,,,,,
V32-31,100,51.117523193359375,0.0,1.8499999046325684,49.12994384765625,0.0,1.7949999570846558,0.0,0.0,100.0,50.12373352050781,0.0,False,,,,,,,
V32-32,100,51.148284912109375,0.0,1.8600000143051147,48.90435791015625,0.0,1.7999999523162842,0.0,0.0,100.0,50.02632141113281,0.0,False,,,,,,,
V32-33,100,51.165374755859375,0.0,1.8600000143051147,49.00177001953125,0.0,1.8049999475479126,0.0,0.0,100.0,50.08357238769531,0.0,False,,,,,,,
V32-34,100,47.757598876953125,0.0,1.8399999141693115,46.404083251953125,0.0,1.7799999713897705,0.0,0.0,100.0,47.080841064453125,0.0,False,,,,,,,
V32-35,62,47.629425048828125,0.0,1.909999966621399,46.522003173828125,0.0,1.8600000143051147,0.0,9.991040229797363,62.0,47.075714111328125,0.0,False,,,,,,,
V33-00,80,51.194427490234375,0.0,1.7899999618530273,48.348907470703125,0.0,1.7599999904632568,0.0,0.0,80.0,49.77166748046875,0.0,False,,,,,,,
V33-01,100,49.770843505859375,3.472222089767456,1.7799999713897705,47.345733642578125,3.472222089767456,1.75,0.0,4.6666669845581055,100.0,48.55828857421875,3.472222089767456,False,,,,,,,
V33-02,100,48.095977783203125,0.6388888955116272,1.7799999713897705,46.819366455078125,0.4166666865348816,1.7599999904632568,0.0,1.1666666269302368,100.0,47.457672119140625,0.5277777910232544,False,,,,,,,
V33-03,100,48.96588134765625,1.5,1.7799999713897705,47.817413330078125,0.8888888955116272,1.7599999904632568,0.0,2.5,100.0,48.39164733886719,1.1944444477558136,False,,,,,,,
V33-04,100,49.09063720703125,1.2222222089767456,1.7799999713897705,48.142120361328125,1.2222222089767456,1.7599999904632568,0.0,0.6666666865348816,100.0,48.61637878417969,1.2222222089767456,False,,,,,,,
V33-05,100,49.19488525390625,2.722222089767456,1.7899999618530273,48.78131103515625,2.3333332538604736,1.7699999809265137,0.0,34.16666793823242,100.0,48.98809814453125,2.527777671813965,True,51.87667560321716,184,105,234,13,0,"Inspect pedestrian use, current shade and planting feasibility before choosing an intervention."
V33-06,100,49.673431396484375,7.6666669845581055,1.7999999523162842,49.10772705078125,5.777778148651123,1.7699999809265137,0.0,36.22222137451172,100.0,49.39057922363281,6.722222566604614,True,54.66487935656836,163,65,227,13,0,"Inspect pedestrian use, current shade and planting feasibility before choosing an intervention."
V33-07,100,49.15045166015625,0.0,1.7999999523162842,47.805450439453125,0.0,1.7649999856948853,0.0,0.0,100.0,48.47795104980469,0.0,False,,,,,,,
V33-08,100,49.630706787109375,0.0,1.7999999523162842,47.593536376953125,0.0,1.7699999809265137,0.0,0.0,100.0,48.61212158203125,0.0,False,,,,,,,
V33-09,100,51.493499755859375,29.22222328186035,1.8299999237060547,49.43585205078125,19.77777862548828,1.7899999618530273,0.0,0.0,100.0,50.46467590332031,24.500000953674316,False,,,,,,,
V33-10,100,51.447357177734375,22.22222328186035,1.8199999332427979,50.741546630859375,12.44444465637207,1.7999999523162842,0.0,1.4444444179534912,100.0,51.094451904296875,17.33333396911621,False,,,,,,,
V33-11,100,49.512786865234375,0.0,1.7999999523162842,48.60015869140625,0.0,1.7699999809265137,0.0,0.0,100.0,49.05647277832031,0.0,False,,,,,,,
V33-12,100,51.577239990234375,0.0,1.8399999141693115,49.555511474609375,0.0,1.7999999523162842,0.0,18.02777862548828,100.0,50.566375732421875,0.0,True,82.15817694369973,7,3,15,12,1,"Inspect pedestrian use, current shade and planting feasibility before choosing an intervention."
V33-13,100,51.103851318359375,0.0,1.8299999237060547,49.615325927734375,0.0,1.7899999618530273,0.0,48.30555725097656,100.0,50.359588623046875,0.0,True,81.62198391420912,10,6,18,13,0,"Inspect pedestrian use, current shade and planting feasibility before choosing an intervention."
V33-14,100,47.429473876953125,0.638888955116272,1.7999999523162842,47.287628173828125,0.5555555820465088,1.7699999809265137,0.0,6.722222328186035,100.0,47.358551025390625,0.5972222685813904,False,,,,,,,
V33-15,100,46.715118408203125,25.94444465637207,1.7999999523162842,46.381866455078125,23.916667938232422,1.7699999809265137,0.0,32.97222137451172,100.0,46.548492431640625,24.930556297302246,True,10.723860589812334,371,296,436,13,0,"Inspect pedestrian use, current shade and planting feasibility before choosing an intervention."
V33-16,100,46.851837158203125,18.19444465637207,1.809999942779541,46.781768798828125,16.41666603088379,1.7799999713897705,0.0,36.30554962158203,100.0,46.816802978515625,17.30555534362793,True,13.780160857908847,367,293,433,13,0,"Inspect pedestrian use, current shade and planting feasibility before choosing an intervention."
V33-17,100,48.316436767578125,0.0,1.809999942779541,48.343780517578125,0.0,1.7799999713897705,0.0,17.22222137451172,100.0,48.330108642578125,0.0,True,58.16353887399464,134,93,185,12,0,"Inspect pedestrian use, current shade and planting feasibility before choosing an intervention."
V33-18,100,48.63092041015625,0.0,1.8299999237060547,48.297637939453125,0.0,1.7999999523162842,0.0,21.27777862548828,100.0,48.46427917480469,0.0,True,60.3083109919571,116,71,169,13,0,"Inspect pedestrian use, current shade and planting feasibility before choosing an intervention."
V33-19,100,48.55230712890625,0.0,1.8199999332427979,47.749053955078125,0.0,1.7799999713897705,0.0,15.61111068725586,100.0,48.15068054199219,0.0,True,54.74530831099196,161,110,211,12,0,"Inspect pedestrian use, current shade and planting feasibility before choosing an intervention."
V33-20,100,48.94708251953125,0.0,1.8199999332427979,47.904571533203125,0.0,1.7799999713897705,0.0,6.555556297302246,100.0,48.42582702636719,0.0,False,,,,,,,
V33-21,100,47.974639892578125,0.0,1.8199999332427979,47.494415283203125,0.0,1.7799999713897705,0.0,8.05555534362793,100.0,47.734527587890625,0.0,False,,,,,,,
V33-22,100,48.126739501953125,0.0,1.8199999332427979,47.938751220703125,0.0,1.7799999713897705,0.0,8.777777671813965,100.0,48.032745361328125,0.0,False,,,,,,,
V33-23,100,47.813995361328125,0.0,1.8199999332427979,47.330352783203125,0.0,1.7799999713897705,0.0,0.0,100.0,47.572174072265625,0.0,False,,,,,,,
V33-24,100,48.75396728515625,0.0,1.8149999380111694,48.015655517578125,0.0,1.7799999713897705,0.0,0.0,100.0,48.38481140136719,0.0,False,,,,,,,
V33-25,100,48.273712158203125,0.0,1.8199999332427979,47.542266845703125,0.0,1.7799999713897705,0.0,0.0,100.0,47.907989501953125,0.0,False,,,,,,,
V33-26,100,50.180999755859375,0.0,1.8299999237060547,48.80352783203125,0.0,1.7799999713897705,0.0,0.0,100.0,49.49226379394531,0.0,False,,,,,,,
V33-27,100,49.962249755859375,0.0,1.8299999237060547,48.359161376953125,0.0,1.7799999713897705,0.0,0.0,100.0,49.16070556640625,0.0,False,,,,,,,
V33-28,100,50.360443115234375,0.0,1.8299999237060547,48.46685791015625,0.0,1.7799999713897705,0.0,0.0,100.0,49.41365051269531,0.0,False,,,,,,,
V33-29,100,50.637298583984375,0.0,1.8299999237060547,48.77447509765625,0.0,1.7799999713897705,0.0,0.0,100.0,49.70588684082031,0.0,False,,,,,,,
V33-30,100,50.483489990234375,0.0,1.8299999237060547,48.92144775390625,0.0,1.7799999713897705,0.0,0.0,100.0,49.70246887207031,0.0,False,,,,,,,
V33-31,100,51.515716552734375,0.0,1.8399999141693115,49.615325927734375,0.0,1.7899999618530273,0.0,0.0,100.0,50.565521240234375,0.0,False,,,,,,,
V33-32,100,51.242279052734375,0.0,1.8550000190734863,49.30426025390625,0.0,1.7999999523162842,0.0,0.0,100.0,50.27326965332031,0.0,False,,,,,,,
V33-33,100,49.722991943359375,0.0,1.8399999141693115,47.986602783203125,0.0,1.7899999618530273,0.0,0.0,100.0,48.85479736328125,0.0,False,,,,,,,
V33-34,100,48.089141845703125,0.0,1.8600000143051147,46.638214111328125,0.0,1.7999999523162842,0.0,0.0,100.0,47.363677978515625,0.0,False,,,,,,,
V33-35,42,48.107940673828125,0.0,1.9399999380111694,46.853546142578125,0.0,1.8899999856948853,0.0,13.955026626586914,42.0,47.480743408203125,0.0,True,43.41823056300268,246,174,301,11,0,"Inspect pedestrian use, current shade and planting feasibility before choosing an intervention."
V34-00,80,51.055999755859375,0.0,1.7899999618530273,48.52667236328125,0.0,1.7599999904632568,0.0,2.430555582046509,80.0,49.79133605957031,0.0,False,,,,,,,
V34-01,100,49.18975830078125,3.472222328186035,1.784999966621399,47.250030517578125,3.194444179534912,1.7599999904632568,0.0,9.61111068725586,100.0,48.21989440917969,3.3333332538604736,False,,,,,,,
V34-02,100,48.76934814453125,1.5833332538604736,1.7899999618530273,46.547637939453125,1.5277777910232544,1.75,0.0,5.94444465637207,100.0,47.65849304199219,1.555555522441864,False,,,,,,,
V34-03,100,48.69927978515625,3.8888885974884033,1.7799999713897705,46.904815673828125,3.722222089767456,1.7549999952316284,0.0,8.222222328186035,100.0,47.80204772949219,3.8055553436279297,False,,,,,,,
V34-04,100,48.56427001953125,2.777777910232544,1.7999999523162842,47.525177001953125,2.277777910232544,1.7699999809265137,0.0,9.69444465637207,100.0,48.04472351074219,2.527777910232544,False,,,,,,,
V34-05,100,49.14361572265625,0.5555555820465088,1.7899999618530273,48.128448486328125,0.3333333432674408,1.7699999809265137,0.0,10.972222328186035,100.0,48.63603210449219,0.4444444626569748,True,51.7828418230563,185,148,230,12,0,"Inspect pedestrian use, current shade and planting feasibility before choosing an intervention."
V34-06,100,48.95562744140625,30.361116409301758,1.7999999523162842,47.790069580078125,29.888885498046875,1.7699999809265137,0.0,26.749998092651367,100.0,48.37284851074219,30.125000953674316,True,34.101876675603215,292,180,350,13,0,"Inspect pedestrian use, current shade and planting feasibility before choosing an intervention."
V34-07,100,49.846038818359375,0.02777777798473835,1.7999999523162842,48.162628173828125,0.0,1.7699999809265137,0.0,2.305555820465088,100.0,49.00433349609375,0.013888888992369175,False,,,,,,,
V34-08,100,49.02911376953125,0.0,1.809999942779541,47.438018798828125,0.0,1.7799999713897705,0.0,0.0,100.0,48.23356628417969,0.0,False,,,,,,,
V34-09,100,50.447601318359375,0.0,1.809999942779541,49.11456298828125,0.0,1.7799999713897705,0.0,0.0,100.0,49.78108215332031,0.0,False,,,,,,,
V34-10,100,53.945953369140625,0.0,1.8399999141693115,52.5377197265625,0.0,1.809999942779541,0.0,0.2222222238779068,100.0,53.24183654785156,0.0,False,,,,,,,
V34-11,100,50.044281005859375,0.0,1.7999999523162842,48.91632080078125,0.0,1.7699999809265137,0.0,0.0,100.0,49.48030090332031,0.0,False,,,,,,,
V34-12,100,49.00177001953125,0.0,1.7999999523162842,48.85308837890625,0.0,1.7799999713897705,0.0,0.0,100.0,48.92742919921875,0.0,False,,,,,,,
V34-13,100,48.84112548828125,0.0,1.7999999523162842,49.01885986328125,0.0,1.7699999809265137,0.0,0.0,100.0,48.92999267578125,0.0,False,,,,,,,
V34-14,100,47.605499267578125,0.0,1.7999999523162842,47.323516845703125,0.0,1.7699999809265137,0.0,0.0,100.0,47.464508056640625,0.0,False,,,,,,,
V34-15,100,47.473907470703125,18.694442749023438,1.7899999618530273,47.051788330078125,16.91666603088379,1.7599999904632568,0.0,48.4444465637207,100.0,47.262847900390625,17.805554389953613,True,17.158176943699733,356,283,424,13,0,"Inspect pedestrian use, current shade and planting feasibility before choosing an intervention."
V34-16,100,47.256866455078125,5.027777671813965,1.809999942779541,47.306427001953125,3.8611109256744385,1.7799999713897705,0.0,4.69444465637207,100.0,47.281646728515625,4.444444298744202,False,,,,,,,
V34-17,100,47.532012939453125,0.0,1.809999942779541,47.665313720703125,0.0,1.7799999713897705,0.0,0.02777777798473835,100.0,47.598663330078125,0.0,False,,,,,,,
V34-18,100,47.501251220703125,0.0,1.7999999523162842,47.581573486328125,0.0,1.7699999809265137,0.0,0.0,100.0,47.541412353515625,0.0,False,,,,,,,
V34-19,100,48.365997314453125,0.0,1.8199999332427979,47.590118408203125,0.0,1.7799999713897705,0.0,1.1111111640930176,100.0,47.978057861328125,0.0,False,,,,,,,
V34-20,100,49.00177001953125,0.0,1.8199999332427979,47.919952392578125,0.0,1.7799999713897705,0.0,0.0,100.0,48.46086120605469,0.0,False,,,,,,,
V34-21,100,48.55059814453125,0.0,1.809999942779541,48.097686767578125,0.0,1.7799999713897705,0.0,0.0,100.0,48.32414245605469,0.0,False,,,,,,,
V34-22,100,48.77276611328125,0.0,1.809999942779541,48.181427001953125,0.0,1.7699999809265137,0.0,0.0,100.0,48.47709655761719,0.0,False,,,,,,,
V34-23,100,48.96417236328125,0.0,1.809999942779541,48.181427001953125,0.0,1.7699999809265137,0.0,0.0,100.0,48.57279968261719,0.0,False,,,,,,,
V34-24,100,48.46685791015625,0.0,1.8199999332427979,47.665313720703125,0.0,1.7799999713897705,0.0,0.0,100.0,48.06608581542969,0.0,False,,,,,,,
V34-25,100,47.468780517578125,0.0,1.8299999237060547,46.773223876953125,0.0,1.7799999713897705,0.0,0.0,100.0,47.121002197265625,0.0,False,,,,,,,
V34-26,100,47.955841064453125,0.0,1.8199999332427979,46.817657470703125,0.0,1.7699999809265137,0.0,0.0,100.0,47.386749267578125,0.0,False,,,,,,,
V34-27,100,49.34527587890625,0.0,1.8399999141693115,48.063507080078125,0.0,1.7899999618530273,0.0,0.0,100.0,48.70439147949219,0.0,False,,,,,,,
V34-28,100,50.657806396484375,0.0,1.8399999141693115,48.75396728515625,0.0,1.7899999618530273,0.0,0.0,100.0,49.70588684082031,0.0,False,,,,,,,
V34-29,100,51.201263427734375,0.0,1.8299999237060547,49.33843994140625,0.0,1.7799999713897705,0.0,0.0,100.0,50.26985168457031,0.0,False,,,,,,,
V34-30,100,50.996185302734375,0.0,1.8249999284744263,49.23931884765625,0.0,1.7699999809265137,0.0,0.0,100.0,50.11775207519531,0.0,False,,,,,,,
V34-31,100,51.553314208984375,0.0,1.8399999141693115,49.42559814453125,0.0,1.7899999618530273,0.0,0.0,100.0,50.48945617675781,0.0,False,,,,,,,
V34-32,100,51.908782958984375,0.0,1.8700000047683716,49.731536865234375,0.0,1.8199999332427979,0.0,0.0,100.0,50.820159912109375,0.0,False,,,,,,,
V34-33,100,50.068206787109375,0.0,1.8600000143051147,48.027618408203125,0.0,1.809999942779541,0.0,0.0,100.0,49.04791259765625,0.0,False,,,,,,,
V34-34,88,47.919952392578125,0.0,1.909999966621399,46.238311767578125,0.0,1.8499999046325684,0.0,0.0,88.0,47.079132080078125,0.0,False,,,,,,,
