cell_id,common_30m_samples,temp_c_2026-09-14,vegetation_pct_2026-09-14,st_qa_k_2026-09-14,temp_c_2026-09-30,vegetation_pct_2026-09-30,st_qa_k_2026-09-30
V00-03,53,52.318939208984375,0.0,1.8399999141693115,47.489288330078125,0.0,1.7699999809265137
V00-04,70,51.671234130859375,0.0,1.8299999237060547,46.956085205078125,0.0,1.7699999809265137
V00-05,70,50.312591552734375,0.0,1.809999942779541,46.185333251953125,0.0,1.7599999904632568
V00-06,70,52.026702880859375,5.238094329833984,1.8299999237060547,47.009063720703125,12.857145309448242,1.7599999904632568
V00-07,70,52.113861083984375,24.206348419189453,1.8199999332427979,47.590118408203125,23.095239639282227,1.7599999904632568
V00-08,70,52.142913818359375,33.21428298950195,1.8199999332427979,47.909698486328125,27.182540893554688,1.7599999904632568
V00-09,70,53.2640380859375,11.150793075561523,1.8299999237060547,47.991729736328125,10.039682388305664,1.7599999904632568
V00-10,70,53.0538330078125,0.0,1.8199999332427979,48.089141845703125,0.0,1.75
V00-11,70,51.946380615234375,0.0,1.809999942779541,47.607208251953125,0.0,1.75
V00-12,70,53.645172119140625,0.0,1.8299999237060547,48.48394775390625,0.0,1.7599999904632568
V00-13,70,52.47959899902344,0.0,1.8299999237060547,48.222442626953125,0.0,1.7599999904632568
V00-14,70,52.8743896484375,0.0,1.8299999237060547,48.61383056640625,0.0,1.7699999809265137
V00-15,52,52.8026123046875,9.348289489746094,1.8399999141693115,48.72149658203125,9.027778625488281,1.7799999713897705
V00-18,70,50.519378662109375,8.333333969116211,1.8399999141693115,46.778350830078125,8.809523582458496,1.774999976158142
V00-19,70,50.189544677734375,0.0,1.8399999141693115,46.469024658203125,0.0,1.7699999809265137
V00-20,70,51.351654052734375,0.0,1.8399999141693115,47.938751220703125,0.0,1.7799999713897705
V00-21,60,50.671478271484375,0.0,1.8399999141693115,47.446563720703125,0.0,1.7799999713897705
V00-24,50,51.402923583984375,0.0,1.8299999237060547,47.508087158203125,0.0,1.7599999904632568
V00-25,70,51.570404052734375,0.0,1.8399999141693115,48.078887939453125,0.0,1.7699999809265137
V00-26,70,51.467864990234375,0.0,1.8399999141693115,48.324981689453125,0.0,1.7699999809265137
V00-27,70,50.601409912109375,2.6190474033355713,1.8299999237060547,47.947296142578125,1.8253968954086304,1.7699999809265137
V00-28,70,49.630706787109375,0.873015820980072,1.8299999237060547,47.243194580078125,0.5555555820465088,1.7599999904632568
V00-29,70,50.290374755859375,2.460317611694336,1.8199999332427979,47.480743408203125,1.9047620296478271,1.7599999904632568
V00-30,70,49.13336181640625,0.5555555820465088,1.8299999237060547,47.379913330078125,0.5555555820465088,1.7599999904632568
V00-31,70,48.83428955078125,0.0,1.8199999332427979,47.593536376953125,0.0,1.7599999904632568
V00-32,70,48.52667236328125,0.0,1.8199999332427979,47.126983642578125,0.0,1.7599999904632568
V00-33,70,48.74713134765625,0.0,1.8149999380111694,47.145782470703125,0.0,1.75
V00-34,70,48.93170166015625,0.1587301641702652,1.809999942779541,47.634552001953125,0.1587301641702652,1.75
V00-35,70,49.21368408203125,0.0,1.8299999237060547,48.178009033203125,0.0,1.7699999809265137
V00-36,49,48.005401611328125,0.0,1.8299999237060547,46.316925048828125,0.0,1.7599999904632568
V01-03,93,52.7872314453125,0.0,1.8399999141693115,47.786651611328125,0.0,1.7699999809265137
V01-04,100,52.7171630859375,0.0,1.8299999237060547,47.767852783203125,0.0,1.7699999809265137
V01-05,100,52.218109130859375,0.2777777910232544,1.8499999046325684,47.684112548828125,0.2222222238779068,1.7899999618530273
V01-06,100,51.660980224609375,27.02777671813965,1.8399999141693115,46.675811767578125,33.5555534362793,1.7699999809265137
V01-07,100,52.253997802734375,20.52777862548828,1.8199999332427979,47.538848876953125,7.888888359069824,1.75
V01-08,100,52.5787353515625,7.94444465637207,1.8499999046325684,47.916534423828125,5.55555534362793,1.7799999713897705
V01-09,100,52.9752197265625,2.5555553436279297,1.8199999332427979,47.868682861328125,2.777777671813965,1.7599999904632568
V01-10,100,52.397552490234375,0.0,1.809999942779541,47.516632080078125,0.0,1.75
V01-11,100,52.084808349609375,0.0,1.809999942779541,47.875518798828125,0.0,1.75
V01-12,100,52.7615966796875,0.0,1.809999942779541,48.73004150390625,0.0,1.75
V01-13,100,52.6505126953125,0.0,1.8199999332427979,48.347198486328125,0.0,1.7599999904632568
V01-14,100,52.484710693359375,0.0,1.8199999332427979,48.208770751953125,0.0,1.7599999904632568
V01-15,97,53.1768798828125,2.004581928253174,1.8299999237060547,48.84967041015625,1.0309277772903442,1.7599999904632568
V01-16,77,52.6368408203125,2.8138530254364014,1.8399999141693115,48.85308837890625,1.803751826286316,1.7799999713897705
V01-17,76,51.158538818359375,0.4385964870452881,1.8299999237060547,48.025909423828125,0.3654971122741699,1.774999976158142
V01-18,100,49.680267333984375,7.888889312744141,1.8199999332427979,47.456817626953125,6.555555820465088,1.7699999809265137
V01-19,100,49.818695068359375,0.0,1.8299999237060547,46.845001220703125,0.0,1.7699999809265137
V01-20,100,51.211517333984375,0.0,1.8399999141693115,48.005401611328125,0.0,1.7799999713897705
V01-21,100,51.120941162109375,0.0,1.8399999141693115,47.602081298828125,0.0,1.7799999713897705
V01-22,87,51.573822021484375,0.0,1.8399999141693115,47.598663330078125,0.0,1.7699999809265137
V01-23,43,51.074798583984375,0.0,1.8399999141693115,47.349151611328125,0.0,1.7799999713897705
V01-24,94,51.549896240234375,0.0,1.8499999046325684,47.916534423828125,0.0,1.7799999713897705
V01-25,100,51.490081787109375,0.0,1.8499999046325684,48.025909423828125,0.0,1.7799999713897705
V01-26,100,51.934417724609375,0.0,1.8399999141693115,48.63946533203125,0.0,1.7799999713897705
V01-27,100,51.038909912109375,2.0555553436279297,1.8399999141693115,48.244659423828125,1.7222222089767456,1.7699999809265137
V01-28,100,50.739837646484375,0.1111111119389534,1.8399999141693115,47.868682861328125,0.0,1.7799999713897705
V01-29,100,49.12652587890625,0.6666666269302368,1.8299999237060547,46.909942626953125,0.3888888955116272,1.7699999809265137
V01-30,100,49.18463134765625,0.1111111119389534,1.8299999237060547,47.239776611328125,0.1111111119389534,1.7699999809265137
V01-31,100,48.71295166015625,0.1111111119389534,1.8299999237060547,47.285919189453125,0.0,1.7699999809265137
V01-32,100,48.364288330078125,1.0555555820465088,1.8299999237060547,46.974884033203125,0.3888888955116272,1.7599999904632568
V01-33,100,49.10772705078125,0.1111111119389534,1.8199999332427979,47.631134033203125,0.0555555559694767,1.7599999904632568
V01-34,100,49.41021728515625,0.0555555559694767,1.8199999332427979,47.581573486328125,0.0,1.75
V01-35,100,49.721282958984375,0.0,1.8299999237060547,47.720001220703125,0.0,1.7599999904632568
V01-36,70,48.148956298828125,0.0,1.8199999332427979,46.282745361328125,0.0,1.75
V02-03,100,52.7479248046875,0.0,1.8299999237060547,47.952423095703125,0.0,1.7699999809265137
V02-04,100,53.1871337890625,0.0,1.8299999237060547,47.940460205078125,0.0,1.7699999809265137
V02-05,100,52.8402099609375,0.0,1.8199999332427979,47.803741455078125,0.0,1.7599999904632568
V02-06,100,55.523345947265625,2.972222328186035,1.8499999046325684,49.919525146484375,1.8333332538604736,1.7799999713897705
V02-07,100,53.3614501953125,10.972222328186035,1.8299999237060547,47.851593017578125,3.8888885974884033,1.7599999904632568
V02-08,100,52.212982177734375,37.5555534362793,1.8199999332427979,47.347442626953125,31.05555534362793,1.7599999904632568
V02-09,100,53.930572509765625,0.3333333432674408,1.8399999141693115,48.53179931640625,0.2222222238779068,1.7699999809265137
V02-10,100,52.9273681640625,0.0,1.8199999332427979,47.872100830078125,0.0,1.7599999904632568
V02-11,100,52.8111572265625,0.0,1.8199999332427979,48.46173095703125,0.0,1.7599999904632568
V02-12,100,52.496673583984375,0.0,1.8299999237060547,48.50787353515625,0.0,1.7699999809265137
V02-13,100,52.6710205078125,0.0,1.8299999237060547,48.407012939453125,0.0,1.7699999809265137
V02-14,100,52.354827880859375,0.0,1.8299999237060547,47.904571533203125,0.0,1.7699999809265137
V02-15,100,52.365081787109375,0.0,1.8299999237060547,48.321563720703125,0.0,1.7599999904632568
V02-16,100,50.138275146484375,0.0,1.809999942779541,46.935577392578125,0.0,1.7599999904632568
V02-17,100,49.984466552734375,0.0,1.8299999237060547,46.959503173828125,0.0,1.7699999809265137
V02-18,100,49.582855224609375,0.0,1.8199999332427979,47.012481689453125,0.0,1.7599999904632568
V02-19,100,49.38970947265625,0.0,1.8299999237060547,46.486114501953125,0.0,1.7699999809265137
V02-20,100,50.762054443359375,0.0,1.8399999141693115,47.853302001953125,0.0,1.7799999713897705
V02-21,100,50.661224365234375,0.0,1.8299999237060547,47.559356689453125,0.0,1.7699999809265137
V02-22,100,51.158538818359375,0.0,1.8299999237060547,47.937042236328125,0.0,1.7699999809265137
V02-23,100,51.394378662109375,0.0,1.8399999141693115,48.070343017578125,0.0,1.7699999809265137
V02-24,100,51.474700927734375,0.0,1.8399999141693115,48.237823486328125,0.0,1.7799999713897705
V02-25,100,51.416595458984375,0.0,1.8399999141693115,48.213897705078125,0.0,1.7699999809265137
V02-26,92,51.440521240234375,0.0,1.8399999141693115,48.75396728515625,0.0,1.7799999713897705
V02-27,100,50.815032958984375,0.2777777910232544,1.8399999141693115,48.015655517578125,0.2777777910232544,1.7799999713897705
V02-28,100,49.466644287109375,2.277777910232544,1.8299999237060547,46.643341064453125,1.6666667461395264,1.7699999809265137
V02-29,100,48.62750244140625,0.1666666716337204,1.8199999332427979,46.708282470703125,0.0555555559694767,1.7599999904632568
V02-30,100,50.045989990234375,3.6666665077209473,1.8299999237060547,47.825958251953125,2.8888888359069824,1.7699999809265137
V02-31,100,48.93853759765625,4.1666669845581055,1.8299999237060547,47.506378173828125,4.833333492279053,1.7699999809265137
V02-32,100,49.545257568359375,0.0555555559694767,1.8199999332427979,47.870391845703125,0.0555555559694767,1.7599999904632568
V02-33,100,49.464935302734375,0.0,1.8299999237060547,47.723419189453125,0.0,1.7699999809265137
V02-34,100,49.808441162109375,0.0,1.8299999237060547,47.523468017578125,0.0,1.7699999809265137
V02-35,100,48.56427001953125,0.0,1.8199999332427979,47.340606689453125,0.0,1.7599999904632568
V02-36,70,48.248077392578125,0.0,1.8199999332427979,46.945831298828125,0.0,1.7599999904632568
V03-02,36,51.508880615234375,0.0,1.8399999141693115,47.340606689453125,0.0,1.7899999618530273
V03-03,100,52.236907958984375,0.0,1.8299999237060547,47.487579345703125,0.0,1.7599999904632568
V03-04,100,52.310394287109375,0.0,1.8299999237060547,47.357696533203125,0.0,1.7699999809265137
V03-05,100,52.9649658203125,0.0,1.8199999332427979,47.812286376953125,0.0,1.75
V03-06,100,54.313385009765625,0.0,1.8299999237060547,48.66339111328125,0.0,1.7599999904632568
V03-07,100,53.658843994140625,0.0,1.8199999332427979,47.853302001953125,0.0,1.75
V03-08,100,52.9957275390625,18.16666603088379,1.8199999332427979,47.774688720703125,12.38888931274414,1.75
V03-09,100,53.816070556640625,0.1111111119389534,1.8399999141693115,48.98297119140625,0.1111111119389534,1.7699999809265137
V03-10,100,54.057037353515625,11.333333969116211,1.84499990940094,49.27178955078125,9.722221374511719,1.7799999713897705
V03-11,100,52.7923583984375,2.8333334922790527,1.8199999332427979,48.51129150390625,2.444444417953491,1.7599999904632568
V03-12,100,52.344573974609375,0.0,1.8299999237060547,48.042999267578125,0.0,1.7599999904632568
V03-13,100,52.383880615234375,0.0,1.8299999237060547,48.265167236328125,0.0,1.7599999904632568
V03-14,100,51.932708740234375,0.0,1.8299999237060547,47.660186767578125,0.0,1.7599999904632568
V03-15,100,50.527923583984375,0.0,1.8199999332427979,46.848419189453125,0.0,1.7599999904632568
V03-16,100,48.53521728515625,0.0,1.809999942779541,45.590606689453125,0.0,1.7599999904632568
V03-17,100,50.780853271484375,0.0,1.8299999237060547,46.980010986328125,0.0,1.7599999904632568
V03-18,100,51.018402099609375,1.7777776718139648,1.8299999237060547,47.540557861328125,1.8888888359069824,1.7699999809265137
V03-19,100,49.999847412109375,0.0,1.8299999237060547,46.863800048828125,0.0,1.7699999809265137
V03-20,100,49.912689208984375,0.0,1.8299999237060547,47.367950439453125,0.0,1.7699999809265137
V03-21,100,50.307464599609375,0.0,1.8299999237060547,47.711456298828125,0.0,1.7699999809265137
V03-22,100,50.989349365234375,0.0,1.8399999141693115,48.297637939453125,0.0,1.7699999809265137
V03-23,100,51.255950927734375,0.0,1.8299999237060547,48.294219970703125,0.0,1.7699999809265137
V03-24,100,51.484954833984375,0.0,1.8399999141693115,48.410430908203125,0.0,1.7799999713897705
V03-25,100,51.946380615234375,1.3333333730697632,1.8399999141693115,48.92144775390625,0.7777777910232544,1.7699999809265137
V03-26,36,51.503753662109375,0.0,1.84499990940094,48.88555908203125,0.0,1.7799999713897705
V03-27,50,50.632171630859375,5.555555820465088,1.8399999141693115,48.032745361328125,6.44444465637207,1.7799999713897705
V03-28,83,48.207061767578125,19.27710723876953,1.8199999332427979,46.368194580078125,17.23560905456543,1.7599999904632568
V03-29,100,48.307891845703125,14.833333015441895,1.8199999332427979,46.655303955078125,7.611110687255859,1.7599999904632568
V03-30,100,48.97613525390625,0.1666666716337204,1.8199999332427979,46.889434814453125,0.0555555559694767,1.7599999904632568
V03-31,100,48.84112548828125,0.0,1.809999942779541,47.224395751953125,0.0,1.75
V03-32,100,49.928070068359375,0.0,1.8199999332427979,47.607208251953125,0.0,1.7599999904632568
V03-33,100,49.546966552734375,0.0,1.8199999332427979,47.275665283203125,0.0,1.7599999904632568
V03-34,100,49.35723876953125,0.0,1.8199999332427979,47.060333251953125,0.0,1.7599999904632568
V03-35,100,48.70953369140625,0.0,1.8199999332427979,47.091094970703125,0.0,1.7599999904632568
V03-36,70,48.49932861328125,0.0,1.8199999332427979,47.082550048828125,0.0,1.7599999904632568
V04-02,57,51.840423583984375,0.0,1.8499999046325684,47.571319580078125,0.0,1.7899999618530273
V04-03,100,52.334320068359375,0.0,1.8399999141693115,47.655059814453125,0.0,1.7799999713897705
V04-04,100,51.825042724609375,0.0,1.8299999237060547,46.672393798828125,0.0,1.7599999904632568
V04-05,100,52.7325439453125,0.0,1.8199999332427979,47.508087158203125,0.0,1.7599999904632568
V04-06,100,53.788726806640625,0.0,1.8299999237060547,47.967803955078125,0.0,1.7599999904632568
V04-07,100,54.005767822265625,0.0,1.8199999332427979,47.890899658203125,0.0,1.75
V04-08,100,53.771636962890625,0.0,1.8299999237060547,48.150665283203125,0.0,1.7599999904632568
V04-09,100,53.0777587890625,0.0,1.8199999332427979,48.294219970703125,0.0,1.7599999904632568
V04-10,100,53.1478271484375,16.5,1.8299999237060547,48.58135986328125,14.111111640930176,1.7599999904632568
V04-11,100,53.626373291015625,6.44444465637207,1.8199999332427979,48.72491455078125,4.722222328186035,1.7599999904632568
V04-12,100,52.315521240234375,0.0,1.809999942779541,48.013946533203125,0.0,1.75
V04-13,100,51.153411865234375,0.0,1.809999942779541,47.607208251953125,0.0,1.75
V04-14,100,50.698822021484375,0.0,1.809999942779541,46.957794189453125,0.0,1.7400000095367432
V04-15,89,50.938079833984375,0.0,1.8199999332427979,47.506378173828125,0.0,1.7599999904632568
V04-16,100,50.792816162109375,1.4444445371627808,1.8299999237060547,47.333770751953125,1.1111111640930176,1.7699999809265137
V04-17,100,51.360198974609375,0.0,1.8399999141693115,47.979766845703125,0.0,1.7799999713897705
V04-18,100,51.298675537109375,0.0,1.8399999141693115,48.109649658203125,0.0,1.7799999713897705
V04-19,100,50.620208740234375,0.1111111119389534,1.8499999046325684,47.716583251953125,0.0,1.7899999618530273
V04-20,100,50.150238037109375,0.0,1.8299999237060547,47.467071533203125,0.0,1.7799999713897705
V04-21,100,50.478363037109375,0.0,1.8299999237060547,48.048126220703125,0.0,1.7799999713897705
V04-22,100,51.319183349609375,0.0,1.8399999141693115,48.90606689453125,0.0,1.7799999713897705
V04-23,100,51.351654052734375,0.0,1.8499999046325684,49.42388916015625,0.0,1.7999999523162842
V04-24,100,51.317474365234375,0.1111111119389534,1.8499999046325684,49.10943603515625,0.0,1.7899999618530273
V04-25,100,50.611663818359375,2.277777671813965,1.8600000143051147,48.371124267578125,2.8333332538604736,1.7999999523162842
V04-26,95,48.48736572265625,23.80117416381836,1.8399999141693115,46.771514892578125,21.783628463745117,1.7799999713897705
V04-28,29,48.166046142578125,13.409961700439453,1.8399999141693115,46.768096923828125,11.11111068725586,1.7799999713897705
V04-29,100,47.502960205078125,28.72222328186035,1.8199999332427979,46.260528564453125,24.000001907348633,1.7649999856948853
V04-30,100,48.377960205078125,3.8333334922790527,1.8199999332427979,46.938995361328125,3.1666665077209473,1.7599999904632568
V04-31,100,48.89410400390625,1.2222223281860352,1.8199999332427979,47.019317626953125,0.4444444477558136,1.7599999904632568
V04-32,100,48.79498291015625,0.0,1.8199999332427979,46.581817626953125,0.0,1.7599999904632568
V04-33,100,48.82745361328125,0.0,1.8299999237060547,46.744171142578125,0.0,1.7599999904632568
V04-34,100,49.29058837890625,0.0,1.8199999332427979,47.074005126953125,0.0,1.7599999904632568
V04-35,100,48.95733642578125,0.0,1.8199999332427979,47.268829345703125,0.0,1.75
V04-36,70,49.793060302734375,0.0,1.8399999141693115,47.942169189453125,0.0,1.7699999809265137
V05-02,79,52.353118896484375,0.0,1.8399999141693115,47.957550048828125,0.0,1.7799999713897705
V05-03,100,51.801116943359375,0.0,1.8299999237060547,47.449981689453125,0.0,1.7799999713897705
V05-04,100,52.6231689453125,0.0,1.8299999237060547,47.340606689453125,0.0,1.7699999809265137
V05-05,100,53.0572509765625,0.0,1.8299999237060547,47.467071533203125,0.0,1.7599999904632568
V05-06,100,53.0469970703125,0.0,1.8299999237060547,47.549102783203125,0.0,1.7599999904632568
V05-07,100,53.2742919921875,0.0,1.8199999332427979,47.366241455078125,0.0,1.75
V05-08,100,52.476165771484375,0.0,1.8199999332427979,47.332061767578125,0.0,1.75
V05-09,100,52.247161865234375,0.0,1.8199999332427979,47.656768798828125,0.0,1.75
V05-10,100,52.050628662109375,0.0,1.8199999332427979,47.866973876953125,0.0,1.7599999904632568
V05-11,100,52.306976318359375,0.0,1.8199999332427979,48.131866455078125,0.0,1.75
V05-12,100,52.450531005859375,0.0,1.809999942779541,48.029327392578125,0.0,1.75
V05-13,100,51.883148193359375,0.0,1.8199999332427979,47.937042236328125,0.0,1.7599999904632568
V05-14,100,52.219818115234375,0.0,1.8199999332427979,48.220733642578125,0.0,1.75
V05-15,92,52.018157958984375,0.0,1.8199999332427979,48.017364501953125,0.0,1.7599999904632568
V05-16,100,50.903900146484375,0.5,1.8199999332427979,47.608917236328125,0.3888888955116272,1.7649999856948853
V05-17,100,51.213226318359375,0.2222222238779068,1.8399999141693115,48.036163330078125,0.1111111119389534,1.7799999713897705
V05-18,100,50.531341552734375,0.4444444477558136,1.8399999141693115,48.090850830078125,0.2222222238779068,1.7899999618530273
V05-19,100,51.127777099609375,0.2222222238779068,1.8600000143051147,48.56427001953125,0.2222222238779068,1.7999999523162842
V05-20,100,50.820159912109375,0.1111111119389534,1.8499999046325684,48.171173095703125,0.0,1.7999999523162842
V05-21,100,50.399749755859375,0.5555555820465088,1.8299999237060547,48.075469970703125,0.6111111044883728,1.7799999713897705
V05-22,100,50.914154052734375,0.0,1.8299999237060547,48.65142822265625,0.0,1.7699999809265137
V05-23,100,50.445892333984375,6.777777671813965,1.8399999141693115,47.504669189453125,5.94444465637207,1.7799999713897705
V05-24,100,50.521087646484375,2.8888888359069824,1.8299999237060547,48.114776611328125,2.3888890743255615,1.7699999809265137
V05-25,100,48.97784423828125,9.027777671813965,1.8499999046325684,47.417510986328125,7.694444179534912,1.7899999618530273
V05-26,100,47.762725830078125,24.75,1.8299999237060547,46.655303955078125,22.25,1.7799999713897705
V05-27,88,46.708282470703125,26.16792869567871,1.8299999237060547,45.848663330078125,23.516414642333984,1.7799999713897705
V05-28,73,47.889190673828125,14.764081001281738,1.8399999141693115,46.716827392578125,12.36681842803955,1.7899999618530273
V05-29,100,47.685821533203125,29.11111068725586,1.8299999237060547,46.398956298828125,27.055553436279297,1.7799999713897705
V05-30,100,48.74371337890625,7.972222328186035,1.8199999332427979,47.169708251953125,6.972221851348877,1.7599999904632568
V05-31,100,49.29742431640625,0.0555555559694767,1.8199999332427979,47.668731689453125,0.0555555559694767,1.7599999904632568
V05-32,100,48.92999267578125,0.0,1.8199999332427979,47.104766845703125,0.0,1.7599999904632568
V05-33,100,48.302764892578125,0.0,1.8199999332427979,46.304962158203125,0.0,1.7599999904632568
V05-34,100,48.89923095703125,0.0,1.8199999332427979,46.944122314453125,0.0,1.7599999904632568
V05-35,100,49.30938720703125,0.0,1.8199999332427979,47.314971923828125,0.0,1.75
V05-36,70,49.11114501953125,0.0,1.8299999237060547,47.229522705078125,0.0,1.7599999904632568
V06-02,97,52.7872314453125,0.0,1.8299999237060547,47.923370361328125,0.0,1.7699999809265137
V06-03,100,51.937835693359375,0.0,1.8399999141693115,47.405548095703125,0.0,1.7799999713897705
V06-04,100,53.0401611328125,0.0,1.8199999332427979,47.624298095703125,0.0,1.7599999904632568
V06-05,100,52.8555908203125,0.0,1.8299999237060547,47.702911376953125,0.0,1.7599999904632568
V06-06,100,52.8966064453125,0.0,1.8199999332427979,47.778106689453125,0.0,1.7599999904632568
V06-07,100,52.6812744140625,0.0,1.809999942779541,47.212432861328125,0.0,1.75
V06-08,100,51.958343505859375,0.0,1.809999942779541,47.050079345703125,0.0,1.75
V06-09,100,51.601165771484375,0.0,1.809999942779541,46.918487548828125,0.0,1.75
V06-10,100,50.895355224609375,0.0,1.809999942779541,46.880889892578125,0.0,1.75
V06-11,100,51.307220458984375,0.0,1.809999942779541,47.538848876953125,0.0,1.75
V06-12,100,51.784027099609375,0.0,1.809999942779541,47.990020751953125,0.0,1.7599999904632568
V06-13,100,51.835296630859375,0.0,1.809999942779541,48.321563720703125,0.0,1.75
V06-14,100,52.048919677734375,0.0,1.8199999332427979,48.323272705078125,0.0,1.7599999904632568
V06-15,100,51.635345458984375,0.0,1.8199999332427979,47.316680908203125,0.3333333432674408,1.7599999904632568
V06-16,100,51.144866943359375,0.8333333730697632,1.8299999237060547,47.602081298828125,0.8333333730697632,1.7699999809265137
V06-17,100,50.881683349609375,0.3333333432674408,1.8499999046325684,48.242950439453125,0.1111111119389534,1.7899999618530273
V06-18,100,50.625335693359375,0.0,1.8499999046325684,48.227569580078125,0.1111111119389534,1.7999999523162842
V06-19,100,50.905609130859375,0.0,1.8799999952316284,48.46514892578125,0.1111111119389534,1.8199999332427979
V06-20,100,51.175628662109375,0.0,1.8700000047683716,49.08892822265625,0.0,1.809999942779541
V06-21,100,50.580902099609375,2.3333334922790527,1.8399999141693115,48.60015869140625,2.5,1.7799999713897705
V06-22,100,49.837493896484375,0.0,1.8199999332427979,47.215850830078125,0.0,1.7699999809265137
V06-23,100,49.639251708984375,1.4444444179534912,1.8199999332427979,46.855255126953125,1.4444444179534912,1.7599999904632568
V06-24,100,48.52325439453125,0.5555555820465088,1.8199999332427979,46.142608642578125,0.4444444477558136,1.7699999809265137
V06-25,100,48.91290283203125,10.027777671813965,1.809999942779541,46.626251220703125,7.472222328186035,1.75
V06-26,100,47.164581298828125,24.083332061767578,1.809999942779541,46.099884033203125,20.08333396911621,1.7599999904632568
V06-27,100,47.487579345703125,21.694446563720703,1.809999942779541,46.450225830078125,20.13888931274414,1.7599999904632568
V06-28,100,47.412384033203125,12.0,1.809999942779541,46.345977783203125,11.44444465637207,1.7599999904632568
V06-29,100,47.844757080078125,15.277778625488281,1.809999942779541,46.733917236328125,11.222221374511719,1.7599999904632568
V06-30,100,48.287384033203125,11.472221374511719,1.8199999332427979,46.968048095703125,10.749999046325684,1.7599999904632568
V06-31,100,48.135284423828125,6.111111164093018,1.809999942779541,46.385284423828125,4.611110687255859,1.75
V06-32,100,48.287384033203125,2.722222328186035,1.809999942779541,46.636505126953125,1.5,1.75
V06-33,100,48.217315673828125,1.2222222089767456,1.8199999332427979,46.260528564453125,0.3333333432674408,1.7599999904632568
V06-34,100,49.22564697265625,1.6666667461395264,1.8199999332427979,47.783233642578125,1.111111044883728,1.7599999904632568
V06-35,100,49.711029052734375,0.2222222238779068,1.8199999332427979,47.813995361328125,0.1111111119389534,1.7599999904632568
V06-36,70,50.321136474609375,0.0,1.8199999332427979,47.793487548828125,0.0,1.7599999904632568
V07-02,100,52.9581298828125,0.0,1.84499990940094,48.147247314453125,0.0,1.784999966621399
V07-03,100,52.026702880859375,0.0,1.8299999237060547,47.164581298828125,0.0,1.7699999809265137
V07-04,100,53.2025146484375,0.0,1.8399999141693115,48.039581298828125,0.0,1.7799999713897705
V07-05,100,52.8555908203125,0.0,1.8299999237060547,47.926788330078125,0.0,1.7699999809265137
V07-06,100,52.8897705078125,0.0,1.8299999237060547,48.032745361328125,0.0,1.7699999809265137
V07-07,100,53.0093994140625,0.0,1.8299999237060547,47.670440673828125,0.0,1.7699999809265137
V07-08,100,52.185638427734375,0.0,1.8199999332427979,47.398712158203125,0.0,1.7599999904632568
V07-09,100,51.214935302734375,0.0,1.8199999332427979,46.942413330078125,0.0,1.7599999904632568
V07-10,100,51.563568115234375,0.0,1.8199999332427979,47.313262939453125,0.0,1.7599999904632568
V07-11,100,51.344818115234375,0.0,1.809999942779541,47.431182861328125,0.0,1.75
V07-12,100,51.756683349609375,0.0,1.8199999332427979,48.207061767578125,0.0,1.7599999904632568
V07-13,100,51.517425537109375,0.0,1.809999942779541,48.412139892578125,0.0,1.7599999904632568
V07-14,100,51.004730224609375,0.0,1.809999942779541,47.892608642578125,0.0,1.7549999952316284
V07-15,100,50.358734130859375,0.0,1.8299999237060547,47.441436767578125,0.0,1.7699999809265137
V07-16,100,51.066253662109375,0.0,1.8299999237060547,48.292510986328125,0.0,1.7799999713897705
V07-17,100,50.917572021484375,0.2222222238779068,1.8299999237060547,48.237823486328125,0.0,1.7799999713897705
V07-18,100,51.067962646484375,0.02777777798473835,1.8499999046325684,48.67535400390625,0.02777777798473835,1.7899999618530273
V07-19,100,51.300384521484375,0.8055555820465088,1.84499990940094,48.60186767578125,0.6944444179534912,1.7899999618530273
V07-20,100,50.674896240234375,0.0,1.8499999046325684,48.45831298828125,0.0,1.7899999618530273
V07-21,100,49.38116455078125,0.0,1.8299999237060547,47.494415283203125,0.0,1.7799999713897705
V07-22,100,48.256622314453125,0.0,1.8199999332427979,46.318634033203125,0.0,1.7599999904632568
V07-23,99,48.75396728515625,0.0,1.8299999237060547,46.672393798828125,0.0,1.7699999809265137
V07-24,76,48.53521728515625,0.0,1.8199999332427979,46.310089111328125,0.0,1.7699999809265137
V07-25,100,48.42753601074219,0.0,1.8199999332427979,46.224639892578125,0.0,1.7599999904632568
V07-26,100,48.57452392578125,0.4444444477558136,1.8199999332427979,46.884307861328125,0.2222222238779068,1.7599999904632568
V07-27,100,48.148956298828125,8.333333969116211,1.8299999237060547,47.044952392578125,6.333333969116211,1.7799999713897705
V07-28,100,47.860137939453125,11.11111068725586,1.8199999332427979,46.956085205078125,9.666666984558105,1.7699999809265137
V07-29,100,47.108184814453125,11.11111068725586,1.8199999332427979,46.378448486328125,8.88888931274414,1.7699999809265137
V07-30,100,47.996856689453125,8.611111640930176,1.8199999332427979,46.592071533203125,7.6666669845581055,1.7599999904632568
V07-31,100,48.266876220703125,4.1666669845581055,1.8199999332427979,46.846710205078125,2.6666665077209473,1.7699999809265137
V07-32,100,47.933624267578125,0.2222222238779068,1.809999942779541,46.621124267578125,0.0,1.7599999904632568
V07-33,100,48.357452392578125,0.0,1.8199999332427979,46.559600830078125,0.0,1.7599999904632568
V07-34,95,48.53863525390625,0.0,1.8499999046325684,46.942413330078125,0.0,1.7999999523162842
V07-35,89,48.319854736328125,0.0,1.8199999332427979,46.542510986328125,0.0,1.7599999904632568
V07-36,70,49.902435302734375,0.0,1.8299999237060547,47.366241455078125,0.0,1.7599999904632568
V08-01,42,52.9495849609375,0.0,1.8299999237060547,47.986602783203125,0.0,1.7699999809265137
V08-02,100,52.8094482421875,0.0,1.8299999237060547,47.868682861328125,0.0,1.7699999809265137
V08-03,100,52.6949462890625,0.0,1.8399999141693115,47.658477783203125,0.0,1.7799999713897705
V08-04,100,52.9000244140625,0.0,1.8399999141693115,48.061798095703125,0.0,1.7799999713897705
V08-05,100,53.1734619140625,0.0,1.8199999332427979,48.50958251953125,0.0,1.7599999904632568
V08-06,100,52.9547119140625,0.0,1.8199999332427979,48.318145751953125,0.0,1.7599999904632568
V08-07,100,52.6351318359375,0.0,1.8299999237060547,47.567901611328125,0.0,1.7699999809265137
V08-08,100,51.903656005859375,0.0,1.8199999332427979,47.296173095703125,0.0,1.7599999904632568
V08-09,100,51.127777099609375,0.0,1.8299999237060547,47.046661376953125,0.0,1.7699999809265137
V08-10,100,51.452484130859375,0.0,1.8199999332427979,47.058624267578125,0.0,1.75
V08-11,100,51.536224365234375,0.0,1.809999942779541,46.988555908203125,0.0,1.75
V08-12,100,51.346527099609375,0.0,1.8199999332427979,47.655059814453125,0.0,1.7699999809265137
V08-13,100,50.999603271484375,0.0,1.8199999332427979,48.125030517578125,0.0,1.7699999809265137
V08-14,100,50.538177490234375,0.0,1.8299999237060547,47.839630126953125,0.0,1.7799999713897705
V08-15,100,49.736663818359375,0.0,1.8199999332427979,47.190216064453125,0.0,1.7699999809265137
V08-16,100,49.17095947265625,18.44444465637207,1.8199999332427979,46.653594970703125,17.77777671813965,1.7699999809265137
V08-17,100,50.285247802734375,0.1111111119389534,1.8299999237060547,47.820831298828125,0.0555555559694767,1.7699999809265137
V08-18,100,49.516204833984375,14.69444465637207,1.8299999237060547,47.140655517578125,11.75,1.7699999809265137
V08-19,100,50.302337646484375,18.13888931274414,1.8299999237060547,47.904571533203125,18.30555534362793,1.7699999809265137
V08-20,100,49.38116455078125,0.0,1.8199999332427979,47.296173095703125,0.0,1.7699999809265137
V08-21,100,47.907989501953125,0.0,1.8299999237060547,46.257110595703125,0.0,1.7799999713897705
V08-22,100,47.241485595703125,0.0,1.809999942779541,45.735870361328125,0.0,1.7599999904632568
V08-23,100,48.98980712890625,0.0,1.8299999237060547,47.091094970703125,0.0,1.7799999713897705
V08-24,92,48.67706298828125,0.0,1.8499999046325684,47.123565673828125,0.0,1.7999999523162842
V08-25,100,48.342071533203125,0.0,1.8199999332427979,46.952667236328125,0.0,1.7699999809265137
V08-26,100,47.836212158203125,0.0,1.8299999237060547,46.663848876953125,0.0,1.7799999713897705
V08-27,100,48.152374267578125,0.2222222238779068,1.8399999141693115,47.021026611328125,0.0,1.7899999618530273
V08-28,100,47.899444580078125,0.4444444477558136,1.809999942779541,47.550811767578125,0.3333333432674408,1.7599999904632568
V08-29,100,47.439727783203125,5.111111164093018,1.8199999332427979,46.621124267578125,3.4444446563720703,1.7599999904632568
V08-30,100,48.012237548828125,3.3333330154418945,1.8399999141693115,46.879180908203125,2.222222328186035,1.7799999713897705
V08-31,98,48.69586181640625,2.125850200653076,1.8550000190734863,47.410675048828125,1.1054421663284302,1.7999999523162842
V08-32,100,48.47027587890625,5.30555534362793,1.8600000143051147,46.651885986328125,3.6388888359069824,1.7999999523162842
V08-33,100,48.266876220703125,0.0,1.8399999141693115,46.311798095703125,0.0,1.7799999713897705
V08-34,99,48.371124267578125,0.0,1.8399999141693115,46.364776611328125,0.0,1.7699999809265137
V08-35,97,48.60699462890625,0.0,1.8399999141693115,46.286163330078125,0.0,1.7799999713897705
V08-36,28,49.878509521484375,0.0,1.8499999046325684,47.540557861328125,0.0,1.7899999618530273
V09-01,63,52.5582275390625,0.0,1.8399999141693115,48.066925048828125,0.0,1.7799999713897705
V09-02,100,52.6248779296875,0.0,1.8299999237060547,47.675567626953125,0.0,1.7699999809265137
V09-03,100,53.0623779296875,0.0,1.8399999141693115,47.716583251953125,0.0,1.7799999713897705
V09-04,100,53.1136474609375,0.0,1.8299999237060547,47.824249267578125,0.0,1.7699999809265137
V09-05,100,53.0589599609375,0.0,1.8499999046325684,48.309600830078125,0.0,1.7899999618530273
V09-06,100,53.2520751953125,0.0,1.8499999046325684,48.396759033203125,0.0,1.7899999618530273
V09-07,100,53.0675048828125,0.0,1.8199999332427979,47.656768798828125,0.0,1.7599999904632568
V09-08,100,52.178802490234375,0.0,1.8199999332427979,46.998809814453125,0.0,1.75
V09-09,100,51.961761474609375,0.0,1.8199999332427979,46.768096923828125,0.0,1.75
V09-10,100,52.067718505859375,0.0,1.8199999332427979,47.014190673828125,0.0,1.7599999904632568
V09-11,100,51.271331787109375,0.0,1.8199999332427979,47.376495361328125,0.0,1.7599999904632568
V09-12,100,51.409759521484375,0.0,1.8299999237060547,47.870391845703125,0.0,1.7699999809265137
V09-13,100,51.091888427734375,0.0,1.8199999332427979,47.959259033203125,0.0,1.7699999809265137
V09-14,100,50.690277099609375,0.0,1.8299999237060547,47.796905517578125,0.0,1.7699999809265137
V09-15,100,49.28375244140625,0.0,1.809999942779541,46.923614501953125,0.0,1.7599999904632568
V09-16,100,48.55743408203125,0.4444444477558136,1.809999942779541,46.740753173828125,0.1666666716337204,1.7599999904632568
V09-17,100,49.770843505859375,0.0,1.8299999237060547,47.925079345703125,0.0,1.7799999713897705
V09-18,100,49.36749267578125,9.0,1.8299999237060547,47.591827392578125,7.777777194976807,1.7799999713897705
V09-19,100,49.811859130859375,2.4444446563720703,1.8399999141693115,48.396759033203125,0.3333333432674408,1.7899999618530273
V09-20,100,47.914825439453125,0.0,1.8299999237060547,46.667266845703125,0.0,1.7799999713897705
V09-21,100,48.003692626953125,0.0,1.8299999237060547,46.554473876953125,0.0,1.774999976158142
V09-22,100,48.104522705078125,0.0,1.809999942779541,46.682647705078125,0.0,1.7599999904632568
V09-23,100,50.151947021484375,0.0,1.8299999237060547,48.068634033203125,0.0,1.7799999713897705
V09-24,100,50.353607177734375,0.0,1.8899999856948853,48.405303955078125,0.0,1.8399999141693115
V09-25,100,49.43243408203125,0.0,1.8799999952316284,47.853302001953125,0.0,1.8199999332427979
V09-26,100,48.86676025390625,0.0,1.8700000047683716,47.579864501953125,0.0,1.8199999332427979
V09-27,100,48.160919189453125,0.0,1.8499999046325684,47.067169189453125,0.0,1.7999999523162842
V09-28,100,48.166046142578125,0.0,1.8299999237060547,47.757598876953125,0.0,1.7899999618530273
V09-29,90,47.861846923828125,0.0,1.8499999046325684,47.605499267578125,0.0,1.7999999523162842
V09-30,44,47.687530517578125,1.8308080434799194,1.8799999952316284,46.855255126953125,1.704545497894287,1.8299999237060547
V09-31,39,45.616241455078125,36.53845977783203,1.899999976158142,45.171875,31.33902931213379,1.8499999046325684
V09-32,40,46.622833251953125,19.72222328186035,1.8899999856948853,45.13427734375,16.31944465637207,1.834999918937683
V09-33,93,48.99322509765625,0.0,1.8600000143051147,46.607452392578125,0.0,1.7999999523162842
V09-34,100,49.25128173828125,0.0,1.8700000047683716,47.007354736328125,0.0,1.809999942779541
V09-35,87,49.24957275390625,0.0,1.8600000143051147,46.833038330078125,0.0,1.7999999523162842
V10-01,84,52.5274658203125,0.0,1.8299999237060547,48.053253173828125,0.0,1.7699999809265137
V10-02,100,52.033538818359375,0.0,1.8399999141693115,47.379913330078125,0.0,1.7799999713897705
V10-03,100,53.0281982421875,0.0,1.8399999141693115,47.882354736328125,0.0,1.7799999713897705
V10-04,100,52.9410400390625,0.0,1.8299999237060547,48.068634033203125,0.0,1.7699999809265137
V10-05,100,52.8983154296875,0.0,1.8299999237060547,48.251495361328125,0.0,1.7699999809265137
V10-06,100,52.8316650390625,0.0,1.8199999332427979,48.265167236328125,0.0,1.7699999809265137
V10-07,100,52.8419189453125,0.0,1.8199999332427979,47.502960205078125,0.0,1.75
V10-08,100,52.257415771484375,0.0,1.8299999237060547,47.239776611328125,0.0,1.7699999809265137
V10-09,100,51.908782958984375,0.0,1.8199999332427979,46.959503173828125,0.0,1.7599999904632568
V10-10,100,51.057708740234375,0.0,1.809999942779541,46.463897705078125,0.0,1.75
V10-11,100,50.577484130859375,0.0,1.809999942779541,46.639923095703125,0.0,1.7599999904632568
V10-12,100,50.574066162109375,0.0,1.809999942779541,47.227813720703125,0.0,1.75
V10-13,100,50.852630615234375,0.0,1.809999942779541,47.925079345703125,0.0,1.7599999904632568
V10-14,100,50.486907958984375,0.0,1.809999942779541,47.858428955078125,0.0,1.7599999904632568
V10-15,100,49.546966552734375,0.0,1.8199999332427979,47.362823486328125,0.0,1.7699999809265137
V10-16,100,48.96246337890625,0.0,1.8199999332427979,47.003936767578125,0.0,1.7699999809265137
V10-17,100,49.11627197265625,0.0,1.8199999332427979,46.976593017578125,0.0,1.7699999809265137
V10-18,100,49.25469970703125,0.0,1.8299999237060547,47.484161376953125,0.0,1.7799999713897705
V10-19,100,48.77447509765625,0.0,1.809999942779541,47.887481689453125,0.0,1.7649999856948853
V10-20,100,48.62408447265625,0.0,1.8499999046325684,47.663604736328125,0.0,1.7999999523162842
V10-21,100,47.620880126953125,0.0,1.8600000143051147,46.679229736328125,0.0,1.809999942779541
V10-22,100,47.714874267578125,0.0,1.8499999046325684,46.315216064453125,0.0,1.7999999523162842
V10-23,100,50.223724365234375,0.0,1.909999966621399,48.77960205078125,0.0,1.8600000143051147
V10-24,100,50.671478271484375,0.0,1.9199999570846558,49.562347412109375,0.0,1.8700000047683716
V10-25,100,50.437347412109375,0.0,1.9499999284744263,49.01373291015625,0.0,1.899999976158142
V10-26,100,50.527923583984375,0.0,1.9499999284744263,48.76763916015625,0.0,1.8899999856948853
V10-27,79,49.943450927734375,0.0,1.9299999475479126,48.316436767578125,0.0,1.8799999952316284
V10-28,27,48.148956298828125,0.0,1.909999966621399,47.602081298828125,0.0,1.8600000143051147
V10-34,38,48.68560791015625,0.0,1.8399999141693115,47.285919189453125,0.0,1.7799999713897705
V10-35,72,46.055450439453125,9.837963104248047,1.8399999141693115,46.607452392578125,0.0,1.7899999618530273
V10-36,53,47.824249267578125,13.155137062072754,1.8399999141693115,46.638214111328125,0.0,1.7799999713897705
V11-01,100,52.218109130859375,0.0,1.8299999237060547,47.766143798828125,0.0,1.7799999713897705
V11-02,100,52.491546630859375,0.0,1.8299999237060547,47.901153564453125,0.0,1.7699999809265137
V11-03,100,52.6282958984375,0.0,1.8199999332427979,47.892608642578125,0.0,1.7699999809265137
V11-04,100,53.595611572265625,0.0,1.8299999237060547,48.384796142578125,0.0,1.7699999809265137
V11-05,100,53.3153076171875,0.0,1.8299999237060547,48.424102783203125,0.0,1.7699999809265137
V11-06,100,52.6881103515625,0.0,1.8199999332427979,48.000274658203125,0.0,1.7599999904632568
V11-07,100,53.0709228515625,0.0,1.8199999332427979,47.718292236328125,0.0,1.75
V11-08,100,52.105316162109375,0.0,1.8199999332427979,47.422637939453125,0.0,1.7599999904632568
V11-09,100,51.454193115234375,0.0,1.8199999332427979,47.417510986328125,0.0,1.7699999809265137
V11-10,100,50.721038818359375,0.0,1.8199999332427979,47.202178955078125,0.0,1.7599999904632568
V11-11,100,50.630462646484375,0.0,1.8199999332427979,47.137237548828125,0.0,1.7699999809265137
V11-12,100,50.439056396484375,0.0,1.809999942779541,47.754180908203125,0.0,1.7599999904632568
V11-13,100,50.541595458984375,0.0,1.809999942779541,48.45831298828125,0.0,1.7699999809265137
V11-14,100,49.902435302734375,0.0,1.8199999332427979,47.921661376953125,0.0,1.7699999809265137
V11-15,100,49.834075927734375,0.0,1.8199999332427979,47.950714111328125,0.0,1.7699999809265137
V11-16,100,49.06842041015625,0.0,1.8199999332427979,47.128692626953125,0.0,1.7699999809265137
V11-17,100,48.78814697265625,0.0,1.809999942779541,47.068878173828125,0.0,1.7599999904632568
V11-18,100,48.78302001953125,0.0,1.8199999332427979,47.366241455078125,0.0,1.7699999809265137
V11-19,100,48.80010986328125,0.0,1.8499999046325684,48.042999267578125,0.0,1.809999942779541
V11-20,100,48.54034423828125,0.0,1.8499999046325684,47.943878173828125,0.0,1.809999942779541
V11-21,100,48.99151611328125,0.0,1.8799999952316284,47.954132080078125,0.0,1.8299999237060547
V11-22,97,49.08209228515625,0.0,1.8799999952316284,47.885772705078125,0.0,1.8399999141693115
V11-23,51,49.26666259765625,0.0,1.8799999952316284,48.248077392578125,0.0,1.8299999237060547
V11-24,61,47.947296142578125,0.0,1.8899999856948853,48.282257080078125,0.0,1.8600000143051147
V11-25,60,48.131866455078125,0.0,1.899999976158142,47.784942626953125,0.0,1.8600000143051147
V11-36,40,46.412628173828125,0.0,1.8249999284744263,46.304962158203125,0.0,1.7699999809265137
V12-00,27,52.5513916015625,0.0,1.8199999332427979,48.008819580078125,0.0,1.7599999904632568
V12-01,100,52.8641357421875,0.0,1.8199999332427979,48.039581298828125,0.0,1.7699999809265137
V12-02,100,52.7308349609375,0.0,1.8199999332427979,47.964385986328125,0.0,1.7599999904632568
V12-03,100,52.6146240234375,0.0,1.8199999332427979,47.942169189453125,0.0,1.7599999904632568
V12-04,100,52.6282958984375,0.0,1.8299999237060547,48.114776611328125,0.0,1.7699999809265137
V12-05,100,52.7889404296875,0.0,1.8299999237060547,48.084014892578125,0.0,1.7699999809265137
V12-06,100,52.8726806640625,0.0,1.8199999332427979,47.877227783203125,0.0,1.7599999904632568
V12-07,100,52.9683837890625,0.0,1.8199999332427979,47.479034423828125,0.0,1.7599999904632568
V12-08,100,52.8077392578125,0.0,1.8299999237060547,47.096221923828125,0.0,1.7599999904632568
V12-09,100,51.821624755859375,0.0,1.8199999332427979,46.945831298828125,0.0,1.7599999904632568
V12-10,100,50.640716552734375,0.0,1.809999942779541,47.130401611328125,0.0,1.75
V12-11,100,50.806488037109375,0.0,1.8199999332427979,47.627716064453125,0.0,1.7699999809265137
V12-12,100,50.485198974609375,0.0,1.8199999332427979,48.044708251953125,0.0,1.7699999809265137
V12-13,100,50.551849365234375,0.0,1.809999942779541,48.171173095703125,0.0,1.7599999904632568
V12-14,100,49.793060302734375,0.0,1.8199999332427979,47.608917236328125,0.0,1.7699999809265137
V12-15,100,50.355316162109375,0.0,1.8299999237060547,48.167755126953125,0.0,1.7799999713897705
V12-16,100,49.705902099609375,0.0,1.8299999237060547,48.71978759765625,0.0,1.7799999713897705
V12-17,100,49.816986083984375,0.0,1.8399999141693115,48.78302001953125,0.0,1.7999999523162842
V12-18,100,49.892181396484375,0.0,1.8799999952316284,49.17608642578125,0.0,1.8399999141693115
V12-19,100,49.12310791015625,0.0,1.8600000143051147,49.04449462890625,0.0,1.8199999332427979
V12-20,100,47.808868408203125,0.1944444477558136,1.8399999141693115,47.923370361328125,0.0,1.7999999523162842
V12-21,71,46.815948486328125,16.979656219482422,1.8600000143051147,47.451690673828125,1.017214298248291,1.8199999332427979
V13-00,49,53.4058837890625,0.0,1.8399999141693115,47.998565673828125,0.0,1.7799999713897705
V13-01,100,53.4400634765625,0.0,1.8499999046325684,48.225860595703125,0.0,1.7899999618530273
V13-02,100,53.3734130859375,0.0,1.8199999332427979,48.273712158203125,0.0,1.7599999904632568
V13-03,100,52.199310302734375,0.0,1.8199999332427979,47.954132080078125,0.0,1.7699999809265137
V13-04,100,52.076263427734375,2.222222328186035,1.8199999332427979,47.993438720703125,1.7222222089767456,1.7599999904632568
V13-05,100,52.8094482421875,0.0,1.8199999332427979,48.104522705078125,0.0,1.7699999809265137
V13-06,100,52.6573486328125,0.0,1.8199999332427979,47.971221923828125,0.0,1.7649999856948853
V13-07,100,52.6778564453125,0.0,1.8199999332427979,47.714874267578125,0.0,1.7599999904632568
V13-08,100,52.6317138671875,0.3333333432674408,1.8299999237060547,46.921905517578125,0.2222222238779068,1.7599999904632568
V13-09,100,51.543060302734375,0.1111111119389534,1.809999942779541,46.667266845703125,0.1111111119389534,1.75
V13-10,100,50.979095458984375,0.0,1.8199999332427979,46.670684814453125,0.0,1.7599999904632568
V13-11,100,51.307220458984375,0.0,1.8199999332427979,47.427764892578125,0.0,1.7699999809265137
V13-12,100,51.748138427734375,0.0,1.8399999141693115,48.324981689453125,0.0,1.7899999618530273
V13-13,100,50.637298583984375,0.0,1.8199999332427979,47.588409423828125,0.0,1.7699999809265137
V13-14,100,50.100677490234375,0.0,1.8299999237060547,47.032989501953125,0.0,1.7699999809265137
V13-15,74,51.462738037109375,0.6006006002426147,1.8399999141693115,48.75054931640625,0.0,1.7899999618530273
V13-16,100,50.538177490234375,5.833333492279053,1.8299999237060547,49.41705322265625,3.1111109256744385,1.7899999618530273
V13-17,100,50.538177490234375,1.5555555820465088,1.8499999046325684,49.787933349609375,1.0,1.809999942779541
V13-18,100,50.015228271484375,6.722222328186035,1.8700000047683716,49.43585205078125,7.0,1.8299999237060547
V13-19,96,48.69073486328125,0.0,1.8299999237060547,48.73858642578125,0.0,1.7899999618530273
V13-20,27,47.051788330078125,0.3086419701576233,1.8499999046325684,47.130401611328125,0.0,1.809999942779541
V13-34,36,47.388458251953125,0.0,1.909999966621399,45.682891845703125,0.0,1.8499999046325684
V13-35,28,47.916534423828125,0.0,1.909999966621399,46.484405517578125,0.0,1.8499999046325684
V14-00,69,52.8316650390625,0.0,1.8299999237060547,47.885772705078125,0.0,1.7699999809265137
V14-01,100,54.193756103515625,0.0,1.8299999237060547,48.49932861328125,0.0,1.7699999809265137
V14-02,100,54.848297119140625,0.0,1.8399999141693115,49.03594970703125,0.0,1.7699999809265137
V14-03,100,52.5155029296875,0.0,1.809999942779541,47.925079345703125,0.0,1.7599999904632568
V14-04,100,52.300140380859375,2.555555820465088,1.809999942779541,47.402130126953125,2.5,1.75
V14-05,100,52.5548095703125,0.0,1.8199999332427979,47.465362548828125,0.0,1.7599999904632568
V14-06,100,52.5513916015625,2.5555553436279297,1.8199999332427979,47.813995361328125,1.2777777910232544,1.7599999904632568
V14-07,100,52.6300048828125,1.6111111640930176,1.8199999332427979,47.632843017578125,1.1111111640930176,1.7599999904632568
V14-08,100,52.168548583984375,0.0,1.8299999237060547,47.318389892578125,0.0,1.7699999809265137
V14-09,100,52.142913818359375,0.0,1.8399999141693115,47.432891845703125,0.0,1.7799999713897705
V14-10,100,51.690032958984375,0.0,1.8299999237060547,47.767852783203125,0.0,1.7799999713897705
V14-11,100,51.091888427734375,0.0,1.8299999237060547,47.972930908203125,0.0,1.7799999713897705
V14-12,100,51.707122802734375,0.0,1.8499999046325684,48.364288330078125,0.0,1.7899999618530273
V14-13,100,50.396331787109375,0.0,1.8299999237060547,47.494415283203125,0.1111111119389534,1.7799999713897705
V14-14,100,49.617034912109375,0.0,1.8299999237060547,46.641632080078125,0.0,1.7799999713897705
V14-15,87,49.03765869140625,0.12771391868591309,1.809999942779541,46.908233642578125,0.25542783737182617,1.7699999809265137
V14-16,100,48.46514892578125,0.0555555559694767,1.8199999332427979,47.335479736328125,0.0,1.7799999713897705
V14-17,100,48.59674072265625,0.2222222238779068,1.8299999237060547,47.444854736328125,0.1111111119389534,1.7899999618530273
V14-18,100,47.978057861328125,36.0,1.8650000095367432,46.675811767578125,33.5555534362793,1.8199999332427979
V14-19,60,46.105010986328125,42.73147964477539,1.809999942779541,45.460723876953125,37.12963104248047,1.7599999904632568
V15-00,80,53.0230712890625,0.0,1.8299999237060547,48.080596923828125,0.0,1.7699999809265137
V15-01,100,53.730621337890625,0.8888888955116272,1.8299999237060547,48.294219970703125,0.3888888955116272,1.7699999809265137
V15-02,100,53.980133056640625,1.2222223281860352,1.8399999141693115,48.67022705078125,0.9444444179534912,1.7799999713897705
V15-03,100,53.2640380859375,2.1111109256744385,1.8299999237060547,48.265167236328125,1.8888888359069824,1.7799999713897705
V15-04,100,52.356536865234375,0.5555555820465088,1.8199999332427979,47.537139892578125,0.3333333432674408,1.7599999904632568
V15-05,100,52.154876708984375,1.2777777910232544,1.8199999332427979,47.193634033203125,1.2222222089767456,1.7599999904632568
V15-06,100,51.966888427734375,4.333333492279053,1.8249999284744263,47.195343017578125,2.277777910232544,1.7599999904632568
V15-07,100,52.5684814453125,0.1111111119389534,1.8499999046325684,47.497833251953125,0.0555555559694767,1.7999999523162842
V15-08,100,53.735748291015625,0.9722221493721008,1.8600000143051147,48.54718017578125,0.9722221493721008,1.7949999570846558
V15-09,100,54.019439697265625,0.5833333730697632,1.8499999046325684,48.96588134765625,0.5833333730697632,1.7899999618530273
V15-10,100,53.4281005859375,0.0,1.8499999046325684,49.572601318359375,0.0,1.7999999523162842
V15-11,100,51.698577880859375,0.0,1.8299999237060547,48.57110595703125,0.0,1.7799999713897705
V15-12,100,50.326263427734375,0.0,1.8299999237060547,47.725128173828125,0.0,1.7799999713897705
V15-13,100,49.38287353515625,0.6666666865348816,1.8199999332427979,46.527130126953125,0.5555555820465088,1.7699999809265137
V15-14,100,48.376251220703125,0.5555555820465088,1.8199999332427979,45.961456298828125,0.2222222238779068,1.7699999809265137
V15-15,100,47.680694580078125,0.0555555559694767,1.8199999332427979,46.315216064453125,0.1111111119389534,1.7799999713897705
V15-16,100,48.340362548828125,0.3333333432674408,1.8299999237060547,47.268829345703125,0.2222222238779068,1.7799999713897705
V15-17,100,48.200225830078125,3.555555582046509,1.8399999141693115,47.301300048828125,0.7777777910232544,1.7999999523162842
V15-18,100,47.952423095703125,7.94444465637207,1.8700000047683716,46.800567626953125,7.777777194976807,1.8199999332427979
V15-19,100,48.99322509765625,1.0555555820465088,1.909999966621399,47.856719970703125,0.0555555559694767,1.8700000047683716
V15-20,55,47.400421142578125,12.222221374511719,1.9199999570846558,46.115264892578125,10.606060981750488,1.8700000047683716
V16-00,80,53.937408447265625,0.5555555820465088,1.8299999237060547,48.60015869140625,0.4166666865348816,1.7699999809265137
V16-01,100,53.995513916015625,0.1111111119389534,1.8299999237060547,48.393341064453125,0.1111111119389534,1.7699999809265137
V16-02,100,53.3768310546875,0.0,1.8299999237060547,48.321563720703125,0.0,1.7699999809265137
V16-03,100,53.0145263671875,0.0,1.8399999141693115,48.67022705078125,0.0,1.7799999713897705
V16-04,100,52.491546630859375,0.0,1.8299999237060547,48.171173095703125,0.0,1.7799999713897705
V16-05,100,52.178802490234375,2.3888888359069824,1.84499990940094,47.631134033203125,1.8888888359069824,1.7899999618530273
V16-06,100,52.436859130859375,0.0,1.8499999046325684,48.027618408203125,0.0,1.7999999523162842
V16-07,100,51.619964599609375,8.55555534362793,1.8600000143051147,48.044708251953125,8.44444465637207,1.809999942779541
V16-08,100,51.631927490234375,35.1944465637207,1.8600000143051147,48.097686767578125,30.02777671813965,1.809999942779541
V16-09,100,53.580230712890625,7.75,1.8600000143051147,49.06671142578125,6.527777671813965,1.7999999523162842
V16-10,100,53.881011962890625,0.0,1.8600000143051147,49.910980224609375,0.0,1.7999999523162842
V16-11,100,51.408050537109375,0.0,1.8199999332427979,48.118194580078125,0.0,1.7699999809265137
V16-12,100,49.799896240234375,0.9444444179534912,1.8199999332427979,47.113311767578125,0.6666666865348816,1.7699999809265137
V16-13,100,48.83087158203125,1.8333334922790527,1.809999942779541,46.860382080078125,0.7777777910232544,1.7699999809265137
V16-14,100,48.222442626953125,0.1111111119389534,1.809999942779541,46.250274658203125,0.1111111119389534,1.7649999856948853
V16-15,100,48.283966064453125,4.111111164093018,1.8299999237060547,46.388702392578125,3.3888890743255615,1.7799999713897705
V16-16,100,48.73004150390625,2.1111111640930176,1.8199999332427979,47.422637939453125,0.8333333730697632,1.7799999713897705
V16-17,100,48.48052978515625,0.5,1.8799999952316284,47.875518798828125,0.3333333730697632,1.8399999141693115
V16-18,100,48.364288330078125,0.2222222238779068,1.8899999856948853,47.502960205078125,0.2222222238779068,1.8499999046325684
V16-19,100,47.058624267578125,0.1111111119389534,1.8899999856948853,46.308380126953125,0.0,1.8499999046325684
V16-20,100,47.808868408203125,2.555555582046509,1.899999976158142,46.518585205078125,2.277777910232544,1.8550000190734863
V16-21,84,48.48907470703125,3.1746034622192383,1.9199999570846558,46.604034423828125,2.9761905670166016,1.8700000047683716
V16-22,69,47.349151611328125,0.0805152952671051,1.909999966621399,45.971710205078125,0.0,1.8600000143051147
V16-23,63,47.362823486328125,10.670193672180176,1.8899999856948853,46.255401611328125,9.347441673278809,1.8399999141693115
V16-25,25,45.561553955078125,2.777777671813965,1.8600000143051147,45.00439453125,1.8888888359069824,1.809999942779541
V16-26,35,46.398956298828125,1.904761791229248,1.8700000047683716,45.462432861328125,1.746031641960144,1.8199999332427979
V16-36,40,45.959747314453125,0.0,1.8399999141693115,46.168243408203125,0.0,1.7899999618530273
V17-00,80,53.530670166015625,4.305555820465088,1.8299999237060547,48.359161376953125,4.027777671813965,1.7799999713897705
V17-01,100,53.689605712890625,5.722222328186035,1.8299999237060547,48.164337158203125,5.94444465637207,1.7699999809265137
V17-02,100,53.610992431640625,0.3333333432674408,1.8299999237060547,48.56085205078125,0.2222222238779068,1.7699999809265137
V17-03,100,52.7513427734375,0.0,1.8199999332427979,48.272003173828125,0.0,1.7699999809265137
V17-04,100,52.370208740234375,0.0,1.8299999237060547,48.388214111328125,0.0,1.7799999713897705
V17-05,100,52.5616455078125,0.0,1.8249999284744263,48.174591064453125,0.0,1.774999976158142
V17-06,100,52.8419189453125,0.1111111119389534,1.8499999046325684,48.58819580078125,0.1111111119389534,1.7999999523162842
V17-07,100,52.7137451171875,0.2222222238779068,1.8700000047683716,49.24102783203125,0.1111111119389534,1.8199999332427979
V17-08,100,52.5787353515625,0.2222222238779068,1.8499999046325684,48.53692626953125,0.0555555559694767,1.7999999523162842
V17-09,100,52.269378662109375,0.0,1.8299999237060547,47.805450439453125,0.0,1.7799999713897705
V17-10,100,52.8914794921875,0.0,1.8399999141693115,49.03253173828125,0.0,1.7899999618530273
V17-11,100,50.980804443359375,0.0,1.8299999237060547,47.861846923828125,0.0,1.7799999713897705
V17-12,100,49.864837646484375,0.2222222238779068,1.8299999237060547,47.752471923828125,0.1111111119389534,1.7799999713897705
V17-13,100,49.05474853515625,1.8888888359069824,1.8199999332427979,47.477325439453125,1.5555555820465088,1.7799999713897705
V17-14,100,49.02911376953125,1.1666667461395264,1.809999942779541,46.870635986328125,0.8333333730697632,1.7699999809265137
V17-15,100,48.90093994140625,1.1111111640930176,1.8199999332427979,46.480987548828125,1.1111111640930176,1.7699999809265137
V17-16,100,48.84283447265625,1.2222223281860352,1.8399999141693115,47.038116455078125,0.7777777910232544,1.7899999618530273
V17-17,100,49.21368408203125,4.666666507720947,1.8499999046325684,47.995147705078125,3.6111109256744385,1.809999942779541
V17-18,100,48.95391845703125,1.1111111640930176,1.8399999141693115,47.802032470703125,0.5555555820465088,1.7999999523162842
V17-19,100,48.342071533203125,0.0,1.8399999141693115,47.508087158203125,0.0,1.7899999618530273
V17-20,100,48.203643798828125,0.0,1.8399999141693115,47.106475830078125,0.0,1.7999999523162842
V17-21,100,48.333526611328125,0.2222222238779068,1.8399999141693115,46.827911376953125,0.0,1.7999999523162842
V17-22,100,47.730255126953125,22.27777862548828,1.8299999237060547,46.334014892578125,20.72222328186035,1.784999966621399
V17-23,100,48.69586181640625,1.5555555820465088,1.8600000143051147,47.294464111328125,1.5555555820465088,1.809999942779541
V17-24,100,47.103057861328125,1.277777910232544,1.8199999332427979,46.539093017578125,1.1666667461395264,1.7799999713897705
V17-25,100,46.265655517578125,0.3333333432674408,1.8399999141693115,45.713653564453125,0.4444444477558136,1.7899999618530273
V17-26,100,47.320098876953125,0.5555555820465088,1.8600000143051147,45.983673095703125,0.5555555820465088,1.809999942779541
V17-28,28,46.889434814453125,0.0,1.8700000047683716,45.920440673828125,0.0,1.8199999332427979
V17-29,54,47.778106689453125,0.0,1.909999966621399,47.034698486328125,0.0,1.8600000143051147
V17-30,53,47.414093017578125,0.0,1.8899999856948853,47.000518798828125,0.0,1.8399999141693115
V17-31,52,47.340606689453125,0.0,1.8799999952316284,46.501495361328125,0.0,1.8299999237060547
V17-34,26,45.45387268066406,0.0,1.909999966621399,45.607696533203125,0.0,1.8600000143051147
V17-35,100,47.660186767578125,0.0,1.9399999380111694,47.261993408203125,0.0,1.8899999856948853
V17-36,68,48.92657470703125,0.0,1.9199999570846558,47.270538330078125,0.0,1.8600000143051147
V18-00,80,53.0145263671875,1.527777910232544,1.8199999332427979,47.843048095703125,0.8333333730697632,1.7599999904632568
V18-01,100,53.563140869140625,0.0,1.8299999237060547,48.324981689453125,0.0,1.7699999809265137
V18-02,100,53.1905517578125,0.0,1.8199999332427979,48.104522705078125,0.0,1.7699999809265137
V18-03,100,52.9735107421875,0.0,1.8199999332427979,48.109649658203125,0.0,1.7599999904632568
V18-04,100,52.503509521484375,0.0,1.8199999332427979,48.321563720703125,0.0,1.7599999904632568
V18-05,100,52.481292724609375,0.3333333432674408,1.8199999332427979,48.314727783203125,0.2222222238779068,1.7699999809265137
V18-06,100,52.101898193359375,1.1111111640930176,1.8199999332427979,47.962677001953125,0.8888888955116272,1.7699999809265137
V18-07,100,50.703948974609375,21.61111068725586,1.8199999332427979,47.788360595703125,19.333332061767578,1.7699999809265137
V18-08,100,52.5479736328125,1.5,1.8299999237060547,48.77105712890625,0.5555555820465088,1.7799999713897705
V18-09,100,52.460784912109375,0.0,1.8299999237060547,48.128448486328125,0.0,1.7699999809265137
V18-10,100,51.973724365234375,0.0,1.8299999237060547,48.60015869140625,0.0,1.7799999713897705
V18-11,100,49.519622802734375,0.0,1.8199999332427979,47.395294189453125,0.0,1.7699999809265137
V18-12,100,49.13165283203125,0.6666666865348816,1.809999942779541,47.846466064453125,0.6666666865348816,1.7699999809265137
V18-13,100,49.13507080078125,0.1111111119389534,1.809999942779541,48.123321533203125,0.1111111119389534,1.7699999809265137
V18-14,100,48.99322509765625,1.3888888359069824,1.809999942779541,47.588409423828125,0.9444444179534912,1.7699999809265137
V18-15,100,50.093841552734375,18.138887405395508,1.8299999237060547,47.508087158203125,17.583332061767578,1.7799999713897705
V18-16,100,49.557220458984375,6.861111640930176,1.8299999237060547,47.687530517578125,6.416667461395264,1.7899999618530273
V18-17,100,49.11627197265625,20.05555534362793,1.8399999141693115,47.935333251953125,19.77777671813965,1.7999999523162842
V18-18,100,47.472198486328125,20.416667938232422,1.809999942779541,46.793731689453125,20.08333396911621,1.7699999809265137
V18-19,100,47.689239501953125,9.083333015441895,1.8199999332427979,47.053497314453125,8.19444465637207,1.7799999713897705
V18-20,100,48.47540283203125,1.3055555820465088,1.8399999141693115,48.075469970703125,1.0833333730697632,1.7999999523162842
V18-21,100,47.574737548828125,3.3611111640930176,1.834999918937683,47.120147705078125,3.305555582046509,1.7949999570846558
V18-22,100,47.251739501953125,7.166666507720947,1.8199999332427979,46.711700439453125,6.722222328186035,1.7799999713897705
V18-23,100,48.79156494140625,1.4444444179534912,1.8399999141693115,47.518341064453125,1.2222223281860352,1.7899999618530273
V18-24,100,48.222442626953125,0.2222222238779068,1.8399999141693115,47.219268798828125,0.2222222238779068,1.7899999618530273
V18-25,100,47.490997314453125,0.3888888955116272,1.8399999141693115,46.542510986328125,0.1111111119389534,1.7999999523162842
V18-26,72,48.022491455078125,0.07716049253940582,1.8600000143051147,46.921905517578125,0.0,1.809999942779541
V18-28,30,45.865753173828125,14.907407760620117,1.8799999952316284,45.729034423828125,6.2037034034729,1.8399999141693115
V18-29,100,48.207061767578125,0.0,1.8799999952316284,47.882354736328125,0.0,1.8299999237060547
V18-30,100,49.29913330078125,0.0,1.909999966621399,48.64630126953125,0.0,1.8650000095367432
V18-31,47,47.889190673828125,0.0,1.909999966621399,47.195343017578125,0.0,1.8600000143051147
V19-00,80,53.2349853515625,0.1388888955116272,1.8199999332427979,47.848175048828125,0.0,1.7599999904632568
V19-01,100,53.821197509765625,0.7777777910232544,1.8199999332427979,48.136993408203125,0.8888888955116272,1.7599999904632568
V19-02,100,53.1785888671875,1.3333333730697632,1.8199999332427979,47.733673095703125,0.7777777910232544,1.7599999904632568
V19-03,100,52.8094482421875,1.5,1.8199999332427979,47.836212158203125,1.7777777910232544,1.7599999904632568
V19-04,100,52.009613037109375,2.5,1.809999942779541,48.239532470703125,2.444444417953491,1.7599999904632568
V19-05,100,52.016448974609375,0.6111111640930176,1.8199999332427979,48.49591064453125,0.4444444477558136,1.7699999809265137
V19-06,100,51.690032958984375,3.555555582046509,1.8299999237060547,48.321563720703125,3.3333330154418945,1.7799999713897705
V19-07,100,51.878021240234375,0.0,1.8199999332427979,48.59503173828125,0.0,1.7699999809265137
V19-08,100,52.418060302734375,0.0,1.8249999284744263,48.265167236328125,0.0,1.7699999809265137
V19-09,100,53.1632080078125,0.0,1.8299999237060547,48.61212158203125,0.0,1.7699999809265137
V19-10,100,50.951751708984375,0.0,1.8299999237060547,47.574737548828125,0.0,1.7799999713897705
V19-11,100,48.63775634765625,0.0,1.809999942779541,46.354522705078125,0.0,1.7699999809265137
V19-12,100,48.157501220703125,1.5555555820465088,1.7999999523162842,46.880889892578125,0.6666666269302368,1.7599999904632568
V19-13,100,48.186553955078125,1.0,1.809999942779541,47.369659423828125,0.3333333432674408,1.7699999809265137
V19-14,100,48.46685791015625,0.1111111119389534,1.809999942779541,47.530303955078125,0.1111111119389534,1.7699999809265137
V19-15,100,48.81890869140625,11.361111640930176,1.809999942779541,47.111602783203125,10.916666030883789,1.7699999809265137
V19-16,100,49.00689697265625,0.9166667461395264,1.8199999332427979,47.376495361328125,0.8611111044883728,1.7699999809265137
V19-17,100,48.69415283203125,0.0,1.7999999523162842,47.738800048828125,0.0,1.7599999904632568
V19-18,100,48.77276611328125,2.749999761581421,1.8199999332427979,48.65826416015625,2.472222328186035,1.7899999618530273
V19-19,100,49.44612121582031,8.972222328186035,1.8499999046325684,48.77618408203125,7.916667461395264,1.809999942779541
V19-20,100,49.878509521484375,3.305555582046509,1.8550000190734863,48.97784423828125,3.194444179534912,1.809999942779541
V19-21,100,48.090850830078125,13.86111068725586,1.8199999332427979,47.162872314453125,12.36111068725586,1.7799999713897705
V19-22,100,47.800323486328125,0.1111111119389534,1.8299999237060547,47.195343017578125,0.0,1.7799999713897705
V19-23,100,47.887481689453125,0.0,1.8299999237060547,47.138946533203125,0.0,1.7899999618530273
V19-24,100,48.302764892578125,0.2222222238779068,1.8399999141693115,47.244903564453125,0.1111111119389534,1.7899999618530273
V19-25,100,47.244903564453125,0.8888888359069824,1.8299999237060547,46.554473876953125,0.6111111044883728,1.7799999713897705
V19-26,50,47.637969970703125,9.44444465637207,1.8199999332427979,46.986846923828125,9.222222328186035,1.7799999713897705
V19-28,27,48.111358642578125,11.316872596740723,1.8700000047683716,46.959503173828125,2.572016477584839,1.8299999237060547
V19-29,81,49.32476806640625,0.0,1.909999966621399,48.89752197265625,0.0,1.8700000047683716
V19-30,57,48.59332275390625,0.0,1.8899999856948853,48.333526611328125,0.0,1.8499999046325684
V20-00,80,52.5941162109375,0.0,1.8199999332427979,47.514923095703125,0.0,1.7699999809265137
V20-01,100,53.2076416015625,6.222222328186035,1.8199999332427979,48.386505126953125,5.555555820465088,1.7699999809265137
V20-02,100,52.6710205078125,0.8333333730697632,1.8199999332427979,47.808868408203125,0.3333333432674408,1.7599999904632568
V20-03,100,52.366790771484375,1.0555555820465088,1.809999942779541,47.658477783203125,1.0,1.7599999904632568
V20-04,100,51.679779052734375,0.3333333432674408,1.8049999475479126,47.998565673828125,0.2222222238779068,1.7599999904632568
V20-05,100,50.975677490234375,4.166666507720947,1.809999942779541,48.135284423828125,3.3333334922790527,1.7699999809265137
V20-06,100,51.469573974609375,0.0,1.8199999332427979,48.289093017578125,0.0,1.7699999809265137
V20-07,100,51.273040771484375,0.0,1.8299999237060547,48.189971923828125,0.0,1.7799999713897705
V20-08,100,50.845794677734375,0.0,1.8299999237060547,47.690948486328125,0.0,1.7799999713897705
V20-09,100,49.596527099609375,0.0,1.8199999332427979,46.754425048828125,0.0,1.7699999809265137
V20-10,100,49.29742431640625,0.0,1.809999942779541,46.556182861328125,0.0,1.7699999809265137
V20-11,100,49.497406005859375,0.0,1.8299999237060547,46.357940673828125,0.0,1.7799999713897705
V20-12,100,50.122894287109375,0.7777777910232544,1.8199999332427979,47.272247314453125,0.4444444477558136,1.7699999809265137
V20-13,100,48.64630126953125,0.1111111119389534,1.8199999332427979,47.145782470703125,0.1111111119389534,1.7799999713897705
V20-14,100,49.05645751953125,0.3333333432674408,1.7999999523162842,47.140655517578125,0.1111111119389534,1.7599999904632568
V20-15,100,48.94537353515625,0.0,1.809999942779541,46.756134033203125,0.0,1.7599999904632568
V20-16,100,48.87530517578125,0.1666666716337204,1.809999942779541,47.367950439453125,0.0,1.7699999809265137
V20-17,100,47.952423095703125,0.0,1.809999942779541,47.062042236328125,0.0,1.7699999809265137
V20-18,100,49.08380126953125,3.8333334922790527,1.809999942779541,49.18634033203125,1.388888955116272,1.7799999713897705
V20-19,100,49.683685302734375,1.1111111640930176,1.8399999141693115,49.03424072265625,0.5,1.8049999475479126
V20-20,100,50.151947021484375,0.0,1.8199999332427979,49.14532470703125,0.0,1.7799999713897705
V20-21,100,48.46002197265625,0.1111111119389534,1.809999942779541,47.260284423828125,0.0,1.7599999904632568
V20-22,100,48.70098876953125,0.0,1.809999942779541,47.482452392578125,0.0,1.7599999904632568
V20-23,89,48.75396728515625,0.0,1.8299999237060547,47.793487548828125,0.0,1.7799999713897705
V20-24,92,49.27862548828125,0.0,1.8399999141693115,47.964385986328125,0.0,1.7899999618530273
V20-25,100,49.11968994140625,18.444446563720703,1.8600000143051147,47.950714111328125,16.88888931274414,1.809999942779541
V20-26,49,48.87701416015625,15.532880783081055,1.8799999952316284,48.125030517578125,14.512473106384277,1.8299999237060547
V20-27,66,50.989349365234375,0.0,1.8700000047683716,49.43243408203125,0.0,1.8199999332427979
V20-28,100,50.348480224609375,0.0,1.8899999856948853,48.76934814453125,0.0,1.8399999141693115
V21-00,80,52.002777099609375,0.0,1.809999942779541,47.214141845703125,0.0,1.7599999904632568
V21-01,100,52.7940673828125,0.0,1.809999942779541,48.099395751953125,0.0,1.7599999904632568
V21-02,100,52.7410888671875,0.6666666865348816,1.809999942779541,47.829376220703125,0.1111111119389534,1.7599999904632568
V21-03,100,51.527679443359375,0.0,1.7999999523162842,47.513214111328125,0.0,1.75
V21-04,100,51.069671630859375,0.0,1.809999942779541,47.492706298828125,0.0,1.7599999904632568
V21-05,100,50.503997802734375,0.0,1.7999999523162842,47.790069580078125,0.0,1.7599999904632568
V21-06,100,50.620208740234375,0.0,1.7999999523162842,47.790069580078125,0.0,1.7599999904632568
V21-07,100,50.977386474609375,0.0,1.8199999332427979,47.796905517578125,0.0,1.7699999809265137
V21-08,100,50.049407958984375,0.0,1.809999942779541,47.432891845703125,0.0,1.7699999809265137
V21-09,100,49.29742431640625,0.0,1.7999999523162842,47.154327392578125,0.0,1.7599999904632568
V21-10,100,48.75225830078125,0.0,1.809999942779541,46.915069580078125,0.0,1.7649999856948853
V21-11,100,48.98980712890625,0.1111111119389534,1.809999942779541,46.727081298828125,0.0,1.7699999809265137
V21-12,96,49.625579833984375,0.05787036940455437,1.8199999332427979,46.921905517578125,0.05787036940455437,1.7699999809265137
V21-13,76,49.14019775390625,0.292397677898407,1.809999942779541,47.314971923828125,0.1461988389492035,1.7699999809265137
V21-14,100,48.80352783203125,0.7777778506278992,1.8199999332427979,47.219268798828125,0.6666666865348816,1.7799999713897705
V21-15,100,49.13336181640625,0.1111111119389534,1.8299999237060547,46.978302001953125,0.1111111119389534,1.7799999713897705
V21-16,100,49.33160400390625,0.0,1.809999942779541,47.202178955078125,0.0,1.7699999809265137
V21-17,100,48.53521728515625,0.1111111119389534,1.809999942779541,47.128692626953125,0.1111111119389534,1.7699999809265137
V21-18,100,48.333526611328125,4.833333492279053,1.8199999332427979,47.995147705078125,3.055555582046509,1.7799999713897705
V21-19,100,49.996429443359375,1.3333333730697632,1.8299999237060547,49.09234619140625,0.9444444179534912,1.7899999618530273
V21-20,100,47.562774658203125,0.0,1.809999942779541,46.993682861328125,0.0,1.7699999809265137
V21-21,100,47.443145751953125,0.3333333432674408,1.8049999475479126,47.130401611328125,0.3333333432674408,1.7599999904632568
V21-22,100,47.655059814453125,0.5555555820465088,1.809999942779541,47.308135986328125,0.2222222238779068,1.7699999809265137
V21-23,100,47.822540283203125,0.3333333730697632,1.8199999332427979,47.260284423828125,0.2222222238779068,1.7799999713897705
V21-24,70,48.45658874511719,0.0,1.8299999237060547,47.243194580078125,0.0,1.7799999713897705
V21-25,93,49.584564208984375,0.0,1.8399999141693115,48.347198486328125,0.0,1.7899999618530273
V21-26,87,50.151947021484375,0.0,1.8600000143051147,48.94879150390625,0.0,1.809999942779541
V21-27,100,49.728118896484375,0.0,1.8399999141693115,48.367706298828125,0.0,1.7899999618530273
V21-28,96,49.736663818359375,0.0,1.8499999046325684,48.046417236328125,0.0,1.7999999523162842
V22-00,80,52.035247802734375,0.0,1.809999942779541,47.755889892578125,0.0,1.7599999904632568
V22-01,100,51.430267333984375,0.0,1.7999999523162842,47.157745361328125,0.0,1.7599999904632568
V22-02,100,52.308685302734375,0.0,1.809999942779541,47.562774658203125,0.0,1.7599999904632568
V22-03,100,51.628509521484375,0.0,1.809999942779541,47.311553955078125,0.0,1.7599999904632568
V22-04,100,51.151702880859375,0.0,1.809999942779541,47.325225830078125,0.0,1.7599999904632568
V22-05,100,50.432220458984375,0.0,1.809999942779541,47.091094970703125,0.0,1.7599999904632568
V22-06,100,49.837493896484375,0.0,1.809999942779541,46.634796142578125,0.0,1.7599999904632568
V22-07,100,50.681732177734375,0.1111111119389534,1.8199999332427979,47.726837158203125,0.0555555559694767,1.7699999809265137
V22-08,100,50.693695068359375,6.999999046325684,1.809999942779541,48.222442626953125,5.777777671813965,1.7699999809265137
V22-09,100,48.82403564453125,0.1111111119389534,1.7999999523162842,47.304718017578125,0.0555555559694767,1.7599999904632568
V22-10,100,48.258331298828125,0.2222222238779068,1.809999942779541,47.014190673828125,0.1111111119389534,1.7699999809265137
V22-11,100,48.54718017578125,0.0,1.809999942779541,46.947540283203125,0.0,1.7699999809265137
V22-12,50,49.25469970703125,0.5555555820465088,1.8199999332427979,47.135528564453125,0.3333333432674408,1.7699999809265137
V22-13,36,48.340362548828125,0.0,1.809999942779541,46.566436767578125,0.0,1.7699999809265137
V22-14,100,48.43437194824219,0.2222222238779068,1.7999999523162842,46.949249267578125,0.1111111119389534,1.7599999904632568
V22-15,100,48.113067626953125,0.0,1.7999999523162842,47.046661376953125,0.0,1.7599999904632568
V22-16,100,49.716156005859375,0.0555555559694767,1.8199999332427979,47.538848876953125,0.0,1.7699999809265137
V22-17,100,48.84112548828125,0.0,1.809999942779541,47.212432861328125,0.1666666716337204,1.7599999904632568
V22-18,100,48.68902587890625,0.5555555820465088,1.809999942779541,47.612335205078125,0.9444444179534912,1.7699999809265137
V22-19,100,48.55059814453125,0.0,1.809999942779541,47.566192626953125,0.0,1.7699999809265137
V22-20,100,47.761016845703125,0.3333333432674408,1.809999942779541,47.285919189453125,0.1111111119389534,1.7699999809265137
V22-21,100,47.138946533203125,1.5555555820465088,1.809999942779541,46.766387939453125,0.7777777910232544,1.7649999856948853
V22-22,100,47.070587158203125,0.5555555820465088,1.7999999523162842,46.657012939453125,0.5555555820465088,1.7599999904632568
V22-23,100,47.790069580078125,0.0,1.8199999332427979,47.273956298828125,0.0,1.7699999809265137
V22-24,98,48.58648681640625,0.0,1.8299999237060547,47.684112548828125,0.0,1.7799999713897705
V22-25,60,49.19830322265625,0.0,1.8399999141693115,48.239532470703125,0.0,1.7899999618530273
V22-26,100,49.810150146484375,0.0,1.8499999046325684,48.152374267578125,0.0,1.7999999523162842
V22-27,100,49.933197021484375,0.0,1.8700000047683716,47.865264892578125,0.0,1.809999942779541
V22-28,100,49.834075927734375,0.0,1.8600000143051147,47.819122314453125,0.0,1.7999999523162842
V23-00,80,51.816497802734375,0.0,1.7999999523162842,47.533721923828125,0.0,1.75
V23-01,100,50.428802490234375,0.0,1.7999999523162842,46.670684814453125,0.0,1.75
V23-02,100,51.293548583984375,0.0,1.7899999618530273,47.667022705078125,0.0,1.75
V23-03,100,51.378997802734375,0.0,1.809999942779541,48.061798095703125,0.0,1.7599999904632568
V23-04,100,51.541351318359375,0.0,1.809999942779541,47.971221923828125,0.0,1.7599999904632568
V23-05,100,51.156829833984375,0.0,1.8199999332427979,47.649932861328125,0.0,1.7699999809265137
V23-06,100,50.355316162109375,0.0,1.8199999332427979,47.557647705078125,0.0,1.7799999713897705
V23-07,100,50.321136474609375,1.8888888359069824,1.8299999237060547,47.978057861328125,0.7222222685813904,1.7899999618530273
V23-08,100,51.242279052734375,9.333333969116211,1.8299999237060547,49.32818603515625,9.166667938232422,1.7899999618530273
V23-09,100,49.480316162109375,0.1111111119389534,1.809999942779541,47.397003173828125,0.1111111119389534,1.7699999809265137
V23-10,100,48.90435791015625,0.0,1.809999942779541,46.709991455078125,0.0,1.7599999904632568
V23-11,100,48.82574462890625,0.0,1.809999942779541,46.542510986328125,0.0,1.7699999809265137
V23-12,98,48.79669189453125,0.0,1.809999942779541,46.615997314453125,0.0,1.7699999809265137
V23-13,97,48.93170166015625,0.28636887669563293,1.8199999332427979,47.120147705078125,0.22909508645534515,1.7799999713897705
V23-14,100,49.591400146484375,0.6111111640930176,1.8199999332427979,47.950714111328125,0.3888888955116272,1.7799999713897705
V23-15,100,48.55572509765625,0.1111111119389534,1.809999942779541,47.761016845703125,0.1111111119389534,1.7699999809265137
V23-16,100,48.75054931640625,0.0555555559694767,1.8199999332427979,47.291046142578125,0.0,1.7799999713897705
V23-17,100,48.090850830078125,0.4444444477558136,1.809999942779541,47.424346923828125,0.0,1.7699999809265137
V23-18,100,47.709747314453125,0.0,1.8199999332427979,47.800323486328125,0.0,1.7799999713897705
V23-19,100,47.754180908203125,0.4444444477558136,1.7999999523162842,47.209014892578125,0.3333333432674408,1.7599999904632568
V23-20,100,48.107940673828125,0.1111111119389534,1.809999942779541,47.337188720703125,0.0,1.7699999809265137
V23-21,100,47.930206298828125,1.1111111640930176,1.809999942779541,46.921905517578125,0.7777777910232544,1.7599999904632568
V23-22,100,47.827667236328125,0.4444444477558136,1.809999942779541,46.851837158203125,0.3333333432674408,1.7699999809265137
V23-23,100,48.74884033203125,0.0,1.8199999332427979,47.620880126953125,0.0,1.7799999713897705
V23-24,83,49.00006103515625,0.0,1.8299999237060547,48.046417236328125,0.0,1.7799999713897705
V23-25,100,49.19488525390625,0.0,1.8399999141693115,47.836212158203125,0.0,1.7899999618530273
V23-26,78,49.06671142578125,0.0,1.8499999046325684,47.412384033203125,0.0,1.7999999523162842
V23-27,100,50.098968505859375,0.0,1.8700000047683716,47.931915283203125,0.0,1.8199999332427979
V23-28,100,50.358734130859375,0.0,1.8700000047683716,48.256622314453125,0.0,1.8199999332427979
V23-29,97,48.59674072265625,0.0,1.8700000047683716,47.041534423828125,0.0,1.809999942779541
V23-30,31,47.376495361328125,0.0,1.899999976158142,46.340850830078125,0.0,1.8499999046325684
V24-00,80,52.098480224609375,0.0,1.7999999523162842,48.042999267578125,0.0,1.7599999904632568
V24-01,100,50.134857177734375,0.0,1.7999999523162842,46.875762939453125,0.0,1.75
V24-02,92,50.890228271484375,0.0,1.7999999523162842,47.361114501953125,0.0,1.75
V24-03,100,51.314056396484375,0.0,1.7999999523162842,48.49420166015625,0.0,1.7599999904632568
V24-04,100,51.180755615234375,0.0,1.7999999523162842,48.282257080078125,0.0,1.7599999904632568
V24-05,100,50.440765380859375,0.0,1.809999942779541,47.473907470703125,0.0,1.7699999809265137
V24-06,100,50.943206787109375,0.5555555820465088,1.8199999332427979,48.046417236328125,0.5555555820465088,1.7699999809265137
V24-07,100,50.517669677734375,0.0,1.8199999332427979,48.024200439453125,0.0,1.7799999713897705
V24-08,78,49.538421630859375,0.07122506946325302,1.809999942779541,47.902862548828125,0.0,1.7699999809265137
V24-09,100,49.634124755859375,0.1111111119389534,1.809999942779541,47.685821533203125,0.0,1.7699999809265137
V24-10,100,49.42730712890625,0.0,1.809999942779541,46.643341064453125,0.0,1.7699999809265137
V24-11,100,48.289093017578125,0.0,1.7999999523162842,45.959747314453125,0.0,1.7599999904632568
V24-12,100,48.422393798828125,0.0,1.8049999475479126,46.494659423828125,0.0,1.7599999904632568
V24-13,100,48.69757080078125,0.6111111640930176,1.8199999332427979,47.328643798828125,0.3333333432674408,1.7799999713897705
V24-14,100,49.511077880859375,2.6111111640930176,1.8299999237060547,48.68218994140625,1.7222222089767456,1.7899999618530273
V24-15,94,49.29742431640625,0.0,1.8199999332427979,48.008819580078125,0.0,1.7799999713897705
V24-16,100,47.844757080078125,0.0,1.8199999332427979,46.872344970703125,0.0,1.7799999713897705
V24-17,100,48.95733642578125,0.6666666865348816,1.8199999332427979,48.244659423828125,0.5555555820465088,1.7799999713897705
V24-18,100,49.837493896484375,2.9444446563720703,1.8199999332427979,49.42901611328125,2.722222328186035,1.7899999618530273
V24-19,100,49.27008056640625,0.0,1.8199999332427979,48.50274658203125,0.0,1.7799999713897705
V24-20,100,50.445892333984375,0.0,1.8199999332427979,49.24273681640625,0.0,1.7799999713897705
V24-21,100,49.934906005859375,0.0,1.8199999332427979,48.78131103515625,0.0,1.7699999809265137
V24-22,100,49.37774658203125,0.0,1.8299999237060547,48.051544189453125,0.0,1.7799999713897705
V24-23,100,48.54888916015625,0.0,1.8399999141693115,47.328643798828125,0.0,1.784999966621399
V24-24,100,48.60870361328125,0.0,1.8199999332427979,47.687530517578125,0.0,1.7799999713897705
V24-25,100,48.46514892578125,0.0,1.8199999332427979,47.226104736328125,0.0,1.7699999809265137
V24-26,98,48.54205322265625,0.0,1.8199999332427979,47.125274658203125,0.0,1.7699999809265137
V24-27,59,49.786224365234375,0.0,1.8499999046325684,48.142120361328125,0.0,1.7999999523162842
V24-28,100,50.093841552734375,0.0,1.8499999046325684,48.077178955078125,0.0,1.7999999523162842
V24-29,100,49.678558349609375,0.0,1.8700000047683716,47.759307861328125,0.0,1.8199999332427979
V25-00,80,51.785736083984375,0.0,1.7999999523162842,47.919952392578125,0.0,1.7599999904632568
V25-01,100,50.698822021484375,0.0,1.7899999618530273,47.388458251953125,0.0,1.75
V25-02,62,51.202972412109375,0.0,1.7999999523162842,48.164337158203125,0.0,1.7599999904632568
V25-03,100,51.078216552734375,0.0,1.809999942779541,48.227569580078125,0.0,1.7699999809265137
V25-04,100,51.242279052734375,0.0,1.809999942779541,48.51129150390625,0.0,1.7699999809265137
V25-05,100,50.233978271484375,0.0,1.809999942779541,47.762725830078125,0.0,1.7699999809265137
V25-06,100,49.06158447265625,13.44444465637207,1.809999942779541,47.120147705078125,11.833332061767578,1.7699999809265137
V25-07,100,50.216888427734375,3.722222089767456,1.809999942779541,48.008819580078125,1.7777777910232544,1.7699999809265137
V25-08,100,49.871673583984375,2.8888890743255615,1.8199999332427979,47.834503173828125,0.6666666865348816,1.7799999713897705
V25-09,100,49.19146728515625,0.0,1.809999942779541,47.304718017578125,0.0,1.7699999809265137
V25-10,100,49.466644287109375,0.0,1.809999942779541,47.198760986328125,0.0,1.7599999904632568
V25-11,100,49.666595458984375,0.4444444477558136,1.809999942779541,47.144073486328125,0.3888888955116272,1.7599999904632568
V25-12,100,48.83087158203125,0.9444444179534912,1.809999942779541,46.906524658203125,1.0,1.7599999904632568
V25-13,100,48.65313720703125,0.0,1.7999999523162842,47.492706298828125,0.0,1.7699999809265137
V25-14,100,49.492279052734375,0.0,1.809999942779541,48.025909423828125,0.0,1.7799999713897705
V25-15,87,51.078216552734375,0.0,1.8299999237060547,48.93511962890625,0.0,1.7899999618530273
V25-16,100,51.556732177734375,0.0,1.8299999237060547,48.73004150390625,0.0,1.7899999618530273
V25-17,100,50.211761474609375,0.0,1.8199999332427979,48.73345947265625,0.0,1.7699999809265137
V25-18,100,49.34014892578125,25.0,1.8199999332427979,48.186553955078125,25.27777862548828,1.7799999713897705
V25-19,100,48.58990478515625,0.0,1.8199999332427979,48.155792236328125,0.0,1.7799999713897705
V25-20,100,49.965667724609375,0.0,1.8199999332427979,49.482025146484375,0.0,1.7799999713897705
V25-21,100,49.44097900390625,0.0,1.8199999332427979,48.63092041015625,0.0,1.7699999809265137
V25-22,100,48.57965087890625,0.0,1.8199999332427979,47.747344970703125,0.0,1.7699999809265137
V25-23,31,48.91119384765625,0.0,1.8399999141693115,47.902862548828125,0.0,1.7899999618530273
V25-24,47,47.680694580078125,0.0,1.8499999046325684,46.781768798828125,0.0,1.7999999523162842
V25-25,83,48.49078369140625,0.0,1.8299999237060547,46.990264892578125,0.0,1.7799999713897705
V25-26,100,48.91973876953125,0.0,1.8249999284744263,47.492706298828125,0.0,1.774999976158142
V25-27,98,49.29058837890625,0.0,1.8399999141693115,47.446563720703125,0.0,1.7899999618530273
V25-28,88,50.220306396484375,0.0,1.8550000190734863,48.092559814453125,0.0,1.7999999523162842
V25-29,100,50.059661865234375,0.0,1.8700000047683716,48.138702392578125,0.0,1.8199999332427979
V25-30,69,49.03765869140625,0.0,1.8499999046325684,47.485870361328125,0.0,1.7999999523162842
V25-31,55,47.301300048828125,0.0,1.8700000047683716,45.999053955078125,0.0,1.8199999332427979
V25-32,61,47.790069580078125,0.0,1.8799999952316284,46.214385986328125,0.0,1.8299999237060547
V26-00,80,49.36920166015625,31.145835876464844,1.7999999523162842,46.780059814453125,8.888890266418457,1.7599999904632568
V26-01,100,49.587982177734375,0.0,1.7899999618530273,46.800567626953125,0.0,1.7599999904632568
V26-02,100,51.751556396484375,0.0,1.8199999332427979,48.86676025390625,0.0,1.7799999713897705
V26-03,100,51.536224365234375,0.0,1.809999942779541,48.44804382324219,0.0,1.7699999809265137
V26-04,100,50.235687255859375,0.0,1.809999942779541,47.990020751953125,0.0,1.7699999809265137
V26-05,100,49.663177490234375,0.0,1.809999942779541,47.774688720703125,0.0,1.7699999809265137
V26-06,100,50.182708740234375,2.1111111640930176,1.809999942779541,48.249786376953125,2.055555582046509,1.7699999809265137
V26-07,100,50.100677490234375,0.2222222238779068,1.8199999332427979,47.966094970703125,0.0,1.7799999713897705
V26-08,100,49.993011474609375,0.0,1.8199999332427979,47.622589111328125,0.0,1.7799999713897705
V26-09,100,49.741790771484375,0.0,1.8199999332427979,47.376495361328125,0.0,1.7699999809265137
V26-10,100,49.885345458984375,0.0,1.809999942779541,47.299591064453125,0.0,1.7699999809265137
V26-11,100,49.881927490234375,1.1111111640930176,1.809999942779541,47.354278564453125,0.6111111044883728,1.7699999809265137
V26-12,100,49.576019287109375,7.388888835906982,1.809999942779541,47.894317626953125,7.222221851348877,1.7699999809265137
V26-13,100,49.29058837890625,2.999999761581421,1.8149999380111694,47.889190673828125,3.055555582046509,1.7699999809265137
V26-14,100,50.567230224609375,0.0,1.8199999332427979,48.80865478515625,0.0,1.7799999713897705
V26-15,100,51.384124755859375,0.0,1.8299999237060547,49.464935302734375,0.0,1.7899999618530273
V26-16,100,52.6163330078125,0.0,1.8399999141693115,49.880218505859375,0.0,1.7899999618530273
V26-17,100,51.261077880859375,0.2222222238779068,1.8299999237060547,49.34527587890625,0.1111111119389534,1.7899999618530273
V26-18,100,50.199798583984375,11.222222328186035,1.8199999332427979,49.21197509765625,12.44444465637207,1.7899999618530273
V26-19,100,49.926361083984375,0.0,1.8199999332427979,49.11968994140625,0.0,1.7799999713897705
V26-20,100,49.03765869140625,0.0,1.809999942779541,48.74200439453125,0.0,1.7799999713897705
V26-21,100,48.80865478515625,0.0,1.809999942779541,48.053253173828125,0.0,1.7699999809265137
V26-22,100,48.316436767578125,0.0,1.809999942779541,47.602081298828125,0.0,1.7699999809265137
V26-23,45,48.89410400390625,0.0,1.8199999332427979,47.923370361328125,0.0,1.7799999713897705
V26-24,90,47.846466064453125,0.0,1.8199999332427979,46.574981689453125,0.0,1.7799999713897705
V26-25,98,48.47540283203125,0.0,1.8199999332427979,47.063751220703125,0.0,1.7699999809265137
V26-26,100,49.07354736328125,0.0,1.8299999237060547,47.673858642578125,0.0,1.7799999713897705
V26-27,86,50.063079833984375,0.0,1.834999918937683,48.47882080078125,0.0,1.7899999618530273
V26-28,67,50.845794677734375,0.0,1.8399999141693115,48.82574462890625,0.0,1.7899999618530273
V26-29,100,50.312591552734375,0.0,1.8499999046325684,47.971221923828125,0.0,1.7999999523162842
V26-30,100,48.45317077636719,0.0,1.8600000143051147,46.762969970703125,0.0,1.7999999523162842
V26-31,100,48.109649658203125,0.0,1.8499999046325684,46.834747314453125,0.0,1.7999999523162842
V26-32,100,49.528167724609375,0.0,1.909999966621399,47.535430908203125,0.0,1.8499999046325684
V26-33,95,50.169036865234375,0.0,1.9499999284744263,48.008819580078125,0.0,1.8899999856948853
V26-34,81,48.85992431640625,0.0,1.9299999475479126,46.744171142578125,0.0,1.8700000047683716
V26-35,60,47.798614501953125,9.120370864868164,1.9199999570846558,45.761505126953125,9.583333015441895,1.8600000143051147
V26-36,35,42.403289794921875,41.349205017089844,1.9499999284744263,40.54388427734375,41.507938385009766,1.8899999856948853
V27-00,80,47.983184814453125,66.45833587646484,1.7899999618530273,44.474609375,67.3263931274414,1.75
V27-01,100,49.493988037109375,29.861112594604492,1.7899999618530273,45.821319580078125,29.694446563720703,1.75
V27-02,100,50.439056396484375,0.0,1.7999999523162842,47.761016845703125,0.0,1.7599999904632568
V27-03,100,50.097259521484375,0.0,1.7999999523162842,47.504669189453125,0.0,1.7599999904632568
V27-04,100,49.33843994140625,0.7777777910232544,1.7899999618530273,47.373077392578125,0.6111111044883728,1.7599999904632568
V27-05,82,49.774261474609375,0.7113821506500244,1.809999942779541,47.690948486328125,0.5081300735473633,1.7799999713897705
V27-06,100,50.037445068359375,0.0,1.809999942779541,47.690948486328125,0.0,1.7699999809265137
V27-07,100,50.281829833984375,0.0,1.8199999332427979,48.116485595703125,0.0,1.7799999713897705
V27-08,100,49.880218505859375,0.0,1.809999942779541,47.769561767578125,0.0,1.7699999809265137
V27-09,100,50.199798583984375,0.0555555559694767,1.8199999332427979,47.978057861328125,0.1111111119389534,1.7799999713897705
V27-10,100,49.996429443359375,0.2777777910232544,1.809999942779541,47.665313720703125,0.2222222238779068,1.7699999809265137
V27-11,100,49.38458251953125,0.0,1.7999999523162842,47.720001220703125,0.0,1.7599999904632568
V27-12,100,49.463226318359375,0.0,1.809999942779541,48.167755126953125,0.0,1.7699999809265137
V27-13,100,47.482452392578125,49.72222137451172,1.7899999618530273,45.819610595703125,48.94444274902344,1.75
V27-14,62,46.940704345703125,14.157706260681152,1.7999999523162842,45.513702392578125,14.247313499450684,1.7599999904632568
V27-15,98,48.289093017578125,16.071426391601562,1.7999999523162842,46.686065673828125,17.77210807800293,1.7599999904632568
V27-16,96,50.030609130859375,1.9097223281860352,1.8299999237060547,48.65484619140625,2.8645834922790527,1.7899999618530273
V27-17,100,50.172454833984375,0.1111111119389534,1.8399999141693115,48.82403564453125,0.2222222238779068,1.7999999523162842
V27-18,100,50.321136474609375,2.277777671813965,1.8399999141693115,49.30084228515625,3.0,1.7999999523162842
V27-19,100,50.288665771484375,0.0,1.8199999332427979,48.77960205078125,0.0,1.7699999809265137
V27-20,100,49.13848876953125,0.0,1.8199999332427979,48.054962158203125,0.0,1.7699999809265137
V27-21,100,48.75567626953125,0.0,1.809999942779541,47.637969970703125,0.0,1.7699999809265137
V27-22,100,48.52667236328125,0.0,1.809999942779541,47.755889892578125,0.0,1.7699999809265137
V27-23,100,49.40679931640625,0.0,1.8199999332427979,48.154083251953125,0.0,1.7699999809265137
V27-24,100,48.74029541015625,0.0,1.809999942779541,47.458526611328125,0.0,1.7599999904632568
V27-25,100,48.319854736328125,0.0,1.809999942779541,47.431182861328125,0.0,1.7699999809265137
V27-26,100,47.733673095703125,0.0,1.809999942779541,46.727081298828125,0.0,1.7699999809265137
V27-27,100,48.61895751953125,0.0,1.8199999332427979,47.347442626953125,0.0,1.7699999809265137
V27-28,100,50.698822021484375,0.0,1.8299999237060547,48.96246337890625,0.0,1.7799999713897705
V27-29,100,51.243988037109375,0.0,1.8399999141693115,49.00006103515625,0.0,1.7899999618530273
V27-30,100,47.533721923828125,0.0,1.8399999141693115,46.533966064453125,0.0,1.7999999523162842
V27-31,100,48.123321533203125,0.0,1.8399999141693115,46.691192626953125,0.0,1.7899999618530273
V27-32,100,48.95220947265625,0.0,1.8600000143051147,47.091094970703125,0.0,1.809999942779541
V27-33,100,50.151947021484375,0.0,1.909999966621399,48.097686767578125,0.0,1.8600000143051147
V27-34,100,48.362579345703125,0.0,1.909999966621399,46.554473876953125,0.0,1.8600000143051147
V27-35,69,48.183135986328125,0.0,1.9799998998641968,46.515167236328125,0.0,1.9199999570846558
V28-00,80,49.15045166015625,17.361112594604492,1.809999942779541,46.053741455078125,14.895832061767578,1.7699999809265137
V28-01,100,46.108428955078125,60.888885498046875,1.7899999618530273,44.3994140625,45.08333206176758,1.7599999904632568
V28-02,100,49.470062255859375,20.77777862548828,1.7899999618530273,46.605743408203125,1.2222223281860352,1.75
V28-03,87,50.367279052734375,2.2669222354888916,1.7999999523162842,47.636260986328125,2.6500637531280518,1.7599999904632568
V28-04,100,49.960540771484375,5.000000476837158,1.7999999523162842,47.381622314453125,4.6666669845581055,1.7599999904632568
V28-05,100,49.658050537109375,0.0,1.809999942779541,47.220977783203125,0.0,1.7699999809265137
V28-06,100,48.48907470703125,0.0,1.7999999523162842,46.894561767578125,0.0,1.7699999809265137
V28-07,100,49.977630615234375,0.0,1.7999999523162842,47.805450439453125,0.0,1.7649999856948853
V28-08,100,49.593109130859375,0.0,1.7999999523162842,47.728546142578125,0.0,1.7649999856948853
V28-09,100,50.498870849609375,0.0,1.809999942779541,48.81549072265625,0.0,1.7799999713897705
V28-10,100,49.31793212890625,0.0,1.7999999523162842,47.979766845703125,0.0,1.7699999809265137
V28-11,100,50.579193115234375,0.0,1.809999942779541,49.22393798828125,0.0,1.7799999713897705
V28-12,100,49.596527099609375,5.027777671813965,1.809999942779541,48.178009033203125,5.19444465637207,1.7699999809265137
V28-13,100,46.135772705078125,39.25,1.7899999618530273,44.243865966796875,39.083335876464844,1.75
V28-14,100,44.419921875,5.888888835906982,1.7799999713897705,43.633758544921875,5.55555534362793,1.75
V28-15,92,46.590362548828125,8.061594009399414,1.7949999570846558,45.3701171875,8.484299659729004,1.75
V28-16,83,48.81207275390625,17.87148666381836,1.8199999332427979,47.571319580078125,17.70414924621582,1.7699999809265137
V28-17,96,50.606536865234375,0.0,1.8199999332427979,49.40850830078125,0.0,1.7899999618530273
V28-18,100,49.951995849609375,0.0,1.8299999237060547,49.04278564453125,0.0,1.7899999618530273
V28-19,100,49.888763427734375,0.0,1.8199999332427979,48.58648681640625,0.0,1.7799999713897705
V28-20,100,50.454437255859375,0.0,1.8299999237060547,49.02740478515625,0.0,1.7799999713897705
V28-21,100,48.53009033203125,0.0,1.8199999332427979,47.449981689453125,0.0,1.7799999713897705
V28-22,100,47.779815673828125,0.0,1.809999942779541,47.024444580078125,0.0,1.7699999809265137
V28-23,100,48.304473876953125,0.0,1.809999942779541,47.325225830078125,0.0,1.7699999809265137
V28-24,100,48.125030517578125,0.0,1.8199999332427979,47.258575439453125,0.0,1.7699999809265137
V28-25,100,47.439727783203125,0.0,1.8199999332427979,46.944122314453125,0.0,1.7799999713897705
V28-26,96,47.342315673828125,0.0,1.8199999332427979,46.692901611328125,0.0,1.7699999809265137
V28-27,88,48.42582702636719,0.0,1.8299999237060547,47.463653564453125,0.0,1.7799999713897705
V28-28,100,49.43243408203125,0.0,1.8199999332427979,47.848175048828125,0.0,1.7699999809265137
V28-29,100,50.777435302734375,0.0,1.8299999237060547,48.50787353515625,0.0,1.7799999713897705
V28-30,100,48.376251220703125,0.0,1.8399999141693115,46.877471923828125,0.0,1.7899999618530273
V28-31,100,47.808868408203125,0.0,1.8299999237060547,46.528839111328125,0.0,1.7799999713897705
V28-32,100,49.675140380859375,0.0,1.8499999046325684,47.930206298828125,0.0,1.7899999618530273
V28-33,100,49.18121337890625,0.0,1.8600000143051147,47.615753173828125,0.0,1.8049999475479126
V28-34,100,48.323272705078125,0.0,1.8799999952316284,46.855255126953125,0.0,1.8299999237060547
V28-35,59,47.656768798828125,0.18832391500473022,1.9299999475479126,46.118682861328125,0.5649717450141907,1.8700000047683716
V29-00,80,48.386505126953125,47.8125,1.7899999618530273,46.434844970703125,31.66666603088379,1.7599999904632568
V29-01,100,46.691192626953125,46.97222137451172,1.784999966621399,45.981964111328125,40.4444465637207,1.7599999904632568
V29-02,100,49.781097412109375,7.388888835906982,1.7899999618530273,48.001983642578125,7.333333969116211,1.7599999904632568
V29-03,91,50.158782958984375,0.1526251584291458,1.809999942779541,48.196807861328125,0.1526251584291458,1.7799999713897705
V29-04,100,49.852874755859375,0.0,1.809999942779541,47.656768798828125,0.0,1.7699999809265137
V29-05,100,50.122894287109375,0.0,1.809999942779541,48.178009033203125,0.0,1.7699999809265137
V29-06,100,49.871673583984375,0.2222222238779068,1.809999942779541,47.950714111328125,0.2222222238779068,1.7699999809265137
V29-07,100,49.675140380859375,0.0,1.7999999523162842,47.955841064453125,0.0,1.7699999809265137
V29-08,100,49.37261962890625,0.0,1.7999999523162842,47.945587158203125,0.0,1.7699999809265137
V29-09,100,49.564056396484375,0.0,1.7999999523162842,48.072052001953125,0.0,1.7699999809265137
V29-10,100,49.17095947265625,0.0,1.7999999523162842,47.863555908203125,0.0,1.7699999809265137
V29-11,100,50.114349365234375,0.3611111044883728,1.8199999332427979,49.15045166015625,0.3055555522441864,1.7799999713897705
V29-12,62,49.670013427734375,13.485664367675781,1.809999942779541,48.166046142578125,13.39605712890625,1.7699999809265137
V29-13,92,45.987091064453125,45.0785026550293,1.7999999523162842,44.419921875,44.77656936645508,1.7599999904632568
V29-14,67,45.07275390625,1.2023217678070068,1.7899999618530273,45.3017578125,1.2852405309677124,1.7599999904632568
V29-15,81,46.956085205078125,23.04526710510254,1.7999999523162842,45.893096923828125,24.348421096801758,1.7599999904632568
V29-16,100,50.847503662109375,2.972222089767456,1.8299999237060547,49.16070556640625,2.9166667461395264,1.7799999713897705
V29-17,86,50.738128662109375,0.0,1.8299999237060547,49.678558349609375,0.0,1.7899999618530273
V29-18,100,50.510833740234375,0.0,1.8199999332427979,49.516204833984375,0.0,1.7899999618530273
V29-19,100,49.10089111328125,0.0,1.8149999380111694,48.408721923828125,0.0,1.7799999713897705
V29-20,100,48.79156494140625,0.0,1.8199999332427979,48.099395751953125,0.0,1.7799999713897705
V29-21,100,47.521759033203125,0.0,1.7999999523162842,47.043243408203125,0.0,1.7599999904632568
V29-22,100,46.845001220703125,0.0,1.7999999523162842,46.253692626953125,0.0,1.7599999904632568
V29-23,100,47.089385986328125,0.0,1.7999999523162842,46.446807861328125,0.0,1.7599999904632568
V29-24,100,46.316925048828125,0.0,1.809999942779541,46.135772705078125,0.0,1.7699999809265137
V29-25,89,48.60015869140625,0.0,1.8499999046325684,47.865264892578125,0.0,1.809999942779541
V29-26,76,48.51129150390625,0.0,1.8299999237060547,47.475616455078125,0.0,1.7899999618530273
V29-27,43,47.639678955078125,0.0,1.8299999237060547,46.433135986328125,0.0,1.7799999713897705
V29-28,100,49.32305908203125,0.0,1.8199999332427979,47.202178955078125,0.0,1.7699999809265137
V29-29,100,50.702239990234375,0.0,1.8299999237060547,48.232696533203125,0.0,1.7699999809265137
V29-30,100,48.364288330078125,0.0,1.834999918937683,46.556182861328125,0.0,1.7799999713897705
V29-31,100,49.42561340332031,0.0,1.8499999046325684,47.408966064453125,0.0,1.7899999618530273
V29-32,100,50.220306396484375,0.0,1.8399999141693115,48.56256103515625,0.0,1.7899999618530273
V29-33,100,49.02911376953125,0.0,1.8399999141693115,47.479034423828125,0.0,1.7799999713897705
V29-34,100,48.099395751953125,0.0,1.8799999952316284,46.545928955078125,0.0,1.8299999237060547
V29-35,40,47.157745361328125,3.8888890743255615,1.9199999570846558,45.763214111328125,2.5,1.8700000047683716
V30-00,80,51.308929443359375,0.0694444477558136,1.7999999523162842,49.04449462890625,0.1388888955116272,1.7599999904632568
V30-01,100,50.895355224609375,0.0,1.7899999618530273,48.424102783203125,0.0,1.7599999904632568
V30-02,100,49.880218505859375,0.0,1.7999999523162842,48.022491455078125,0.0,1.7599999904632568
V30-03,100,48.97271728515625,0.0,1.7899999618530273,47.631134033203125,0.0,1.7599999904632568
V30-04,100,49.695648193359375,0.0,1.7999999523162842,47.913116455078125,0.0,1.7699999809265137
V30-05,100,50.218597412109375,0.0,1.7999999523162842,47.843048095703125,0.0,1.7699999809265137
V30-06,100,50.671478271484375,0.0,1.8199999332427979,47.730255126953125,0.0,1.7799999713897705
V30-07,100,48.60528564453125,0.0,1.7999999523162842,46.824493408203125,0.0,1.7599999904632568
V30-08,100,48.84454345703125,0.0,1.7899999618530273,47.460235595703125,0.0,1.7599999904632568
V30-09,100,49.31793212890625,0.0,1.809999942779541,48.304473876953125,0.0,1.7799999713897705
V30-10,100,48.88726806640625,0.0,1.809999942779541,48.020782470703125,0.0,1.7699999809265137
V30-11,100,49.13336181640625,0.25,1.809999942779541,48.49591064453125,0.25,1.7799999713897705
V30-12,92,49.17266845703125,0.39251208305358887,1.809999942779541,48.64801025390625,0.27173912525177,1.7799999713897705
V30-13,100,48.229278564453125,26.0,1.8149999380111694,47.812286376953125,25.16666603088379,1.7799999713897705
V30-14,100,45.614532470703125,49.19444274902344,1.7999999523162842,44.814697265625,48.69444274902344,1.7599999904632568
V30-15,100,47.803741455078125,41.72222137451172,1.8299999237060547,46.048614501953125,40.833335876464844,1.7799999713897705
V30-16,84,49.869964599609375,0.0,1.8299999237060547,48.372833251953125,0.0,1.7899999618530273
V30-17,96,50.319427490234375,0.0,1.8199999332427979,49.44953918457031,0.0,1.7899999618530273
V30-18,100,51.430267333984375,0.0,1.8299999237060547,49.936614990234375,0.0,1.7899999618530273
V30-19,100,48.50616455078125,0.0,1.809999942779541,47.678985595703125,0.0,1.7699999809265137
V30-20,100,47.292755126953125,0.0,1.7999999523162842,46.766387939453125,0.0,1.7599999904632568
V30-21,95,46.819366455078125,0.0,1.8299999237060547,46.214385986328125,0.0,1.7899999618530273
V30-22,92,46.361358642578125,0.0,1.8049999475479126,45.934112548828125,0.0,1.7599999904632568
V30-23,51,45.923858642578125,0.0,1.7999999523162842,45.585479736328125,0.0,1.7599999904632568
V30-26,88,46.446807861328125,0.0,1.809999942779541,45.544464111328125,0.0,1.7699999809265137
V30-27,78,48.078887939453125,0.0,1.809999942779541,47.021026611328125,0.0,1.7699999809265137
V30-28,100,49.716156005859375,0.0,1.8249999284744263,47.872100830078125,0.0,1.7699999809265137
V30-29,100,50.331390380859375,0.0,1.8299999237060547,48.336944580078125,0.0,1.7799999713897705
V30-30,100,50.237396240234375,0.0,1.8299999237060547,48.410430908203125,0.0,1.7799999713897705
V30-31,100,51.131195068359375,0.0,1.8399999141693115,48.74542236328125,0.0,1.7899999618530273
V30-32,100,50.577484130859375,0.0,1.8499999046325684,48.63433837890625,0.0,1.7999999523162842
V30-33,100,49.27349853515625,0.0,1.8399999141693115,47.819122314453125,0.0,1.7799999713897705
V30-34,100,48.420684814453125,0.0,1.8899999856948853,46.752716064453125,0.0,1.8399999141693115
V30-35,41,48.309600830078125,0.0,1.9799998998641968,46.682647705078125,0.0,1.9299999475479126
V31-00,80,51.558441162109375,0.0,1.7999999523162842,48.57794189453125,0.0,1.7699999809265137
V31-01,100,49.40509033203125,0.0,1.7799999713897705,47.279083251953125,0.0,1.75
V31-02,100,48.91119384765625,6.111111164093018,1.7899999618530273,47.176544189453125,5.55555534362793,1.7599999904632568
V31-03,100,49.936614990234375,0.0,1.7999999523162842,47.901153564453125,0.0,1.7699999809265137
V31-04,100,49.32818603515625,0.0,1.7999999523162842,47.149200439453125,0.0,1.7699999809265137
V31-05,100,49.982757568359375,0.0,1.809999942779541,47.723419189453125,0.0,1.7699999809265137
V31-06,100,49.728118896484375,0.0,1.8399999141693115,47.960968017578125,0.0,1.7999999523162842
V31-07,100,48.84283447265625,0.0,1.809999942779541,47.362823486328125,0.1111111119389534,1.7799999713897705
V31-08,100,50.623626708984375,1.0,1.8199999332427979,48.56768798828125,0.2222222238779068,1.7799999713897705
V31-09,100,49.680267333984375,1.2222222089767456,1.7999999523162842,48.097686767578125,1.0,1.7699999809265137
V31-10,100,49.658050537109375,0.0,1.809999942779541,48.57965087890625,0.0,1.7799999713897705
V31-11,81,49.24273681640625,0.0,1.809999942779541,48.85992431640625,0.0,1.7799999713897705
V31-12,100,49.05303955078125,0.0,1.809999942779541,48.70611572265625,0.0,1.7799999713897705
V31-13,100,49.774261474609375,0.0,1.8199999332427979,48.68048095703125,0.0,1.7899999618530273
V31-14,100,50.119476318359375,0.0,1.8199999332427979,48.61041259765625,0.0,1.7899999618530273
V31-15,100,49.05474853515625,2.944444417953491,1.8199999332427979,48.270294189453125,1.9444442987442017,1.7899999618530273
V31-16,100,47.434600830078125,31.499996185302734,1.809999942779541,47.362823486328125,29.72222328186035,1.7799999713897705
V31-17,100,48.87701416015625,0.7222222685813904,1.809999942779541,48.425811767578125,0.5,1.7699999809265137
V31-18,100,50.727874755859375,0.0,1.8299999237060547,49.777679443359375,0.0,1.7899999618530273
V31-19,100,49.28204345703125,0.0,1.8299999237060547,48.50616455078125,0.0,1.7999999523162842
V31-20,100,47.649932861328125,0.0,1.8299999237060547,47.007354736328125,0.0,1.7899999618530273
V31-21,77,47.933624267578125,0.0,1.8199999332427979,47.212432861328125,0.0,1.7799999713897705
V31-22,41,46.980010986328125,0.3387534022331238,1.809999942779541,46.894561767578125,0.0,1.7699999809265137
V31-23,53,46.559600830078125,8.123688697814941,1.8399999141693115,46.665557861328125,0.6289308667182922,1.7999999523162842
V31-24,50,48.51812744140625,6.0,1.8249999284744263,49.09576416015625,1.7777777910232544,1.7899999618530273
V31-25,89,48.323272705078125,0.06242197006940842,1.8299999237060547,47.940460205078125,0.0,1.7899999618530273
V31-26,100,47.383331298828125,0.0,1.8199999332427979,46.554473876953125,0.0,1.7699999809265137
V31-27,100,48.145538330078125,0.0,1.8199999332427979,47.374786376953125,0.0,1.7699999809265137
V31-28,100,50.314300537109375,0.0,1.8299999237060547,48.86676025390625,0.0,1.7899999618530273
V31-29,100,50.509124755859375,0.0,1.8299999237060547,48.52496337890625,0.0,1.7799999713897705
V31-30,100,50.642425537109375,0.0,1.8299999237060547,48.89923095703125,0.0,1.7799999713897705
V31-31,100,51.459320068359375,0.0,1.8399999141693115,48.88555908203125,0.0,1.7799999713897705
V31-32,100,51.907073974609375,0.0,1.8399999141693115,49.17437744140625,0.0,1.7799999713897705
V31-33,100,50.927825927734375,0.0,1.8399999141693115,48.55230712890625,0.0,1.7799999713897705
V31-34,100,48.167755126953125,0.0,1.8700000047683716,46.713409423828125,0.0,1.809999942779541
V31-35,57,48.72320556640625,0.0,1.9299999475479126,47.608917236328125,0.0,1.8799999952316284
V32-00,80,50.604827880859375,0.0,1.7899999618530273,48.037872314453125,0.0,1.7599999904632568
V32-01,100,49.512786865234375,0.0,1.7799999713897705,47.332061767578125,0.0,1.75
V32-02,100,49.20001220703125,0.0,1.7799999713897705,47.547393798828125,0.0,1.75
V32-03,100,49.798187255859375,1.2777777910232544,1.7999999523162842,48.089141845703125,0.6666666865348816,1.7599999904632568
V32-04,100,49.825531005859375,0.0,1.7899999618530273,48.220733642578125,0.0,1.7599999904632568
V32-05,100,49.41876220703125,0.1666666716337204,1.7999999523162842,48.063507080078125,0.1666666716337204,1.7799999713897705
V32-06,100,48.61212158203125,3.4444446563720703,1.7949999570846558,48.077178955078125,2.777777671813965,1.7699999809265137
V32-07,100,49.18121337890625,0.0,1.7899999618530273,48.138702392578125,0.0,1.7599999904632568
V32-08,100,50.276702880859375,10.277777671813965,1.809999942779541,47.943878173828125,11.05555534362793,1.7699999809265137
V32-09,100,49.42901611328125,44.5,1.8399999141693115,46.547637939453125,44.16666793823242,1.7999999523162842
V32-10,100,49.772552490234375,0.0,1.809999942779541,48.51641845703125,0.0,1.7799999713897705
V32-11,100,48.90606689453125,0.0,1.809999942779541,48.295928955078125,0.0,1.7799999713897705
V32-12,100,49.38287353515625,0.0,1.809999942779541,48.266876220703125,0.0,1.7799999713897705
V32-13,100,49.42047119140625,0.0,1.8199999332427979,48.61212158203125,0.0,1.7799999713897705
V32-14,100,48.68902587890625,0.02777777798473835,1.8199999332427979,48.089141845703125,0.0,1.7799999713897705
V32-15,100,46.759552001953125,11.527778625488281,1.809999942779541,46.451934814453125,9.61111068725586,1.7799999713897705
V32-16,100,46.918487548828125,26.72222328186035,1.809999942779541,46.588653564453125,23.499998092651367,1.7699999809265137
V32-17,100,47.757598876953125,7.500000476837158,1.809999942779541,47.684112548828125,6.166666507720947,1.7799999713897705
V32-18,100,48.207061767578125,0.0,1.809999942779541,48.044708251953125,0.0,1.7799999713897705
V32-19,100,48.56427001953125,0.0,1.809999942779541,47.812286376953125,0.0,1.7799999713897705
V32-20,100,48.62237548828125,0.0,1.8299999237060547,47.808868408203125,0.0,1.7899999618530273
V32-21,100,47.362823486328125,0.0,1.8199999332427979,46.568145751953125,0.0,1.7799999713897705
V32-22,90,47.615753173828125,1.4506173133850098,1.809999942779541,47.979766845703125,0.37037038803100586,1.7799999713897705
V32-23,100,46.976593017578125,15.30555534362793,1.809999942779541,47.567901611328125,4.333333492279053,1.7699999809265137
V32-24,100,48.138702392578125,0.2777777910232544,1.809999942779541,48.049835205078125,0.0,1.7799999713897705
V32-25,100,48.74200439453125,0.0,1.8199999332427979,48.172882080078125,0.0,1.7799999713897705
V32-26,100,50.536468505859375,0.0,1.8399999141693115,49.34185791015625,0.0,1.7899999618530273
V32-27,100,49.576019287109375,0.0,1.8299999237060547,48.44805908203125,0.0,1.7799999713897705
V32-28,100,50.979095458984375,0.0,1.8299999237060547,49.08721923828125,0.0,1.7799999713897705
V32-29,100,50.893646240234375,0.0,1.8399999141693115,49.11968994140625,0.0,1.7899999618530273
V32-30,100,51.172210693359375,0.0,1.8299999237060547,49.519622802734375,0.0,1.7799999713897705
V32-31,100,51.117523193359375,0.0,1.8499999046325684,49.12994384765625,0.0,1.7949999570846558
V32-32,100,51.148284912109375,0.0,1.8600000143051147,48.90435791015625,0.0,1.7999999523162842
V32-33,100,51.165374755859375,0.0,1.8600000143051147,49.00177001953125,0.0,1.8049999475479126
V32-34,100,47.757598876953125,0.0,1.8399999141693115,46.404083251953125,0.0,1.7799999713897705
V32-35,62,47.629425048828125,0.0,1.909999966621399,46.522003173828125,0.0,1.8600000143051147
V33-00,80,51.194427490234375,0.0,1.7899999618530273,48.348907470703125,0.0,1.7599999904632568
V33-01,100,49.770843505859375,3.472222089767456,1.7799999713897705,47.345733642578125,3.472222089767456,1.75
V33-02,100,48.095977783203125,0.6388888955116272,1.7799999713897705,46.819366455078125,0.4166666865348816,1.7599999904632568
V33-03,100,48.96588134765625,1.5,1.7799999713897705,47.817413330078125,0.8888888955116272,1.7599999904632568
V33-04,100,49.09063720703125,1.2222222089767456,1.7799999713897705,48.142120361328125,1.2222222089767456,1.7599999904632568
V33-05,100,49.19488525390625,2.722222089767456,1.7899999618530273,48.78131103515625,2.3333332538604736,1.7699999809265137
V33-06,100,49.673431396484375,7.6666669845581055,1.7999999523162842,49.10772705078125,5.777778148651123,1.7699999809265137
V33-07,100,49.15045166015625,0.0,1.7999999523162842,47.805450439453125,0.0,1.7649999856948853
V33-08,100,49.630706787109375,0.0,1.7999999523162842,47.593536376953125,0.0,1.7699999809265137
V33-09,100,51.493499755859375,29.22222328186035,1.8299999237060547,49.43585205078125,19.77777862548828,1.7899999618530273
V33-10,100,51.447357177734375,22.22222328186035,1.8199999332427979,50.741546630859375,12.44444465637207,1.7999999523162842
V33-11,100,49.512786865234375,0.0,1.7999999523162842,48.60015869140625,0.0,1.7699999809265137
V33-12,100,51.577239990234375,0.0,1.8399999141693115,49.555511474609375,0.0,1.7999999523162842
V33-13,100,51.103851318359375,0.0,1.8299999237060547,49.615325927734375,0.0,1.7899999618530273
V33-14,100,47.429473876953125,0.638888955116272,1.7999999523162842,47.287628173828125,0.5555555820465088,1.7699999809265137
V33-15,100,46.715118408203125,25.94444465637207,1.7999999523162842,46.381866455078125,23.916667938232422,1.7699999809265137
V33-16,100,46.851837158203125,18.19444465637207,1.809999942779541,46.781768798828125,16.41666603088379,1.7799999713897705
V33-17,100,48.316436767578125,0.0,1.809999942779541,48.343780517578125,0.0,1.7799999713897705
V33-18,100,48.63092041015625,0.0,1.8299999237060547,48.297637939453125,0.0,1.7999999523162842
V33-19,100,48.55230712890625,0.0,1.8199999332427979,47.749053955078125,0.0,1.7799999713897705
V33-20,100,48.94708251953125,0.0,1.8199999332427979,47.904571533203125,0.0,1.7799999713897705
V33-21,100,47.974639892578125,0.0,1.8199999332427979,47.494415283203125,0.0,1.7799999713897705
V33-22,100,48.126739501953125,0.0,1.8199999332427979,47.938751220703125,0.0,1.7799999713897705
V33-23,100,47.813995361328125,0.0,1.8199999332427979,47.330352783203125,0.0,1.7799999713897705
V33-24,100,48.75396728515625,0.0,1.8149999380111694,48.015655517578125,0.0,1.7799999713897705
V33-25,100,48.273712158203125,0.0,1.8199999332427979,47.542266845703125,0.0,1.7799999713897705
V33-26,100,50.180999755859375,0.0,1.8299999237060547,48.80352783203125,0.0,1.7799999713897705
V33-27,100,49.962249755859375,0.0,1.8299999237060547,48.359161376953125,0.0,1.7799999713897705
V33-28,100,50.360443115234375,0.0,1.8299999237060547,48.46685791015625,0.0,1.7799999713897705
V33-29,100,50.637298583984375,0.0,1.8299999237060547,48.77447509765625,0.0,1.7799999713897705
V33-30,100,50.483489990234375,0.0,1.8299999237060547,48.92144775390625,0.0,1.7799999713897705
V33-31,100,51.515716552734375,0.0,1.8399999141693115,49.615325927734375,0.0,1.7899999618530273
V33-32,100,51.242279052734375,0.0,1.8550000190734863,49.30426025390625,0.0,1.7999999523162842
V33-33,100,49.722991943359375,0.0,1.8399999141693115,47.986602783203125,0.0,1.7899999618530273
V33-34,100,48.089141845703125,0.0,1.8600000143051147,46.638214111328125,0.0,1.7999999523162842
V33-35,42,48.107940673828125,0.0,1.9399999380111694,46.853546142578125,0.0,1.8899999856948853
V34-00,80,51.055999755859375,0.0,1.7899999618530273,48.52667236328125,0.0,1.7599999904632568
V34-01,100,49.18975830078125,3.472222328186035,1.784999966621399,47.250030517578125,3.194444179534912,1.7599999904632568
V34-02,100,48.76934814453125,1.5833332538604736,1.7899999618530273,46.547637939453125,1.5277777910232544,1.75
V34-03,100,48.69927978515625,3.8888885974884033,1.7799999713897705,46.904815673828125,3.722222089767456,1.7549999952316284
V34-04,100,48.56427001953125,2.777777910232544,1.7999999523162842,47.525177001953125,2.277777910232544,1.7699999809265137
V34-05,100,49.14361572265625,0.5555555820465088,1.7899999618530273,48.128448486328125,0.3333333432674408,1.7699999809265137
V34-06,100,48.95562744140625,30.361116409301758,1.7999999523162842,47.790069580078125,29.888885498046875,1.7699999809265137
V34-07,100,49.846038818359375,0.02777777798473835,1.7999999523162842,48.162628173828125,0.0,1.7699999809265137
V34-08,100,49.02911376953125,0.0,1.809999942779541,47.438018798828125,0.0,1.7799999713897705
V34-09,100,50.447601318359375,0.0,1.809999942779541,49.11456298828125,0.0,1.7799999713897705
V34-10,100,53.945953369140625,0.0,1.8399999141693115,52.5377197265625,0.0,1.809999942779541
V34-11,100,50.044281005859375,0.0,1.7999999523162842,48.91632080078125,0.0,1.7699999809265137
V34-12,100,49.00177001953125,0.0,1.7999999523162842,48.85308837890625,0.0,1.7799999713897705
V34-13,100,48.84112548828125,0.0,1.7999999523162842,49.01885986328125,0.0,1.7699999809265137
V34-14,100,47.605499267578125,0.0,1.7999999523162842,47.323516845703125,0.0,1.7699999809265137
V34-15,100,47.473907470703125,18.694442749023438,1.7899999618530273,47.051788330078125,16.91666603088379,1.7599999904632568
V34-16,100,47.256866455078125,5.027777671813965,1.809999942779541,47.306427001953125,3.8611109256744385,1.7799999713897705
V34-17,100,47.532012939453125,0.0,1.809999942779541,47.665313720703125,0.0,1.7799999713897705
V34-18,100,47.501251220703125,0.0,1.7999999523162842,47.581573486328125,0.0,1.7699999809265137
V34-19,100,48.365997314453125,0.0,1.8199999332427979,47.590118408203125,0.0,1.7799999713897705
V34-20,100,49.00177001953125,0.0,1.8199999332427979,47.919952392578125,0.0,1.7799999713897705
V34-21,100,48.55059814453125,0.0,1.809999942779541,48.097686767578125,0.0,1.7799999713897705
V34-22,100,48.77276611328125,0.0,1.809999942779541,48.181427001953125,0.0,1.7699999809265137
V34-23,100,48.96417236328125,0.0,1.809999942779541,48.181427001953125,0.0,1.7699999809265137
V34-24,100,48.46685791015625,0.0,1.8199999332427979,47.665313720703125,0.0,1.7799999713897705
V34-25,100,47.468780517578125,0.0,1.8299999237060547,46.773223876953125,0.0,1.7799999713897705
V34-26,100,47.955841064453125,0.0,1.8199999332427979,46.817657470703125,0.0,1.7699999809265137
V34-27,100,49.34527587890625,0.0,1.8399999141693115,48.063507080078125,0.0,1.7899999618530273
V34-28,100,50.657806396484375,0.0,1.8399999141693115,48.75396728515625,0.0,1.7899999618530273
V34-29,100,51.201263427734375,0.0,1.8299999237060547,49.33843994140625,0.0,1.7799999713897705
V34-30,100,50.996185302734375,0.0,1.8249999284744263,49.23931884765625,0.0,1.7699999809265137
V34-31,100,51.553314208984375,0.0,1.8399999141693115,49.42559814453125,0.0,1.7899999618530273
V34-32,100,51.908782958984375,0.0,1.8700000047683716,49.731536865234375,0.0,1.8199999332427979
V34-33,100,50.068206787109375,0.0,1.8600000143051147,48.027618408203125,0.0,1.809999942779541
V34-34,88,47.919952392578125,0.0,1.909999966621399,46.238311767578125,0.0,1.8499999046325684
