{
  "type": "FeatureCollection",
  "features": [
    {
      "type": "Feature",
      "properties": {
        "osm_way_id": 151543354,
        "reference_class": "water",
        "last_edit": "2020-02-12T08:41:18Z",
        "source": "OpenStreetMap contributors"
      },
      "geometry": {
        "type": "Polygon",
        "coordinates": [
          [
            [
              51.5535022,
              25.3706056
            ],
            [
              51.5534423,
              25.370626
            ],
            [
              51.5534003,
              25.3706561
            ],
            [
              51.5533446,
              25.3706696
            ],
            [
              51.5533112,
              25.3706579
            ],
            [
              51.5532795,
              25.3706401
            ],
            [
              51.5532655,
              25.3706055
            ],
            [
              51.5532766,
              25.370565
            ],
            [
              51.5533198,
              25.3704979
            ],
            [
              51.5533709,
              25.3703983
            ],
            [
              51.5534138,
              25.370276
            ],
            [
              51.5534266,
              25.3701976
            ],
            [
              51.5534842,
              25.3701283
            ],
            [
              51.5535469,
              25.370081
            ],
            [
              51.5536014,
              25.370046
            ],
            [
              51.553667,
              25.3700312
            ],
            [
              51.5537299,
              25.3700374
            ],
            [
              51.5537892,
              25.3700689
            ],
            [
              51.5538911,
              25.3701557
            ],
            [
              51.5539981,
              25.3702443
            ],
            [
              51.5540675,
              25.3702927
            ],
            [
              51.5541109,
              25.3703345
            ],
            [
              51.5541232,
              25.3703776
            ],
            [
              51.554121,
              25.3704097
            ],
            [
              51.554108,
              25.3704391
            ],
            [
              51.5540871,
              25.3704626
            ],
            [
              51.5540475,
              25.3704832
            ],
            [
              51.5540093,
              25.3704833
            ],
            [
              51.5539533,
              25.3704764
            ],
            [
              51.5538885,
              25.3704847
            ],
            [
              51.5538444,
              25.3704977
            ],
            [
              51.553803,
              25.3705256
            ],
            [
              51.5537693,
              25.370558
            ],
            [
              51.5537313,
              25.3706122
            ],
            [
              51.5537063,
              25.3706387
            ],
            [
              51.5536592,
              25.3706446
            ],
            [
              51.5535814,
              25.3706183
            ],
            [
              51.5535022,
              25.3706056
            ]
          ]
        ]
      }
    },
    {
      "type": "Feature",
      "properties": {
        "osm_way_id": 151543355,
        "reference_class": "water",
        "last_edit": "2016-10-07T21:25:27Z",
        "source": "OpenStreetMap contributors"
      },
      "geometry": {
        "type": "Polygon",
        "coordinates": [
          [
            [
              51.5384294,
              25.3719992
            ],
            [
              51.538373,
              25.3719314
            ],
            [
              51.538314,
              25.3719023
            ],
            [
              51.5382309,
              25.3718878
            ],
            [
              51.5381504,
              25.3718635
            ],
            [
              51.5380833,
              25.3718175
            ],
            [
              51.5380378,
              25.3717496
            ],
            [
              51.5379653,
              25.3716963
            ],
            [
              51.5378795,
              25.3716793
            ],
            [
              51.5377937,
              25.3716818
            ],
            [
              51.53774,
              25.3716866
            ],
            [
              51.5376998,
              25.3716721
            ],
            [
              51.537681,
              25.3716406
            ],
            [
              51.5376837,
              25.3716042
            ],
            [
              51.5377132,
              25.3715679
            ],
            [
              51.5377454,
              25.3715242
            ],
            [
              51.5377588,
              25.3714515
            ],
            [
              51.5377803,
              25.3713982
            ],
            [
              51.5378071,
              25.3713716
            ],
            [
              51.5378473,
              25.3713716
            ],
            [
              51.5379036,
              25.3713982
            ],
            [
              51.5379412,
              25.371357
            ],
            [
              51.53796,
              25.3713255
            ],
            [
              51.5380217,
              25.3713473
            ],
            [
              51.5380512,
              25.3713231
            ],
            [
              51.5381209,
              25.3713667
            ],
            [
              51.538188,
              25.3713861
            ],
            [
              51.5382523,
              25.3713958
            ],
            [
              51.5382872,
              25.3714249
            ],
            [
              51.5383113,
              25.3714733
            ],
            [
              51.5383006,
              25.3715339
            ],
            [
              51.5382711,
              25.3716042
            ],
            [
              51.5382818,
              25.3716551
            ],
            [
              51.5383221,
              25.3716842
            ],
            [
              51.5383677,
              25.3716963
            ],
            [
              51.5384159,
              25.3717084
            ],
            [
              51.5384508,
              25.3717399
            ],
            [
              51.5384723,
              25.3717932
            ],
            [
              51.5384964,
              25.3718369
            ],
            [
              51.5385447,
              25.3718829
            ],
            [
              51.5385742,
              25.3719265
            ],
            [
              51.5385742,
              25.3719799
            ],
            [
              51.5385501,
              25.3720138
            ],
            [
              51.5385045,
              25.3720332
            ],
            [
              51.5384615,
              25.3720283
            ],
            [
              51.5384294,
              25.3719992
            ]
          ]
        ]
      }
    },
    {
      "type": "Feature",
      "properties": {
        "osm_way_id": 155286881,
        "reference_class": "building",
        "last_edit": "2026-02-01T07:09:00Z",
        "source": "OpenStreetMap contributors"
      },
      "geometry": {
        "type": "Polygon",
        "coordinates": [
          [
            [
              51.539203,
              25.3666071
            ],
            [
              51.5397257,
              25.3668308
            ],
            [
              51.5398523,
              25.366885
            ],
            [
              51.5395978,
              25.3673714
            ],
            [
              51.5389477,
              25.367094
            ],
            [
              51.539203,
              25.3666071
            ]
          ]
        ]
      }
    },
    {
      "type": "Feature",
      "properties": {
        "osm_way_id": 155286885,
        "reference_class": "building",
        "last_edit": "2026-02-01T07:09:00Z",
        "source": "OpenStreetMap contributors"
      },
      "geometry": {
        "type": "Polygon",
        "coordinates": [
          [
            [
              51.5389477,
              25.367094
            ],
            [
              51.538688,
              25.3675907
            ],
            [
              51.5393381,
              25.3678681
            ],
            [
              51.5395978,
              25.3673714
            ],
            [
              51.5389477,
              25.367094
            ]
          ]
        ]
      }
    },
    {
      "type": "Feature",
      "properties": {
        "osm_way_id": 155286891,
        "reference_class": "building",
        "last_edit": "2018-08-21T23:16:53Z",
        "source": "OpenStreetMap contributors"
      },
      "geometry": {
        "type": "Polygon",
        "coordinates": [
          [
            [
              51.5401132,
              25.3667249
            ],
            [
              51.5402622,
              25.3668181
            ],
            [
              51.5407752,
              25.366148
            ],
            [
              51.5406262,
              25.3660548
            ],
            [
              51.5401132,
              25.3667249
            ]
          ]
        ]
      }
    },
    {
      "type": "Feature",
      "properties": {
        "osm_way_id": 155286893,
        "reference_class": "building",
        "last_edit": "2022-04-20T17:57:40Z",
        "source": "OpenStreetMap contributors"
      },
      "geometry": {
        "type": "Polygon",
        "coordinates": [
          [
            [
              51.5429573,
              25.3640806
            ],
            [
              51.5431736,
              25.3641117
            ],
            [
              51.5434954,
              25.3641567
            ],
            [
              51.5435215,
              25.3640108
            ],
            [
              51.5436064,
              25.3640241
            ],
            [
              51.5435934,
              25.3640883
            ],
            [
              51.54371,
              25.3641077
            ],
            [
              51.5437774,
              25.3637766
            ],
            [
              51.5437326,
              25.3637691
            ],
            [
              51.5438409,
              25.3632375
            ],
            [
              51.5438936,
              25.3632462
            ],
            [
              51.5439171,
              25.363131
            ],
            [
              51.5437874,
              25.3631093
            ],
            [
              51.5437797,
              25.3631471
            ],
            [
              51.5435872,
              25.3631149
            ],
            [
              51.5433203,
              25.3630702
            ],
            [
              51.543254,
              25.3630591
            ],
            [
              51.5432374,
              25.3630563
            ],
            [
              51.5432146,
              25.3630525
            ],
            [
              51.543222,
              25.3630192
            ],
            [
              51.5431079,
              25.3630023
            ],
            [
              51.5430798,
              25.3631028
            ],
            [
              51.5431479,
              25.3631142
            ],
            [
              51.5429573,
              25.3640806
            ]
          ]
        ]
      }
    },
    {
      "type": "Feature",
      "properties": {
        "osm_way_id": 202776019,
        "reference_class": "building",
        "last_edit": "2026-02-01T07:09:00Z",
        "source": "OpenStreetMap contributors"
      },
      "geometry": {
        "type": "Polygon",
        "coordinates": [
          [
            [
              51.53912,
              25.368544
            ],
            [
              51.5385139,
              25.3684772
            ],
            [
              51.5384294,
              25.3691036
            ],
            [
              51.5390355,
              25.3691704
            ],
            [
              51.53912,
              25.368544
            ]
          ]
        ]
      }
    },
    {
      "type": "Feature",
      "properties": {
        "osm_way_id": 202776020,
        "reference_class": "building",
        "last_edit": "2022-07-27T13:03:13Z",
        "source": "OpenStreetMap contributors"
      },
      "geometry": {
        "type": "Polygon",
        "coordinates": [
          [
            [
              51.5391559,
              25.3645345
            ],
            [
              51.5390203,
              25.3644091
            ],
            [
              51.53887,
              25.3645418
            ],
            [
              51.5389175,
              25.3645857
            ],
            [
              51.5389445,
              25.3645618
            ],
            [
              51.5389812,
              25.3645957
            ],
            [
              51.5389236,
              25.3646465
            ],
            [
              51.538975,
              25.3646941
            ],
            [
              51.5391559,
              25.3645345
            ]
          ]
        ]
      }
    },
    {
      "type": "Feature",
      "properties": {
        "osm_way_id": 211654930,
        "reference_class": "building",
        "last_edit": "2022-04-20T04:16:37Z",
        "source": "OpenStreetMap contributors"
      },
      "geometry": {
        "type": "Polygon",
        "coordinates": [
          [
            [
              51.5426613,
              25.3741187
            ],
            [
              51.5427992,
              25.3735183
            ],
            [
              51.5429668,
              25.3735475
            ],
            [
              51.5432975,
              25.373605
            ],
            [
              51.5431729,
              25.3741872
            ],
            [
              51.5430653,
              25.3741767
            ],
            [
              51.5429667,
              25.3741663
            ],
            [
              51.5428967,
              25.3741532
            ],
            [
              51.54281,
              25.3741405
            ],
            [
              51.5426613,
              25.3741187
            ]
          ]
        ]
      }
    },
    {
      "type": "Feature",
      "properties": {
        "osm_way_id": 251387780,
        "reference_class": "building",
        "last_edit": "2021-03-16T10:33:48Z",
        "source": "OpenStreetMap contributors"
      },
      "geometry": {
        "type": "Polygon",
        "coordinates": [
          [
            [
              51.5524086,
              25.3703911
            ],
            [
              51.5532134,
              25.3697032
            ],
            [
              51.5533178,
              25.3696187
            ],
            [
              51.5531767,
              25.3694795
            ],
            [
              51.5530696,
              25.3695714
            ],
            [
              51.5529185,
              25.3694245
            ],
            [
              51.5526742,
              25.3694664
            ],
            [
              51.5522383,
              25.3698407
            ],
            [
              51.5522773,
              25.3698793
            ],
            [
              51.5523179,
              25.369893
            ],
            [
              51.5523578,
              25.369915
            ],
            [
              51.5523937,
              25.3699407
            ],
            [
              51.5524194,
              25.3699737
            ],
            [
              51.5524287,
              25.3699999
            ],
            [
              51.5524279,
              25.3700279
            ],
            [
              51.5524916,
              25.3700909
            ],
            [
              51.5522885,
              25.3702584
            ],
            [
              51.552369,
              25.370344
            ],
            [
              51.5524086,
              25.3703911
            ]
          ]
        ]
      }
    },
    {
      "type": "Feature",
      "properties": {
        "osm_way_id": 251389593,
        "reference_class": "building",
        "last_edit": "2022-07-27T11:59:10Z",
        "source": "OpenStreetMap contributors"
      },
      "geometry": {
        "type": "Polygon",
        "coordinates": [
          [
            [
              51.5553836,
              25.3723501
            ],
            [
              51.5555109,
              25.3723759
            ],
            [
              51.55561,
              25.3720509
            ],
            [
              51.5554827,
              25.3720189
            ],
            [
              51.5553836,
              25.3723501
            ]
          ]
        ]
      }
    },
    {
      "type": "Feature",
      "properties": {
        "osm_way_id": 324802110,
        "reference_class": "building",
        "last_edit": "2021-03-05T18:23:50Z",
        "source": "OpenStreetMap contributors"
      },
      "geometry": {
        "type": "Polygon",
        "coordinates": [
          [
            [
              51.5476751,
              25.3714061
            ],
            [
              51.5475678,
              25.3713479
            ],
            [
              51.5477234,
              25.3711492
            ],
            [
              51.547777,
              25.3711807
            ],
            [
              51.5478,
              25.3711466
            ],
            [
              51.5478602,
              25.3710571
            ],
            [
              51.5478681,
              25.3710616
            ],
            [
              51.5479084,
              25.3710911
            ],
            [
              51.5478816,
              25.3711444
            ],
            [
              51.5479111,
              25.3711589
            ],
            [
              51.547858,
              25.3713015
            ],
            [
              51.5478328,
              25.3712831
            ],
            [
              51.5477819,
              25.3713445
            ],
            [
              51.5477529,
              25.371324
            ],
            [
              51.5476751,
              25.3714061
            ]
          ]
        ]
      }
    },
    {
      "type": "Feature",
      "properties": {
        "osm_way_id": 324802404,
        "reference_class": "building",
        "last_edit": "2021-03-05T18:55:05Z",
        "source": "OpenStreetMap contributors"
      },
      "geometry": {
        "type": "Polygon",
        "coordinates": [
          [
            [
              51.5467858,
              25.3715851
            ],
            [
              51.5468789,
              25.3716517
            ],
            [
              51.546918,
              25.3716109
            ],
            [
              51.547054,
              25.3714694
            ],
            [
              51.5470134,
              25.3714353
            ],
            [
              51.5469116,
              25.3713614
            ],
            [
              51.5468885,
              25.3713846
            ],
            [
              51.5468315,
              25.3713434
            ],
            [
              51.5467597,
              25.3714112
            ],
            [
              51.5468053,
              25.3714476
            ],
            [
              51.5468268,
              25.3714985
            ],
            [
              51.5468187,
              25.3715493
            ],
            [
              51.5467858,
              25.3715851
            ]
          ]
        ]
      }
    },
    {
      "type": "Feature",
      "properties": {
        "osm_way_id": 324810764,
        "reference_class": "building",
        "last_edit": "2026-02-01T07:09:00Z",
        "source": "OpenStreetMap contributors"
      },
      "geometry": {
        "type": "Polygon",
        "coordinates": [
          [
            [
              51.5411919,
              25.3734206
            ],
            [
              51.5414192,
              25.3731422
            ],
            [
              51.5414515,
              25.3731638
            ],
            [
              51.5415125,
              25.3730877
            ],
            [
              51.5415425,
              25.3730523
            ],
            [
              51.5412967,
              25.3728885
            ],
            [
              51.5412107,
              25.3729938
            ],
            [
              51.5412411,
              25.373014
            ],
            [
              51.5411631,
              25.3731096
            ],
            [
              51.5411387,
              25.3730933
            ],
            [
              51.5409895,
              25.3732761
            ],
            [
              51.540918,
              25.3732285
            ],
            [
              51.5408202,
              25.3733484
            ],
            [
              51.5411863,
              25.3735924
            ],
            [
              51.5412479,
              25.373517
            ],
            [
              51.5412791,
              25.3734787
            ],
            [
              51.5411919,
              25.3734206
            ]
          ]
        ]
      }
    },
    {
      "type": "Feature",
      "properties": {
        "osm_way_id": 362100252,
        "reference_class": "building",
        "last_edit": "2026-02-11T06:59:50Z",
        "source": "OpenStreetMap contributors"
      },
      "geometry": {
        "type": "Polygon",
        "coordinates": [
          [
            [
              51.5498957,
              25.3682464
            ],
            [
              51.5498469,
              25.3680044
            ],
            [
              51.5496939,
              25.3672458
            ],
            [
              51.5504533,
              25.3671265
            ],
            [
              51.5505696,
              25.367731
            ],
            [
              51.5505449,
              25.3678608
            ],
            [
              51.5505322,
              25.3681364
            ],
            [
              51.5500907,
              25.3682127
            ],
            [
              51.5498957,
              25.3682464
            ]
          ]
        ]
      }
    },
    {
      "type": "Feature",
      "properties": {
        "osm_way_id": 362100363,
        "reference_class": "building",
        "last_edit": "2026-02-11T06:59:50Z",
        "source": "OpenStreetMap contributors"
      },
      "geometry": {
        "type": "Polygon",
        "coordinates": [
          [
            [
              51.5518159,
              25.3674716
            ],
            [
              51.5517524,
              25.3670359
            ],
            [
              51.5524078,
              25.3669506
            ],
            [
              51.5525695,
              25.3677994
            ],
            [
              51.5518125,
              25.3679477
            ],
            [
              51.5517571,
              25.367784
            ],
            [
              51.5516654,
              25.3676468
            ],
            [
              51.5515613,
              25.3675155
            ],
            [
              51.5518159,
              25.3674716
            ]
          ]
        ]
      }
    },
    {
      "type": "Feature",
      "properties": {
        "osm_way_id": 446414604,
        "reference_class": "building",
        "last_edit": "2022-03-20T16:56:58Z",
        "source": "OpenStreetMap contributors"
      },
      "geometry": {
        "type": "Polygon",
        "coordinates": [
          [
            [
              51.5457199,
              25.3751064
            ],
            [
              51.5460327,
              25.37526
            ],
            [
              51.5461084,
              25.3751389
            ],
            [
              51.5457942,
              25.3749901
            ],
            [
              51.5457199,
              25.3751064
            ]
          ]
        ]
      }
    },
    {
      "type": "Feature",
      "properties": {
        "osm_way_id": 448263824,
        "reference_class": "building",
        "last_edit": "2022-10-14T11:00:24Z",
        "source": "OpenStreetMap contributors"
      },
      "geometry": {
        "type": "Polygon",
        "coordinates": [
          [
            [
              51.5460126,
              25.3750029
            ],
            [
              51.5460907,
              25.3750447
            ],
            [
              51.5461606,
              25.3749381
            ],
            [
              51.5460825,
              25.3748963
            ],
            [
              51.5460126,
              25.3750029
            ]
          ]
        ]
      }
    },
    {
      "type": "Feature",
      "properties": {
        "osm_way_id": 449691514,
        "reference_class": "building",
        "last_edit": "2016-10-27T12:07:34Z",
        "source": "OpenStreetMap contributors"
      },
      "geometry": {
        "type": "Polygon",
        "coordinates": [
          [
            [
              51.5462239,
              25.3750408
            ],
            [
              51.5462747,
              25.37507
            ],
            [
              51.5463464,
              25.3749682
            ],
            [
              51.5462955,
              25.374939
            ],
            [
              51.5462239,
              25.3750408
            ]
          ]
        ]
      }
    },
    {
      "type": "Feature",
      "properties": {
        "osm_way_id": 489605874,
        "reference_class": "building",
        "last_edit": "2022-01-12T14:44:13Z",
        "source": "OpenStreetMap contributors"
      },
      "geometry": {
        "type": "Polygon",
        "coordinates": [
          [
            [
              51.5536176,
              25.3728117
            ],
            [
              51.553859,
              25.3726767
            ],
            [
              51.5536291,
              25.3723411
            ],
            [
              51.5535755,
              25.372371
            ],
            [
              51.5534795,
              25.3722308
            ],
            [
              51.5532916,
              25.3723359
            ],
            [
              51.5536176,
              25.3728117
            ]
          ]
        ]
      }
    },
    {
      "type": "Feature",
      "properties": {
        "osm_way_id": 489605875,
        "reference_class": "building",
        "last_edit": "2022-07-27T14:27:11Z",
        "source": "OpenStreetMap contributors"
      },
      "geometry": {
        "type": "Polygon",
        "coordinates": [
          [
            [
              51.5518401,
              25.3716055
            ],
            [
              51.552206,
              25.3714029
            ],
            [
              51.5522718,
              25.3715051
            ],
            [
              51.5524606,
              25.3714077
            ],
            [
              51.5524863,
              25.3714518
            ],
            [
              51.5525718,
              25.371411
            ],
            [
              51.5535485,
              25.3728364
            ],
            [
              51.5530901,
              25.373096
            ],
            [
              51.5527333,
              25.3726111
            ],
            [
              51.5525916,
              25.3726881
            ],
            [
              51.55236,
              25.3723402
            ],
            [
              51.5525275,
              25.3722492
            ],
            [
              51.5524824,
              25.3721815
            ],
            [
              51.5522474,
              25.3718293
            ],
            [
              51.5520652,
              25.3719341
            ],
            [
              51.5518401,
              25.3716055
            ]
          ]
        ]
      }
    },
    {
      "type": "Feature",
      "properties": {
        "osm_way_id": 489619959,
        "reference_class": "building",
        "last_edit": "2026-02-11T06:59:50Z",
        "source": "OpenStreetMap contributors"
      },
      "geometry": {
        "type": "Polygon",
        "coordinates": [
          [
            [
              51.5534289,
              25.3697999
            ],
            [
              51.5535866,
              25.3699442
            ],
            [
              51.5534903,
              25.3700157
            ],
            [
              51.5534773,
              25.370002
            ],
            [
              51.5532831,
              25.3701697
            ],
            [
              51.5532818,
              25.3702404
            ],
            [
              51.5532778,
              25.3703026
            ],
            [
              51.5532641,
              25.3703788
            ],
            [
              51.5532021,
              25.3704962
            ],
            [
              51.5531646,
              25.3705456
            ],
            [
              51.5531903,
              25.3705669
            ],
            [
              51.5530257,
              25.3706972
            ],
            [
              51.5530051,
              25.370673
            ],
            [
              51.5529019,
              25.3707139
            ],
            [
              51.5527838,
              25.3707423
            ],
            [
              51.5526708,
              25.3707471
            ],
            [
              51.5525835,
              25.3707251
            ],
            [
              51.5524461,
              25.3706873
            ],
            [
              51.5524197,
              25.3706685
            ],
            [
              51.5525216,
              25.37051
            ],
            [
              51.552585,
              25.3705408
            ],
            [
              51.552665,
              25.37056
            ],
            [
              51.5527278,
              25.3705698
            ],
            [
              51.5528168,
              25.370555
            ],
            [
              51.5529077,
              25.3705159
            ],
            [
              51.5529669,
              25.3704701
            ],
            [
              51.5530181,
              25.3704235
            ],
            [
              51.5530561,
              25.3703608
            ],
            [
              51.5530735,
              25.3702864
            ],
            [
              51.5530686,
              25.3701907
            ],
            [
              51.5530529,
              25.3701048
            ],
            [
              51.5534289,
              25.3697999
            ]
          ]
        ]
      }
    },
    {
      "type": "Feature",
      "properties": {
        "osm_way_id": 489655652,
        "reference_class": "building",
        "last_edit": "2022-10-13T21:03:08Z",
        "source": "OpenStreetMap contributors"
      },
      "geometry": {
        "type": "Polygon",
        "coordinates": [
          [
            [
              51.5508641,
              25.3693469
            ],
            [
              51.551076,
              25.3692245
            ],
            [
              51.5510237,
              25.369137
            ],
            [
              51.5508053,
              25.3692684
            ],
            [
              51.5508641,
              25.3693469
            ]
          ]
        ]
      }
    },
    {
      "type": "Feature",
      "properties": {
        "osm_way_id": 489659921,
        "reference_class": "building",
        "last_edit": "2021-02-28T09:02:52Z",
        "source": "OpenStreetMap contributors"
      },
      "geometry": {
        "type": "Polygon",
        "coordinates": [
          [
            [
              51.5516533,
              25.3691385
            ],
            [
              51.5517059,
              25.3691425
            ],
            [
              51.5517421,
              25.3691457
            ],
            [
              51.5517902,
              25.3691553
            ],
            [
              51.5518343,
              25.3691668
            ],
            [
              51.5518841,
              25.3691851
            ],
            [
              51.5519113,
              25.3691089
            ],
            [
              51.5518409,
              25.3690873
            ],
            [
              51.5517388,
              25.3690689
            ],
            [
              51.5516624,
              25.3690661
            ],
            [
              51.5516533,
              25.3691385
            ]
          ]
        ]
      }
    },
    {
      "type": "Feature",
      "properties": {
        "osm_way_id": 489659922,
        "reference_class": "building",
        "last_edit": "2022-07-27T11:59:10Z",
        "source": "OpenStreetMap contributors"
      },
      "geometry": {
        "type": "Polygon",
        "coordinates": [
          [
            [
              51.5505243,
              25.3696385
            ],
            [
              51.5505532,
              25.3696486
            ],
            [
              51.5505675,
              25.3696125
            ],
            [
              51.5506575,
              25.3696442
            ],
            [
              51.5506424,
              25.36968
            ],
            [
              51.5506763,
              25.369692
            ],
            [
              51.5506186,
              25.3698227
            ],
            [
              51.5505844,
              25.3698081
            ],
            [
              51.5505319,
              25.3697857
            ],
            [
              51.5504702,
              25.369764
            ],
            [
              51.5505164,
              25.3696569
            ],
            [
              51.5505243,
              25.3696385
            ]
          ]
        ]
      }
    },
    {
      "type": "Feature",
      "properties": {
        "osm_way_id": 489659923,
        "reference_class": "building",
        "last_edit": "2022-07-27T11:59:10Z",
        "source": "OpenStreetMap contributors"
      },
      "geometry": {
        "type": "Polygon",
        "coordinates": [
          [
            [
              51.5505319,
              25.3697857
            ],
            [
              51.5503185,
              25.3698182
            ],
            [
              51.5502317,
              25.3698314
            ],
            [
              51.5501991,
              25.3696707
            ],
            [
              51.5504657,
              25.3696337
            ],
            [
              51.5505164,
              25.3696569
            ],
            [
              51.5504702,
              25.369764
            ],
            [
              51.5505319,
              25.3697857
            ]
          ]
        ]
      }
    },
    {
      "type": "Feature",
      "properties": {
        "osm_way_id": 489662545,
        "reference_class": "building",
        "last_edit": "2021-03-07T09:23:44Z",
        "source": "OpenStreetMap contributors"
      },
      "geometry": {
        "type": "Polygon",
        "coordinates": [
          [
            [
              51.5527081,
              25.36898
            ],
            [
              51.5529496,
              25.3689493
            ],
            [
              51.5529545,
              25.3689807
            ],
            [
              51.5529886,
              25.368991
            ],
            [
              51.5530159,
              25.3690279
            ],
            [
              51.5529977,
              25.3690669
            ],
            [
              51.5529659,
              25.3690936
            ],
            [
              51.5529205,
              25.3690957
            ],
            [
              51.5528841,
              25.3690875
            ],
            [
              51.552728,
              25.3691073
            ],
            [
              51.5527081,
              25.36898
            ]
          ]
        ]
      }
    },
    {
      "type": "Feature",
      "properties": {
        "osm_way_id": 489662546,
        "reference_class": "building",
        "last_edit": "2026-02-11T06:59:50Z",
        "source": "OpenStreetMap contributors"
      },
      "geometry": {
        "type": "Polygon",
        "coordinates": [
          [
            [
              51.5527111,
              25.3691497
            ],
            [
              51.5523738,
              25.3691912
            ],
            [
              51.5522353,
              25.3690903
            ],
            [
              51.5520522,
              25.3690217
            ],
            [
              51.5517082,
              25.3689712
            ],
            [
              51.5517143,
              25.3689299
            ],
            [
              51.5517256,
              25.368819
            ],
            [
              51.5517642,
              25.3686856
            ],
            [
              51.5517801,
              25.3685728
            ],
            [
              51.5517778,
              25.3684927
            ],
            [
              51.551737,
              25.368306
            ],
            [
              51.5526072,
              25.3681444
            ],
            [
              51.5526213,
              25.3682156
            ],
            [
              51.5526961,
              25.3682026
            ],
            [
              51.5527187,
              25.3683132
            ],
            [
              51.552161,
              25.368434
            ],
            [
              51.5521733,
              25.368553
            ],
            [
              51.5522009,
              25.3685828
            ],
            [
              51.5522269,
              25.3686423
            ],
            [
              51.552246,
              25.368699
            ],
            [
              51.5522532,
              25.3687645
            ],
            [
              51.5522316,
              25.3688004
            ],
            [
              51.5522471,
              25.3688854
            ],
            [
              51.5522903,
              25.3688808
            ],
            [
              51.5523071,
              25.3689557
            ],
            [
              51.5526474,
              25.3688983
            ],
            [
              51.5527111,
              25.3691497
            ]
          ]
        ]
      }
    },
    {
      "type": "Feature",
      "properties": {
        "osm_way_id": 489671064,
        "reference_class": "building",
        "last_edit": "2022-04-20T18:16:45Z",
        "source": "OpenStreetMap contributors"
      },
      "geometry": {
        "type": "Polygon",
        "coordinates": [
          [
            [
              51.5487545,
              25.3687413
            ],
            [
              51.5488267,
              25.3687408
            ],
            [
              51.5495093,
              25.3687362
            ],
            [
              51.5495134,
              25.3692174
            ],
            [
              51.5487586,
              25.3692227
            ],
            [
              51.5487545,
              25.3687413
            ]
          ]
        ]
      }
    },
    {
      "type": "Feature",
      "properties": {
        "osm_way_id": 489858906,
        "reference_class": "building",
        "last_edit": "2022-08-02T16:25:37Z",
        "source": "OpenStreetMap contributors"
      },
      "geometry": {
        "type": "Polygon",
        "coordinates": [
          [
            [
              51.5404405,
              25.3650342
            ],
            [
              51.5404945,
              25.3649645
            ],
            [
              51.5409888,
              25.365277
            ],
            [
              51.5408874,
              25.3654079
            ],
            [
              51.5408397,
              25.3654696
            ],
            [
              51.5409896,
              25.3655638
            ],
            [
              51.5410017,
              25.365619
            ],
            [
              51.5410592,
              25.3656087
            ],
            [
              51.5410836,
              25.3657198
            ],
            [
              51.5411044,
              25.365815
            ],
            [
              51.541124,
              25.365817
            ],
            [
              51.5411432,
              25.365825
            ],
            [
              51.5411586,
              25.3658381
            ],
            [
              51.5411687,
              25.3658549
            ],
            [
              51.5411724,
              25.3658737
            ],
            [
              51.5411693,
              25.3658929
            ],
            [
              51.5411608,
              25.3659086
            ],
            [
              51.5411474,
              25.3659215
            ],
            [
              51.5411296,
              25.3659305
            ],
            [
              51.5411143,
              25.3660423
            ],
            [
              51.5410146,
              25.3660532
            ],
            [
              51.5409021,
              25.3661953
            ],
            [
              51.5407219,
              25.3660789
            ],
            [
              51.5408164,
              25.3659594
            ],
            [
              51.5407989,
              25.3658982
            ],
            [
              51.5407916,
              25.3658713
            ],
            [
              51.5402456,
              25.3655627
            ],
            [
              51.5399915,
              25.3654159
            ],
            [
              51.5400085,
              25.3653404
            ],
            [
              51.5399677,
              25.3652464
            ],
            [
              51.5398741,
              25.3651843
            ],
            [
              51.5397696,
              25.3651692
            ],
            [
              51.5397289,
              25.3649996
            ],
            [
              51.5397476,
              25.3649436
            ],
            [
              51.5398163,
              25.3649758
            ],
            [
              51.5398561,
              25.3649067
            ],
            [
              51.5399612,
              25.364956
            ],
            [
              51.5399261,
              25.365017
            ],
            [
              51.5399776,
              25.3650427
            ],
            [
              51.540055,
              25.3650776
            ],
            [
              51.5402468,
              25.3648473
            ],
            [
              51.540279,
              25.3648608
            ],
            [
              51.5403211,
              25.3648988
            ],
            [
              51.5403211,
              25.3649682
            ],
            [
              51.5404405,
              25.3650342
            ]
          ]
        ]
      }
    },
    {
      "type": "Feature",
      "properties": {
        "osm_way_id": 489870255,
        "reference_class": "building",
        "last_edit": "2022-05-06T02:06:01Z",
        "source": "OpenStreetMap contributors"
      },
      "geometry": {
        "type": "Polygon",
        "coordinates": [
          [
            [
              51.5394722,
              25.3704566
            ],
            [
              51.5397207,
              25.3704212
            ],
            [
              51.5397066,
              25.3703405
            ],
            [
              51.5398637,
              25.3703181
            ],
            [
              51.539797,
              25.3702609
            ],
            [
              51.5397724,
              25.3702462
            ],
            [
              51.5397979,
              25.3702205
            ],
            [
              51.5398276,
              25.3701965
            ],
            [
              51.539791,
              25.3699701
            ],
            [
              51.5396748,
              25.3699855
            ],
            [
              51.5396465,
              25.3698101
            ],
            [
              51.5396377,
              25.3697558
            ],
            [
              51.5394573,
              25.3697777
            ],
            [
              51.5394196,
              25.3697823
            ],
            [
              51.5394722,
              25.3704566
            ]
          ]
        ]
      }
    },
    {
      "type": "Feature",
      "properties": {
        "osm_way_id": 489870261,
        "reference_class": "building",
        "last_edit": "2024-02-03T14:37:12Z",
        "source": "OpenStreetMap contributors"
      },
      "geometry": {
        "type": "Polygon",
        "coordinates": [
          [
            [
              51.5398637,
              25.3703181
            ],
            [
              51.5398927,
              25.3702877
            ],
            [
              51.5399198,
              25.3702692
            ],
            [
              51.5399622,
              25.370232
            ],
            [
              51.5400181,
              25.3702048
            ],
            [
              51.5400435,
              25.3701924
            ],
            [
              51.5401948,
              25.370192
            ],
            [
              51.5403208,
              25.370244
            ],
            [
              51.5403973,
              25.3703169
            ],
            [
              51.5404172,
              25.3703099
            ],
            [
              51.5405481,
              25.3702704
            ],
            [
              51.5405234,
              25.370211
            ],
            [
              51.5404083,
              25.3698506
            ],
            [
              51.5403362,
              25.3698199
            ],
            [
              51.5402783,
              25.3697877
            ],
            [
              51.5401872,
              25.369735
            ],
            [
              51.5398861,
              25.369772
            ],
            [
              51.5399127,
              25.3699718
            ],
            [
              51.5399824,
              25.36997
            ],
            [
              51.540007,
              25.3700403
            ],
            [
              51.5400868,
              25.3700255
            ],
            [
              51.5401155,
              25.3700884
            ],
            [
              51.5400206,
              25.3701262
            ],
            [
              51.5399247,
              25.3701543
            ],
            [
              51.5398407,
              25.3702021
            ],
            [
              51.539797,
              25.3702609
            ],
            [
              51.5398637,
              25.3703181
            ]
          ]
        ]
      }
    },
    {
      "type": "Feature",
      "properties": {
        "osm_way_id": 489870262,
        "reference_class": "building",
        "last_edit": "2022-05-01T04:28:38Z",
        "source": "OpenStreetMap contributors"
      },
      "geometry": {
        "type": "Polygon",
        "coordinates": [
          [
            [
              51.5404172,
              25.3703099
            ],
            [
              51.54043,
              25.370351
            ],
            [
              51.5404507,
              25.3704047
            ],
            [
              51.5404702,
              25.3704826
            ],
            [
              51.5406635,
              25.3704292
            ],
            [
              51.5407615,
              25.3704009
            ],
            [
              51.5407296,
              25.3703199
            ],
            [
              51.5406917,
              25.370216
            ],
            [
              51.5406738,
              25.3701671
            ],
            [
              51.540608,
              25.3701868
            ],
            [
              51.5405234,
              25.370211
            ],
            [
              51.5405481,
              25.3702704
            ],
            [
              51.5404172,
              25.3703099
            ]
          ]
        ]
      }
    },
    {
      "type": "Feature",
      "properties": {
        "osm_way_id": 489870263,
        "reference_class": "building",
        "last_edit": "2022-04-27T13:31:34Z",
        "source": "OpenStreetMap contributors"
      },
      "geometry": {
        "type": "Polygon",
        "coordinates": [
          [
            [
              51.5405684,
              25.3704532
            ],
            [
              51.5404702,
              25.3704826
            ],
            [
              51.540434,
              25.3704982
            ],
            [
              51.5403831,
              25.3706193
            ],
            [
              51.5403444,
              25.3706546
            ],
            [
              51.5402523,
              25.3707107
            ],
            [
              51.5401279,
              25.3707316
            ],
            [
              51.5401266,
              25.3707396
            ],
            [
              51.5401108,
              25.3708113
            ],
            [
              51.5401724,
              25.3708104
            ],
            [
              51.5402386,
              25.3707964
            ],
            [
              51.540318,
              25.3709563
            ],
            [
              51.5403496,
              25.3710137
            ],
            [
              51.5406551,
              25.3709264
            ],
            [
              51.540751,
              25.3707861
            ],
            [
              51.5406701,
              25.3705558
            ],
            [
              51.5406378,
              25.3704912
            ],
            [
              51.5406154,
              25.3704421
            ],
            [
              51.5405684,
              25.3704532
            ]
          ]
        ]
      }
    },
    {
      "type": "Feature",
      "properties": {
        "osm_way_id": 489871442,
        "reference_class": "building",
        "last_edit": "2022-03-19T08:24:55Z",
        "source": "OpenStreetMap contributors"
      },
      "geometry": {
        "type": "Polygon",
        "coordinates": [
          [
            [
              51.5399657,
              25.3707419
            ],
            [
              51.5398167,
              25.3706955
            ],
            [
              51.5397062,
              25.3707465
            ],
            [
              51.539686,
              25.3707098
            ],
            [
              51.5394415,
              25.370827
            ],
            [
              51.5395182,
              25.3709589
            ],
            [
              51.5397077,
              25.3713389
            ],
            [
              51.5398854,
              25.3712549
            ],
            [
              51.5396788,
              25.370899
            ],
            [
              51.5398731,
              25.3707993
            ],
            [
              51.5399538,
              25.3707916
            ],
            [
              51.5401108,
              25.3708113
            ],
            [
              51.5401279,
              25.3707316
            ],
            [
              51.5399884,
              25.3707051
            ],
            [
              51.5399657,
              25.3707419
            ]
          ]
        ]
      }
    },
    {
      "type": "Feature",
      "properties": {
        "osm_way_id": 489871443,
        "reference_class": "building",
        "last_edit": "2026-02-01T07:09:00Z",
        "source": "OpenStreetMap contributors"
      },
      "geometry": {
        "type": "Polygon",
        "coordinates": [
          [
            [
              51.5387613,
              25.3711296
            ],
            [
              51.5393449,
              25.3708657
            ],
            [
              51.5394163,
              25.3709976
            ],
            [
              51.5394889,
              25.3711289
            ],
            [
              51.5389059,
              25.3713916
            ],
            [
              51.5387613,
              25.3711296
            ]
          ]
        ]
      }
    },
    {
      "type": "Feature",
      "properties": {
        "osm_way_id": 496237254,
        "reference_class": "building",
        "last_edit": "2026-02-01T07:09:00Z",
        "source": "OpenStreetMap contributors"
      },
      "geometry": {
        "type": "Polygon",
        "coordinates": [
          [
            [
              51.5391812,
              25.3680397
            ],
            [
              51.53858,
              25.3679763
            ],
            [
              51.5385158,
              25.3684738
            ],
            [
              51.539117,
              25.3685372
            ],
            [
              51.5391812,
              25.3680397
            ]
          ]
        ]
      }
    },
    {
      "type": "Feature",
      "properties": {
        "osm_way_id": 496237255,
        "reference_class": "building",
        "last_edit": "2026-02-01T07:09:00Z",
        "source": "OpenStreetMap contributors"
      },
      "geometry": {
        "type": "Polygon",
        "coordinates": [
          [
            [
              51.5390941,
              25.3701581
            ],
            [
              51.5384397,
              25.3702425
            ],
            [
              51.5385152,
              25.3706246
            ],
            [
              51.5386157,
              25.3706103
            ],
            [
              51.5386535,
              25.3706049
            ],
            [
              51.5391509,
              25.370534
            ],
            [
              51.5390941,
              25.3701581
            ]
          ]
        ]
      }
    },
    {
      "type": "Feature",
      "properties": {
        "osm_way_id": 513596531,
        "reference_class": "building",
        "last_edit": "2022-07-27T11:59:10Z",
        "source": "OpenStreetMap contributors"
      },
      "geometry": {
        "type": "Polygon",
        "coordinates": [
          [
            [
              51.5496231,
              25.3712329
            ],
            [
              51.5500898,
              25.3713638
            ],
            [
              51.5503527,
              25.3705616
            ],
            [
              51.5502531,
              25.3704876
            ],
            [
              51.5501026,
              25.3703919
            ],
            [
              51.5499947,
              25.37034
            ],
            [
              51.5499706,
              25.3703292
            ],
            [
              51.5499396,
              25.3703264
            ],
            [
              51.5499208,
              25.3703426
            ],
            [
              51.5499144,
              25.3703668
            ],
            [
              51.5498001,
              25.3707839
            ],
            [
              51.5497444,
              25.3708182
            ],
            [
              51.549722,
              25.3708824
            ],
            [
              51.5497454,
              25.3709452
            ],
            [
              51.5496231,
              25.3712329
            ]
          ]
        ]
      }
    },
    {
      "type": "Feature",
      "properties": {
        "osm_way_id": 548158181,
        "reference_class": "building",
        "last_edit": "2026-02-01T07:09:00Z",
        "source": "OpenStreetMap contributors"
      },
      "geometry": {
        "type": "Polygon",
        "coordinates": [
          [
            [
              51.5558425,
              25.3703435
            ],
            [
              51.5559198,
              25.3700939
            ],
            [
              51.5559845,
              25.3701102
            ],
            [
              51.5560127,
              25.3700191
            ],
            [
              51.5562642,
              25.3700826
            ],
            [
              51.5562442,
              25.3701474
            ],
            [
              51.5563116,
              25.3701645
            ],
            [
              51.5562261,
              25.3704405
            ],
            [
              51.5558425,
              25.3703435
            ]
          ]
        ]
      }
    },
    {
      "type": "Feature",
      "properties": {
        "osm_way_id": 548158182,
        "reference_class": "building",
        "last_edit": "2026-02-01T07:09:00Z",
        "source": "OpenStreetMap contributors"
      },
      "geometry": {
        "type": "Polygon",
        "coordinates": [
          [
            [
              51.5551326,
              25.3700817
            ],
            [
              51.5552677,
              25.3698103
            ],
            [
              51.5553413,
              25.3698403
            ],
            [
              51.5553735,
              25.3697756
            ],
            [
              51.555626,
              25.3698782
            ],
            [
              51.5555891,
              25.3699523
            ],
            [
              51.5556506,
              25.3699773
            ],
            [
              51.5555202,
              25.3702392
            ],
            [
              51.5551326,
              25.3700817
            ]
          ]
        ]
      }
    },
    {
      "type": "Feature",
      "properties": {
        "osm_way_id": 548166225,
        "reference_class": "building",
        "last_edit": "2022-02-03T16:14:21Z",
        "source": "OpenStreetMap contributors"
      },
      "geometry": {
        "type": "Polygon",
        "coordinates": [
          [
            [
              51.5525622,
              25.3644922
            ],
            [
              51.5524697,
              25.3643026
            ],
            [
              51.5523839,
              25.3643401
            ],
            [
              51.5524764,
              25.3645243
            ],
            [
              51.5525622,
              25.3644922
            ]
          ]
        ]
      }
    },
    {
      "type": "Feature",
      "properties": {
        "osm_way_id": 548166226,
        "reference_class": "building",
        "last_edit": "2017-12-20T15:10:00Z",
        "source": "OpenStreetMap contributors"
      },
      "geometry": {
        "type": "Polygon",
        "coordinates": [
          [
            [
              51.5515986,
              25.3639816
            ],
            [
              51.5517877,
              25.3639804
            ],
            [
              51.5518092,
              25.3641198
            ],
            [
              51.5515919,
              25.3641174
            ],
            [
              51.5515986,
              25.3639816
            ]
          ]
        ]
      }
    },
    {
      "type": "Feature",
      "properties": {
        "osm_way_id": 548166227,
        "reference_class": "building",
        "last_edit": "2017-12-20T15:10:00Z",
        "source": "OpenStreetMap contributors"
      },
      "geometry": {
        "type": "Polygon",
        "coordinates": [
          [
            [
              51.5513264,
              25.3641004
            ],
            [
              51.5515356,
              25.3641331
            ],
            [
              51.551553,
              25.3639586
            ],
            [
              51.55149,
              25.3639489
            ],
            [
              51.5514645,
              25.3640156
            ],
            [
              51.5514082,
              25.3640047
            ],
            [
              51.5514176,
              25.3639162
            ],
            [
              51.5513585,
              25.3639138
            ],
            [
              51.5513264,
              25.3641004
            ]
          ]
        ]
      }
    },
    {
      "type": "Feature",
      "properties": {
        "osm_way_id": 548166228,
        "reference_class": "building",
        "last_edit": "2017-12-20T15:10:00Z",
        "source": "OpenStreetMap contributors"
      },
      "geometry": {
        "type": "Polygon",
        "coordinates": [
          [
            [
              51.5506746,
              25.3632327
            ],
            [
              51.5508194,
              25.3633054
            ],
            [
              51.55081,
              25.3633479
            ],
            [
              51.5508355,
              25.3633709
            ],
            [
              51.5507215,
              25.3634739
            ],
            [
              51.5506867,
              25.3634521
            ],
            [
              51.5507229,
              25.3633854
            ],
            [
              51.5506585,
              25.3633527
            ],
            [
              51.5506183,
              25.3633988
            ],
            [
              51.5505525,
              25.3633624
            ],
            [
              51.5506746,
              25.3632327
            ]
          ]
        ]
      }
    },
    {
      "type": "Feature",
      "properties": {
        "osm_way_id": 548166229,
        "reference_class": "building",
        "last_edit": "2017-12-20T15:10:00Z",
        "source": "OpenStreetMap contributors"
      },
      "geometry": {
        "type": "Polygon",
        "coordinates": [
          [
            [
              51.5508704,
              25.3634254
            ],
            [
              51.550971,
              25.3635502
            ],
            [
              51.5508033,
              25.3636351
            ],
            [
              51.5507148,
              25.363543
            ],
            [
              51.5508704,
              25.3634254
            ]
          ]
        ]
      }
    },
    {
      "type": "Feature",
      "properties": {
        "osm_way_id": 548166230,
        "reference_class": "building",
        "last_edit": "2017-12-20T15:10:00Z",
        "source": "OpenStreetMap contributors"
      },
      "geometry": {
        "type": "Polygon",
        "coordinates": [
          [
            [
              51.551148,
              25.3638556
            ],
            [
              51.5512848,
              25.3639332
            ],
            [
              51.5512043,
              25.3640422
            ],
            [
              51.5510648,
              25.3639695
            ],
            [
              51.551148,
              25.3638556
            ]
          ]
        ]
      }
    },
    {
      "type": "Feature",
      "properties": {
        "osm_way_id": 548166231,
        "reference_class": "building",
        "last_edit": "2017-12-20T15:10:00Z",
        "source": "OpenStreetMap contributors"
      },
      "geometry": {
        "type": "Polygon",
        "coordinates": [
          [
            [
              51.5490612,
              25.3635648
            ],
            [
              51.5491685,
              25.363652
            ],
            [
              51.5491202,
              25.3636932
            ],
            [
              51.549143,
              25.3637526
            ],
            [
              51.5489539,
              25.3637999
            ],
            [
              51.5489016,
              25.3636375
            ],
            [
              51.5489875,
              25.3636302
            ],
            [
              51.5490612,
              25.3635648
            ]
          ]
        ]
      }
    },
    {
      "type": "Feature",
      "properties": {
        "osm_way_id": 548166232,
        "reference_class": "building",
        "last_edit": "2017-12-20T15:10:00Z",
        "source": "OpenStreetMap contributors"
      },
      "geometry": {
        "type": "Polygon",
        "coordinates": [
          [
            [
              51.5490974,
              25.3633661
            ],
            [
              51.5491994,
              25.3634291
            ],
            [
              51.5493281,
              25.3634364
            ],
            [
              51.5494515,
              25.3633952
            ],
            [
              51.5495561,
              25.3633515
            ],
            [
              51.5495856,
              25.3633394
            ],
            [
              51.5495936,
              25.3632715
            ],
            [
              51.5496848,
              25.3632958
            ],
            [
              51.5497733,
              25.3632812
            ],
            [
              51.5498216,
              25.3632449
            ],
            [
              51.5499048,
              25.3632279
            ],
            [
              51.5499638,
              25.3632425
            ],
            [
              51.5499879,
              25.3631019
            ],
            [
              51.5499852,
              25.3630776
            ],
            [
              51.5498458,
              25.3630486
            ],
            [
              51.5497546,
              25.3630486
            ],
            [
              51.5497733,
              25.3631067
            ],
            [
              51.549768,
              25.3631746
            ],
            [
              51.5497224,
              25.3631964
            ],
            [
              51.5496151,
              25.3631722
            ],
            [
              51.5495293,
              25.3631504
            ],
            [
              51.5494542,
              25.3631601
            ],
            [
              51.5494247,
              25.3632061
            ],
            [
              51.5494381,
              25.3632522
            ],
            [
              51.5494139,
              25.3633176
            ],
            [
              51.5493576,
              25.3633515
            ],
            [
              51.5493066,
              25.3633467
            ],
            [
              51.549202,
              25.36332
            ],
            [
              51.5491457,
              25.3633031
            ],
            [
              51.5490974,
              25.3633661
            ]
          ]
        ]
      }
    },
    {
      "type": "Feature",
      "properties": {
        "osm_way_id": 548166234,
        "reference_class": "building",
        "last_edit": "2022-07-27T15:51:24Z",
        "source": "OpenStreetMap contributors"
      },
      "geometry": {
        "type": "Polygon",
        "coordinates": [
          [
            [
              51.5474105,
              25.3644201
            ],
            [
              51.5476466,
              25.3645462
            ],
            [
              51.5475124,
              25.3647352
            ],
            [
              51.5472871,
              25.3646116
            ],
            [
              51.5474105,
              25.3644201
            ]
          ]
        ]
      }
    },
    {
      "type": "Feature",
      "properties": {
        "osm_way_id": 548166235,
        "reference_class": "building",
        "last_edit": "2022-07-27T15:51:24Z",
        "source": "OpenStreetMap contributors"
      },
      "geometry": {
        "type": "Polygon",
        "coordinates": [
          [
            [
              51.5469466,
              25.3642349
            ],
            [
              51.5471817,
              25.364317
            ],
            [
              51.5471036,
              25.3644996
            ],
            [
              51.5468685,
              25.3644175
            ],
            [
              51.5469466,
              25.3642349
            ]
          ]
        ]
      }
    },
    {
      "type": "Feature",
      "properties": {
        "osm_way_id": 548166236,
        "reference_class": "building",
        "last_edit": "2022-07-27T15:51:24Z",
        "source": "OpenStreetMap contributors"
      },
      "geometry": {
        "type": "Polygon",
        "coordinates": [
          [
            [
              51.5466384,
              25.3641152
            ],
            [
              51.5468512,
              25.364182
            ],
            [
              51.5467896,
              25.3643423
            ],
            [
              51.5465768,
              25.3642755
            ],
            [
              51.5466384,
              25.3641152
            ]
          ]
        ]
      }
    },
    {
      "type": "Feature",
      "properties": {
        "osm_way_id": 548166237,
        "reference_class": "building",
        "last_edit": "2022-07-27T15:51:24Z",
        "source": "OpenStreetMap contributors"
      },
      "geometry": {
        "type": "Polygon",
        "coordinates": [
          [
            [
              51.5463104,
              25.3639645
            ],
            [
              51.5465556,
              25.3640437
            ],
            [
              51.546486,
              25.3642421
            ],
            [
              51.5462311,
              25.3641645
            ],
            [
              51.5463104,
              25.3639645
            ]
          ]
        ]
      }
    },
    {
      "type": "Feature",
      "properties": {
        "osm_way_id": 548166238,
        "reference_class": "building",
        "last_edit": "2022-07-27T15:51:24Z",
        "source": "OpenStreetMap contributors"
      },
      "geometry": {
        "type": "Polygon",
        "coordinates": [
          [
            [
              51.5459728,
              25.3638451
            ],
            [
              51.5462386,
              25.363934
            ],
            [
              51.5461483,
              25.3641508
            ],
            [
              51.5458967,
              25.3640731
            ],
            [
              51.5459728,
              25.3638451
            ]
          ]
        ]
      }
    },
    {
      "type": "Feature",
      "properties": {
        "osm_way_id": 548166239,
        "reference_class": "building",
        "last_edit": "2026-02-01T07:09:00Z",
        "source": "OpenStreetMap contributors"
      },
      "geometry": {
        "type": "Polygon",
        "coordinates": [
          [
            [
              51.5438264,
              25.3644535
            ],
            [
              51.5442472,
              25.3644769
            ],
            [
              51.5442181,
              25.3649049
            ],
            [
              51.5437973,
              25.3648816
            ],
            [
              51.5438264,
              25.3644535
            ]
          ]
        ]
      }
    },
    {
      "type": "Feature",
      "properties": {
        "osm_way_id": 548166243,
        "reference_class": "building",
        "last_edit": "2026-02-01T07:09:00Z",
        "source": "OpenStreetMap contributors"
      },
      "geometry": {
        "type": "Polygon",
        "coordinates": [
          [
            [
              51.5404637,
              25.3725551
            ],
            [
              51.5409062,
              25.3728787
            ],
            [
              51.5406406,
              25.3731736
            ],
            [
              51.5402048,
              25.3728488
            ],
            [
              51.5404637,
              25.3725551
            ]
          ]
        ]
      }
    },
    {
      "type": "Feature",
      "properties": {
        "osm_way_id": 548166244,
        "reference_class": "building",
        "last_edit": "2026-02-01T07:09:00Z",
        "source": "OpenStreetMap contributors"
      },
      "geometry": {
        "type": "Polygon",
        "coordinates": [
          [
            [
              51.5401613,
              25.3720096
            ],
            [
              51.5404304,
              25.3722581
            ],
            [
              51.5399679,
              25.3726669
            ],
            [
              51.5396988,
              25.3724184
            ],
            [
              51.5401424,
              25.3720263
            ],
            [
              51.5401613,
              25.3720096
            ]
          ]
        ]
      }
    },
    {
      "type": "Feature",
      "properties": {
        "osm_way_id": 548166245,
        "reference_class": "building",
        "last_edit": "2026-02-01T07:09:00Z",
        "source": "OpenStreetMap contributors"
      },
      "geometry": {
        "type": "Polygon",
        "coordinates": [
          [
            [
              51.5422917,
              25.373537
            ],
            [
              51.5426968,
              25.3736489
            ],
            [
              51.5425606,
              25.3740511
            ],
            [
              51.5421555,
              25.3739391
            ],
            [
              51.5421923,
              25.3738304
            ],
            [
              51.5422638,
              25.3736193
            ],
            [
              51.5422917,
              25.373537
            ]
          ]
        ]
      }
    },
    {
      "type": "Feature",
      "properties": {
        "osm_way_id": 548166246,
        "reference_class": "building",
        "last_edit": "2026-02-01T07:09:00Z",
        "source": "OpenStreetMap contributors"
      },
      "geometry": {
        "type": "Polygon",
        "coordinates": [
          [
            [
              51.5434966,
              25.3736614
            ],
            [
              51.5438806,
              25.3737175
            ],
            [
              51.5438031,
              25.3741508
            ],
            [
              51.5434191,
              25.3740948
            ],
            [
              51.5434966,
              25.3736614
            ]
          ]
        ]
      }
    },
    {
      "type": "Feature",
      "properties": {
        "osm_way_id": 548166247,
        "reference_class": "building",
        "last_edit": "2026-02-01T07:09:00Z",
        "source": "OpenStreetMap contributors"
      },
      "geometry": {
        "type": "Polygon",
        "coordinates": [
          [
            [
              51.5442526,
              25.3738023
            ],
            [
              51.5446568,
              25.3737292
            ],
            [
              51.5447356,
              25.3740851
            ],
            [
              51.5443314,
              25.3741581
            ],
            [
              51.5442526,
              25.3738023
            ]
          ]
        ]
      }
    },
    {
      "type": "Feature",
      "properties": {
        "osm_way_id": 548166248,
        "reference_class": "building",
        "last_edit": "2026-02-01T07:09:00Z",
        "source": "OpenStreetMap contributors"
      },
      "geometry": {
        "type": "Polygon",
        "coordinates": [
          [
            [
              51.5454396,
              25.3735863
            ],
            [
              51.5450398,
              25.3736396
            ],
            [
              51.5450921,
              25.3739605
            ],
            [
              51.545492,
              25.3739073
            ],
            [
              51.5454396,
              25.3735863
            ]
          ]
        ]
      }
    },
    {
      "type": "Feature",
      "properties": {
        "osm_way_id": 548166249,
        "reference_class": "building",
        "last_edit": "2017-12-20T15:10:02Z",
        "source": "OpenStreetMap contributors"
      },
      "geometry": {
        "type": "Polygon",
        "coordinates": [
          [
            [
              51.5458838,
              25.3724323
            ],
            [
              51.5460427,
              25.3724795
            ],
            [
              51.5461921,
              25.3724112
            ],
            [
              51.5462443,
              25.3722676
            ],
            [
              51.5461688,
              25.3721327
            ],
            [
              51.5460098,
              25.3720855
            ],
            [
              51.5458605,
              25.3721537
            ],
            [
              51.5458083,
              25.3722973
            ],
            [
              51.5458838,
              25.3724323
            ]
          ]
        ]
      }
    },
    {
      "type": "Feature",
      "properties": {
        "osm_way_id": 548166250,
        "reference_class": "building",
        "last_edit": "2026-02-01T07:09:00Z",
        "source": "OpenStreetMap contributors"
      },
      "geometry": {
        "type": "Polygon",
        "coordinates": [
          [
            [
              51.5495188,
              25.3698712
            ],
            [
              51.5495264,
              25.3695367
            ],
            [
              51.5489818,
              25.3695267
            ],
            [
              51.5489743,
              25.3698611
            ],
            [
              51.5495188,
              25.3698712
            ]
          ]
        ]
      }
    },
    {
      "type": "Feature",
      "properties": {
        "osm_way_id": 548166251,
        "reference_class": "building",
        "last_edit": "2026-02-01T07:09:00Z",
        "source": "OpenStreetMap contributors"
      },
      "geometry": {
        "type": "Polygon",
        "coordinates": [
          [
            [
              51.549218,
              25.3705376
            ],
            [
              51.5493179,
              25.3702189
            ],
            [
              51.5487772,
              25.3700805
            ],
            [
              51.5486773,
              25.3703992
            ],
            [
              51.549218,
              25.3705376
            ]
          ]
        ]
      }
    },
    {
      "type": "Feature",
      "properties": {
        "osm_way_id": 548166252,
        "reference_class": "building",
        "last_edit": "2026-02-01T07:09:00Z",
        "source": "OpenStreetMap contributors"
      },
      "geometry": {
        "type": "Polygon",
        "coordinates": [
          [
            [
              51.5490521,
              25.3712014
            ],
            [
              51.5491557,
              25.370868
            ],
            [
              51.5486255,
              25.3707238
            ],
            [
              51.5485139,
              25.3710668
            ],
            [
              51.5490521,
              25.3712014
            ]
          ]
        ]
      }
    },
    {
      "type": "Feature",
      "properties": {
        "osm_way_id": 548166253,
        "reference_class": "building",
        "last_edit": "2026-02-01T07:09:00Z",
        "source": "OpenStreetMap contributors"
      },
      "geometry": {
        "type": "Polygon",
        "coordinates": [
          [
            [
              51.5485556,
              25.3717868
            ],
            [
              51.5487608,
              25.3715044
            ],
            [
              51.5483008,
              25.371233
            ],
            [
              51.5480983,
              25.3715165
            ],
            [
              51.548523,
              25.3717671
            ],
            [
              51.5485556,
              25.3717868
            ]
          ]
        ]
      }
    },
    {
      "type": "Feature",
      "properties": {
        "osm_way_id": 548166254,
        "reference_class": "building",
        "last_edit": "2026-02-01T07:09:00Z",
        "source": "OpenStreetMap contributors"
      },
      "geometry": {
        "type": "Polygon",
        "coordinates": [
          [
            [
              51.5476888,
              25.3729226
            ],
            [
              51.5480066,
              25.3725716
            ],
            [
              51.5475691,
              25.3722481
            ],
            [
              51.5472512,
              25.3725991
            ],
            [
              51.5476888,
              25.3729226
            ]
          ]
        ]
      }
    },
    {
      "type": "Feature",
      "properties": {
        "osm_way_id": 548166255,
        "reference_class": "building",
        "last_edit": "2026-02-01T07:09:00Z",
        "source": "OpenStreetMap contributors"
      },
      "geometry": {
        "type": "Polygon",
        "coordinates": [
          [
            [
              51.5462629,
              25.3737554
            ],
            [
              51.5460416,
              25.3733322
            ],
            [
              51.5456811,
              25.3734861
            ],
            [
              51.5459024,
              25.3739093
            ],
            [
              51.5462629,
              25.3737554
            ]
          ]
        ]
      }
    },
    {
      "type": "Feature",
      "properties": {
        "osm_way_id": 548166256,
        "reference_class": "building",
        "last_edit": "2026-02-01T07:09:00Z",
        "source": "OpenStreetMap contributors"
      },
      "geometry": {
        "type": "Polygon",
        "coordinates": [
          [
            [
              51.5466052,
              25.3735797
            ],
            [
              51.5469857,
              25.3734135
            ],
            [
              51.5467607,
              25.3729928
            ],
            [
              51.5463802,
              25.373159
            ],
            [
              51.5466052,
              25.3735797
            ]
          ]
        ]
      }
    },
    {
      "type": "Feature",
      "properties": {
        "osm_way_id": 548166257,
        "reference_class": "building",
        "last_edit": "2026-02-01T07:09:00Z",
        "source": "OpenStreetMap contributors"
      },
      "geometry": {
        "type": "Polygon",
        "coordinates": [
          [
            [
              51.5493647,
              25.3683454
            ],
            [
              51.5492376,
              25.3679779
            ],
            [
              51.5487819,
              25.3681066
            ],
            [
              51.548909,
              25.3684741
            ],
            [
              51.5493647,
              25.3683454
            ]
          ]
        ]
      }
    },
    {
      "type": "Feature",
      "properties": {
        "osm_way_id": 548166260,
        "reference_class": "building",
        "last_edit": "2026-02-01T07:09:00Z",
        "source": "OpenStreetMap contributors"
      },
      "geometry": {
        "type": "Polygon",
        "coordinates": [
          [
            [
              51.5490161,
              25.367274
            ],
            [
              51.5491509,
              25.3676305
            ],
            [
              51.5485597,
              25.3678129
            ],
            [
              51.548425,
              25.3674564
            ],
            [
              51.5490161,
              25.367274
            ]
          ]
        ]
      }
    },
    {
      "type": "Feature",
      "properties": {
        "osm_way_id": 548166261,
        "reference_class": "building",
        "last_edit": "2026-02-01T07:09:00Z",
        "source": "OpenStreetMap contributors"
      },
      "geometry": {
        "type": "Polygon",
        "coordinates": [
          [
            [
              51.5488169,
              25.3669497
            ],
            [
              51.5486102,
              25.3666057
            ],
            [
              51.5480992,
              25.3668564
            ],
            [
              51.5483059,
              25.3672004
            ],
            [
              51.5488169,
              25.3669497
            ]
          ]
        ]
      }
    },
    {
      "type": "Feature",
      "properties": {
        "osm_way_id": 548166262,
        "reference_class": "building",
        "last_edit": "2026-02-01T07:09:00Z",
        "source": "OpenStreetMap contributors"
      },
      "geometry": {
        "type": "Polygon",
        "coordinates": [
          [
            [
              51.5484008,
              25.3663202
            ],
            [
              51.5481376,
              25.3660342
            ],
            [
              51.5477267,
              25.3663429
            ],
            [
              51.5479899,
              25.3666289
            ],
            [
              51.5484008,
              25.3663202
            ]
          ]
        ]
      }
    },
    {
      "type": "Feature",
      "properties": {
        "osm_way_id": 548166263,
        "reference_class": "building",
        "last_edit": "2026-02-01T07:09:00Z",
        "source": "OpenStreetMap contributors"
      },
      "geometry": {
        "type": "Polygon",
        "coordinates": [
          [
            [
              51.5474328,
              25.3661539
            ],
            [
              51.5478378,
              25.365739
            ],
            [
              51.5475701,
              25.3655257
            ],
            [
              51.5471651,
              25.3659405
            ],
            [
              51.5474328,
              25.3661539
            ]
          ]
        ]
      }
    },
    {
      "type": "Feature",
      "properties": {
        "osm_way_id": 548166264,
        "reference_class": "building",
        "last_edit": "2026-02-01T07:09:00Z",
        "source": "OpenStreetMap contributors"
      },
      "geometry": {
        "type": "Polygon",
        "coordinates": [
          [
            [
              51.5469138,
              25.3650605
            ],
            [
              51.5472932,
              25.365305
            ],
            [
              51.5469106,
              25.3657898
            ],
            [
              51.5465312,
              25.3655453
            ],
            [
              51.5469138,
              25.3650605
            ]
          ]
        ]
      }
    },
    {
      "type": "Feature",
      "properties": {
        "osm_way_id": 548166265,
        "reference_class": "building",
        "last_edit": "2026-02-01T07:09:00Z",
        "source": "OpenStreetMap contributors"
      },
      "geometry": {
        "type": "Polygon",
        "coordinates": [
          [
            [
              51.5461923,
              25.3648001
            ],
            [
              51.5465546,
              25.3649387
            ],
            [
              51.5463123,
              25.365456
            ],
            [
              51.54595,
              25.3653175
            ],
            [
              51.5461923,
              25.3648001
            ]
          ]
        ]
      }
    },
    {
      "type": "Feature",
      "properties": {
        "osm_way_id": 548166266,
        "reference_class": "building",
        "last_edit": "2026-02-01T07:09:00Z",
        "source": "OpenStreetMap contributors"
      },
      "geometry": {
        "type": "Polygon",
        "coordinates": [
          [
            [
              51.5453748,
              25.3644721
            ],
            [
              51.5457873,
              25.364597
            ],
            [
              51.5455929,
              25.365121
            ],
            [
              51.5451804,
              25.3649961
            ],
            [
              51.5453748,
              25.3644721
            ]
          ]
        ]
      }
    },
    {
      "type": "Feature",
      "properties": {
        "osm_way_id": 548169215,
        "reference_class": "building",
        "last_edit": "2022-07-27T13:58:59Z",
        "source": "OpenStreetMap contributors"
      },
      "geometry": {
        "type": "Polygon",
        "coordinates": [
          [
            [
              51.5539124,
              25.3726969
            ],
            [
              51.554048,
              25.37262
            ],
            [
              51.5539857,
              25.3725401
            ],
            [
              51.5540549,
              25.3725042
            ],
            [
              51.5538371,
              25.372174
            ],
            [
              51.5536337,
              25.3722961
            ],
            [
              51.5539124,
              25.3726969
            ]
          ]
        ]
      }
    },
    {
      "type": "Feature",
      "properties": {
        "osm_way_id": 548582563,
        "reference_class": "building",
        "last_edit": "2022-07-27T11:59:10Z",
        "source": "OpenStreetMap contributors"
      },
      "geometry": {
        "type": "Polygon",
        "coordinates": [
          [
            [
              51.555259,
              25.372145
            ],
            [
              51.5553269,
              25.3721585
            ],
            [
              51.5552909,
              25.372306
            ],
            [
              51.555223,
              25.3722925
            ],
            [
              51.555259,
              25.372145
            ]
          ]
        ]
      }
    },
    {
      "type": "Feature",
      "properties": {
        "osm_way_id": 613834494,
        "reference_class": "building",
        "last_edit": "2021-03-02T11:10:56Z",
        "source": "OpenStreetMap contributors"
      },
      "geometry": {
        "type": "Polygon",
        "coordinates": [
          [
            [
              51.5415632,
              25.3751936
            ],
            [
              51.5417155,
              25.3752376
            ],
            [
              51.5417099,
              25.3752534
            ],
            [
              51.5418252,
              25.3752868
            ],
            [
              51.5418306,
              25.3752716
            ],
            [
              51.5419995,
              25.3753205
            ],
            [
              51.5419952,
              25.3753327
            ],
            [
              51.5421057,
              25.3753647
            ],
            [
              51.5421125,
              25.3753454
            ],
            [
              51.542137,
              25.3753525
            ],
            [
              51.5421322,
              25.375366
            ],
            [
              51.5422853,
              25.3754103
            ],
            [
              51.5423464,
              25.3752378
            ],
            [
              51.5416219,
              25.3750281
            ],
            [
              51.5415632,
              25.3751936
            ]
          ]
        ]
      }
    },
    {
      "type": "Feature",
      "properties": {
        "osm_way_id": 613834495,
        "reference_class": "building",
        "last_edit": "2022-02-22T17:36:57Z",
        "source": "OpenStreetMap contributors"
      },
      "geometry": {
        "type": "Polygon",
        "coordinates": [
          [
            [
              51.5417241,
              25.3760658
            ],
            [
              51.5416088,
              25.3758617
            ],
            [
              51.5419715,
              25.3756945
            ],
            [
              51.5420748,
              25.3758797
            ],
            [
              51.5422316,
              25.375808
            ],
            [
              51.542173,
              25.3757042
            ],
            [
              51.5421349,
              25.3756368
            ],
            [
              51.5420415,
              25.3754715
            ],
            [
              51.5413539,
              25.3757886
            ],
            [
              51.5413993,
              25.375869
            ],
            [
              51.5413482,
              25.3758936
            ],
            [
              51.5414651,
              25.3760969
            ],
            [
              51.5415139,
              25.3760729
            ],
            [
              51.5415547,
              25.3761439
            ],
            [
              51.5417241,
              25.3760658
            ]
          ]
        ]
      }
    },
    {
      "type": "Feature",
      "properties": {
        "osm_way_id": 613834496,
        "reference_class": "building",
        "last_edit": "2021-03-02T11:10:56Z",
        "source": "OpenStreetMap contributors"
      },
      "geometry": {
        "type": "Polygon",
        "coordinates": [
          [
            [
              51.5443069,
              25.3778208
            ],
            [
              51.5444891,
              25.3778814
            ],
            [
              51.5445937,
              25.3776249
            ],
            [
              51.5445644,
              25.3776152
            ],
            [
              51.5444448,
              25.3775754
            ],
            [
              51.5444131,
              25.3775648
            ],
            [
              51.5443855,
              25.3776325
            ],
            [
              51.544365,
              25.3776257
            ],
            [
              51.5443251,
              25.3777235
            ],
            [
              51.544344,
              25.3777298
            ],
            [
              51.5443069,
              25.3778208
            ]
          ]
        ]
      }
    },
    {
      "type": "Feature",
      "properties": {
        "osm_way_id": 613834497,
        "reference_class": "building",
        "last_edit": "2021-03-02T11:10:56Z",
        "source": "OpenStreetMap contributors"
      },
      "geometry": {
        "type": "Polygon",
        "coordinates": [
          [
            [
              51.5433277,
              25.3776282
            ],
            [
              51.5439045,
              25.3780761
            ],
            [
              51.5439627,
              25.3780149
            ],
            [
              51.5440195,
              25.3780589
            ],
            [
              51.544259,
              25.377807
            ],
            [
              51.5441964,
              25.3777584
            ],
            [
              51.5442216,
              25.3777319
            ],
            [
              51.5441784,
              25.3776984
            ],
            [
              51.5441569,
              25.3777211
            ],
            [
              51.5441348,
              25.377704
            ],
            [
              51.5439687,
              25.3778791
            ],
            [
              51.5435389,
              25.3775463
            ],
            [
              51.5435294,
              25.3775564
            ],
            [
              51.5434527,
              25.3774968
            ],
            [
              51.5433277,
              25.3776282
            ]
          ]
        ]
      }
    },
    {
      "type": "Feature",
      "properties": {
        "osm_way_id": 613834498,
        "reference_class": "building",
        "last_edit": "2022-10-16T02:52:07Z",
        "source": "OpenStreetMap contributors"
      },
      "geometry": {
        "type": "Polygon",
        "coordinates": [
          [
            [
              51.5435365,
              25.3774349
            ],
            [
              51.5438942,
              25.3775448
            ],
            [
              51.5439501,
              25.377396
            ],
            [
              51.5438762,
              25.3773729
            ],
            [
              51.5438857,
              25.377348
            ],
            [
              51.5437762,
              25.3773137
            ],
            [
              51.5438028,
              25.3772443
            ],
            [
              51.5437783,
              25.3772366
            ],
            [
              51.5438187,
              25.3771313
            ],
            [
              51.5436913,
              25.3770908
            ],
            [
              51.5436555,
              25.377186
            ],
            [
              51.5436327,
              25.377179
            ],
            [
              51.5435365,
              25.3774349
            ]
          ]
        ]
      }
    },
    {
      "type": "Feature",
      "properties": {
        "osm_way_id": 613834500,
        "reference_class": "building",
        "last_edit": "2020-02-13T09:59:20Z",
        "source": "OpenStreetMap contributors"
      },
      "geometry": {
        "type": "Polygon",
        "coordinates": [
          [
            [
              51.5446085,
              25.377577
            ],
            [
              51.5445769,
              25.3775835
            ],
            [
              51.5445644,
              25.3776152
            ],
            [
              51.5444448,
              25.3775754
            ],
            [
              51.544485,
              25.3774818
            ],
            [
              51.5445892,
              25.3774658
            ],
            [
              51.5446085,
              25.377577
            ]
          ]
        ]
      }
    },
    {
      "type": "Feature",
      "properties": {
        "osm_way_id": 613834501,
        "reference_class": "building",
        "last_edit": "2021-03-02T11:10:56Z",
        "source": "OpenStreetMap contributors"
      },
      "geometry": {
        "type": "Polygon",
        "coordinates": [
          [
            [
              51.5448602,
              25.3778221
            ],
            [
              51.5448302,
              25.3776556
            ],
            [
              51.5451394,
              25.37761
            ],
            [
              51.5451694,
              25.3777766
            ],
            [
              51.5448602,
              25.3778221
            ]
          ]
        ]
      }
    },
    {
      "type": "Feature",
      "properties": {
        "osm_way_id": 613834502,
        "reference_class": "building",
        "last_edit": "2021-03-02T11:10:56Z",
        "source": "OpenStreetMap contributors"
      },
      "geometry": {
        "type": "Polygon",
        "coordinates": [
          [
            [
              51.5446548,
              25.3775561
            ],
            [
              51.5448711,
              25.3775268
            ],
            [
              51.5448751,
              25.3775505
            ],
            [
              51.5449881,
              25.3775353
            ],
            [
              51.5449841,
              25.3775116
            ],
            [
              51.5451629,
              25.3774874
            ],
            [
              51.5451337,
              25.3773112
            ],
            [
              51.5446257,
              25.37738
            ],
            [
              51.5446548,
              25.3775561
            ]
          ]
        ]
      }
    },
    {
      "type": "Feature",
      "properties": {
        "osm_way_id": 613834503,
        "reference_class": "building",
        "last_edit": "2021-03-02T11:10:56Z",
        "source": "OpenStreetMap contributors"
      },
      "geometry": {
        "type": "Polygon",
        "coordinates": [
          [
            [
              51.5452222,
              25.3773091
            ],
            [
              51.5454143,
              25.3772831
            ],
            [
              51.5454899,
              25.3777388
            ],
            [
              51.5452973,
              25.377765
            ],
            [
              51.5452763,
              25.3776386
            ],
            [
              51.5452884,
              25.3776369
            ],
            [
              51.5452796,
              25.3775835
            ],
            [
              51.5452511,
              25.3775874
            ],
            [
              51.545234,
              25.3774844
            ],
            [
              51.5452509,
              25.3774821
            ],
            [
              51.5452222,
              25.3773091
            ]
          ]
        ]
      }
    },
    {
      "type": "Feature",
      "properties": {
        "osm_way_id": 613834508,
        "reference_class": "building",
        "last_edit": "2022-10-18T11:04:32Z",
        "source": "OpenStreetMap contributors"
      },
      "geometry": {
        "type": "Polygon",
        "coordinates": [
          [
            [
              51.5434245,
              25.3766664
            ],
            [
              51.5436035,
              25.3766629
            ],
            [
              51.543596,
              25.3763491
            ],
            [
              51.5435617,
              25.3763498
            ],
            [
              51.543561,
              25.3763213
            ],
            [
              51.5434924,
              25.3763226
            ],
            [
              51.5434932,
              25.3763548
            ],
            [
              51.543417,
              25.3763563
            ],
            [
              51.5434245,
              25.3766664
            ]
          ]
        ]
      }
    },
    {
      "type": "Feature",
      "properties": {
        "osm_way_id": 613834510,
        "reference_class": "building",
        "last_edit": "2018-08-03T14:30:16Z",
        "source": "OpenStreetMap contributors"
      },
      "geometry": {
        "type": "Polygon",
        "coordinates": [
          [
            [
              51.5451627,
              25.3782241
            ],
            [
              51.5451971,
              25.3784062
            ],
            [
              51.5454982,
              25.3783598
            ],
            [
              51.545463,
              25.3781733
            ],
            [
              51.5453546,
              25.3781901
            ],
            [
              51.5453665,
              25.3782527
            ],
            [
              51.5452906,
              25.3782644
            ],
            [
              51.5452796,
              25.3782061
            ],
            [
              51.5451627,
              25.3782241
            ]
          ]
        ]
      }
    },
    {
      "type": "Feature",
      "properties": {
        "osm_way_id": 613834511,
        "reference_class": "building",
        "last_edit": "2022-07-27T14:09:54Z",
        "source": "OpenStreetMap contributors"
      },
      "geometry": {
        "type": "Polygon",
        "coordinates": [
          [
            [
              51.5448569,
              25.3788111
            ],
            [
              51.5450189,
              25.378931
            ],
            [
              51.5453552,
              25.3785601
            ],
            [
              51.5452737,
              25.3784998
            ],
            [
              51.5452067,
              25.3785737
            ],
            [
              51.5451262,
              25.3785142
            ],
            [
              51.5448569,
              25.3788111
            ]
          ]
        ]
      }
    },
    {
      "type": "Feature",
      "properties": {
        "osm_way_id": 613834512,
        "reference_class": "building",
        "last_edit": "2018-08-03T14:30:16Z",
        "source": "OpenStreetMap contributors"
      },
      "geometry": {
        "type": "Polygon",
        "coordinates": [
          [
            [
              51.5451097,
              25.378989
            ],
            [
              51.5451942,
              25.3790521
            ],
            [
              51.5454545,
              25.3787671
            ],
            [
              51.54537,
              25.3787041
            ],
            [
              51.5451097,
              25.378989
            ]
          ]
        ]
      }
    },
    {
      "type": "Feature",
      "properties": {
        "osm_way_id": 613834513,
        "reference_class": "building",
        "last_edit": "2018-08-03T14:30:16Z",
        "source": "OpenStreetMap contributors"
      },
      "geometry": {
        "type": "Polygon",
        "coordinates": [
          [
            [
              51.5453937,
              25.3786744
            ],
            [
              51.5454812,
              25.3787392
            ],
            [
              51.5456753,
              25.3785253
            ],
            [
              51.5455918,
              25.3784635
            ],
            [
              51.5455294,
              25.3785322
            ],
            [
              51.5455206,
              25.3785257
            ],
            [
              51.545445,
              25.378609
            ],
            [
              51.5454498,
              25.3786125
            ],
            [
              51.5453937,
              25.3786744
            ]
          ]
        ]
      }
    },
    {
      "type": "Feature",
      "properties": {
        "osm_way_id": 613834514,
        "reference_class": "building",
        "last_edit": "2022-07-27T14:09:54Z",
        "source": "OpenStreetMap contributors"
      },
      "geometry": {
        "type": "Polygon",
        "coordinates": [
          [
            [
              51.545096,
              25.3781497
            ],
            [
              51.545079,
              25.3780431
            ],
            [
              51.5454851,
              25.3779901
            ],
            [
              51.5455021,
              25.3780968
            ],
            [
              51.545096,
              25.3781497
            ]
          ]
        ]
      }
    },
    {
      "type": "Feature",
      "properties": {
        "osm_way_id": 613834515,
        "reference_class": "building",
        "last_edit": "2022-07-27T14:09:54Z",
        "source": "OpenStreetMap contributors"
      },
      "geometry": {
        "type": "Polygon",
        "coordinates": [
          [
            [
              51.5456725,
              25.3784707
            ],
            [
              51.5457889,
              25.3784363
            ],
            [
              51.5456355,
              25.3780122
            ],
            [
              51.5455191,
              25.3780466
            ],
            [
              51.5456725,
              25.3784707
            ]
          ]
        ]
      }
    },
    {
      "type": "Feature",
      "properties": {
        "osm_way_id": 614021957,
        "reference_class": "building",
        "last_edit": "2022-10-28T09:06:04Z",
        "source": "OpenStreetMap contributors"
      },
      "geometry": {
        "type": "Polygon",
        "coordinates": [
          [
            [
              51.5428996,
              25.377692
            ],
            [
              51.5429939,
              25.3777371
            ],
            [
              51.5431833,
              25.377414
            ],
            [
              51.543089,
              25.3773689
            ],
            [
              51.5428996,
              25.377692
            ]
          ]
        ]
      }
    },
    {
      "type": "Feature",
      "properties": {
        "osm_way_id": 614021962,
        "reference_class": "building",
        "last_edit": "2022-07-27T14:09:54Z",
        "source": "OpenStreetMap contributors"
      },
      "geometry": {
        "type": "Polygon",
        "coordinates": [
          [
            [
              51.5441088,
              25.3787488
            ],
            [
              51.5445789,
              25.3790976
            ],
            [
              51.5447176,
              25.3789449
            ],
            [
              51.5444902,
              25.3787761
            ],
            [
              51.5445003,
              25.378765
            ],
            [
              51.5443348,
              25.3786422
            ],
            [
              51.5443277,
              25.3786501
            ],
            [
              51.5442506,
              25.3785928
            ],
            [
              51.5441088,
              25.3787488
            ]
          ]
        ]
      }
    },
    {
      "type": "Feature",
      "properties": {
        "osm_way_id": 614021963,
        "reference_class": "building",
        "last_edit": "2018-08-04T10:36:59Z",
        "source": "OpenStreetMap contributors"
      },
      "geometry": {
        "type": "Polygon",
        "coordinates": [
          [
            [
              51.5446127,
              25.3792413
            ],
            [
              51.5446941,
              25.379304
            ],
            [
              51.5447689,
              25.3792248
            ],
            [
              51.5447605,
              25.3792183
            ],
            [
              51.5448217,
              25.3791534
            ],
            [
              51.5448281,
              25.3791584
            ],
            [
              51.5448925,
              25.3790898
            ],
            [
              51.544883,
              25.3790825
            ],
            [
              51.544949,
              25.3790122
            ],
            [
              51.5448624,
              25.3789459
            ],
            [
              51.5447866,
              25.3790266
            ],
            [
              51.544796,
              25.3790338
            ],
            [
              51.5447501,
              25.3790826
            ],
            [
              51.5447439,
              25.3790778
            ],
            [
              51.5446595,
              25.3791673
            ],
            [
              51.5446729,
              25.3791776
            ],
            [
              51.5446127,
              25.3792413
            ]
          ]
        ]
      }
    },
    {
      "type": "Feature",
      "properties": {
        "osm_way_id": 614021969,
        "reference_class": "building",
        "last_edit": "2021-03-02T17:09:28Z",
        "source": "OpenStreetMap contributors"
      },
      "geometry": {
        "type": "Polygon",
        "coordinates": [
          [
            [
              51.545938,
              25.3787107
            ],
            [
              51.5460869,
              25.378824
            ],
            [
              51.5462856,
              25.3786107
            ],
            [
              51.5462591,
              25.3785906
            ],
            [
              51.5462802,
              25.378568
            ],
            [
              51.546219,
              25.3785214
            ],
            [
              51.5461969,
              25.378545
            ],
            [
              51.5461358,
              25.3784985
            ],
            [
              51.545938,
              25.3787107
            ]
          ]
        ]
      }
    },
    {
      "type": "Feature",
      "properties": {
        "osm_way_id": 614021970,
        "reference_class": "building",
        "last_edit": "2021-03-02T11:10:56Z",
        "source": "OpenStreetMap contributors"
      },
      "geometry": {
        "type": "Polygon",
        "coordinates": [
          [
            [
              51.5457721,
              25.3788905
            ],
            [
              51.5460353,
              25.3790833
            ],
            [
              51.5458735,
              25.3792636
            ],
            [
              51.5456269,
              25.3790829
            ],
            [
              51.5455021,
              25.3792219
            ],
            [
              51.545907,
              25.3795186
            ],
            [
              51.5463076,
              25.3790722
            ],
            [
              51.5458862,
              25.3787635
            ],
            [
              51.5457721,
              25.3788905
            ]
          ]
        ]
      }
    },
    {
      "type": "Feature",
      "properties": {
        "osm_way_id": 614021971,
        "reference_class": "building",
        "last_edit": "2021-03-02T17:09:28Z",
        "source": "OpenStreetMap contributors"
      },
      "geometry": {
        "type": "Polygon",
        "coordinates": [
          [
            [
              51.54637,
              25.3790166
            ],
            [
              51.5468763,
              25.3787342
            ],
            [
              51.546667,
              25.3784236
            ],
            [
              51.5464993,
              25.3785159
            ],
            [
              51.5465587,
              25.378604
            ],
            [
              51.5465773,
              25.3785938
            ],
            [
              51.5466208,
              25.3786584
            ],
            [
              51.5462566,
              25.3788589
            ],
            [
              51.54637,
              25.3790166
            ]
          ]
        ]
      }
    },
    {
      "type": "Feature",
      "properties": {
        "osm_way_id": 614021972,
        "reference_class": "building",
        "last_edit": "2021-03-02T17:09:28Z",
        "source": "OpenStreetMap contributors"
      },
      "geometry": {
        "type": "Polygon",
        "coordinates": [
          [
            [
              51.5460198,
              25.3781799
            ],
            [
              51.5462848,
              25.3780966
            ],
            [
              51.5462973,
              25.3781137
            ],
            [
              51.5462871,
              25.3781187
            ],
            [
              51.546334,
              25.3781883
            ],
            [
              51.5463133,
              25.3781995
            ],
            [
              51.5463445,
              25.3782435
            ],
            [
              51.5463614,
              25.3782341
            ],
            [
              51.5463969,
              25.3782838
            ],
            [
              51.5463752,
              25.3782975
            ],
            [
              51.5464232,
              25.3783697
            ],
            [
              51.5464431,
              25.3783599
            ],
            [
              51.5464891,
              25.3784327
            ],
            [
              51.5466485,
              25.378345
            ],
            [
              51.5463595,
              25.377893
            ],
            [
              51.5459591,
              25.3780312
            ],
            [
              51.5460198,
              25.3781799
            ]
          ]
        ]
      }
    },
    {
      "type": "Feature",
      "properties": {
        "osm_way_id": 614021973,
        "reference_class": "building",
        "last_edit": "2018-08-04T10:36:59Z",
        "source": "OpenStreetMap contributors"
      },
      "geometry": {
        "type": "Polygon",
        "coordinates": [
          [
            [
              51.5467121,
              25.3789728
            ],
            [
              51.5468216,
              25.3791335
            ],
            [
              51.5470004,
              25.379034
            ],
            [
              51.546891,
              25.3788733
            ],
            [
              51.5467121,
              25.3789728
            ]
          ]
        ]
      }
    },
    {
      "type": "Feature",
      "properties": {
        "osm_way_id": 614021983,
        "reference_class": "building",
        "last_edit": "2018-08-04T10:37:00Z",
        "source": "OpenStreetMap contributors"
      },
      "geometry": {
        "type": "Polygon",
        "coordinates": [
          [
            [
              51.5470338,
              25.3789329
            ],
            [
              51.5471058,
              25.3789999
            ],
            [
              51.5470956,
              25.3790054
            ],
            [
              51.547182,
              25.3790867
            ],
            [
              51.5471881,
              25.3790814
            ],
            [
              51.547237,
              25.3791274
            ],
            [
              51.5472305,
              25.3791331
            ],
            [
              51.5473061,
              25.3792041
            ],
            [
              51.547385,
              25.3791356
            ],
            [
              51.5473168,
              25.3790715
            ],
            [
              51.5473232,
              25.3790659
            ],
            [
              51.5472481,
              25.3789955
            ],
            [
              51.5472419,
              25.3790009
            ],
            [
              51.5471867,
              25.3789494
            ],
            [
              51.5471962,
              25.3789411
            ],
            [
              51.5471129,
              25.3788635
            ],
            [
              51.5470338,
              25.3789329
            ]
          ]
        ]
      }
    },
    {
      "type": "Feature",
      "properties": {
        "osm_way_id": 614021984,
        "reference_class": "building",
        "last_edit": "2022-10-18T15:19:24Z",
        "source": "OpenStreetMap contributors"
      },
      "geometry": {
        "type": "Polygon",
        "coordinates": [
          [
            [
              51.543783,
              25.37913
            ],
            [
              51.543782,
              25.3789422
            ],
            [
              51.5438908,
              25.3789418
            ],
            [
              51.5438918,
              25.3791295
            ],
            [
              51.543783,
              25.37913
            ]
          ]
        ]
      }
    },
    {
      "type": "Feature",
      "properties": {
        "osm_way_id": 614021985,
        "reference_class": "building",
        "last_edit": "2018-08-04T10:37:00Z",
        "source": "OpenStreetMap contributors"
      },
      "geometry": {
        "type": "Polygon",
        "coordinates": [
          [
            [
              51.5439797,
              25.3791383
            ],
            [
              51.5440989,
              25.3791663
            ],
            [
              51.5441024,
              25.3791541
            ],
            [
              51.5442732,
              25.3791942
            ],
            [
              51.5442694,
              25.3792072
            ],
            [
              51.5443753,
              25.379232
            ],
            [
              51.5444047,
              25.3791298
            ],
            [
              51.5440089,
              25.3790369
            ],
            [
              51.5439797,
              25.3791383
            ]
          ]
        ]
      }
    },
    {
      "type": "Feature",
      "properties": {
        "osm_way_id": 614021986,
        "reference_class": "building",
        "last_edit": "2018-08-04T10:37:00Z",
        "source": "OpenStreetMap contributors"
      },
      "geometry": {
        "type": "Polygon",
        "coordinates": [
          [
            [
              51.5438266,
              25.3788765
            ],
            [
              51.5439829,
              25.3787322
            ],
            [
              51.5439756,
              25.3787258
            ],
            [
              51.5440451,
              25.3786614
            ],
            [
              51.5440542,
              25.3786695
            ],
            [
              51.5441253,
              25.3786036
            ],
            [
              51.544116,
              25.3785953
            ],
            [
              51.5441832,
              25.378533
            ],
            [
              51.5441083,
              25.3784671
            ],
            [
              51.5440277,
              25.378542
            ],
            [
              51.5440381,
              25.3785511
            ],
            [
              51.5439804,
              25.3786047
            ],
            [
              51.5439692,
              25.3785949
            ],
            [
              51.5438877,
              25.3786707
            ],
            [
              51.5438979,
              25.3786753
            ],
            [
              51.5438419,
              25.3787269
            ],
            [
              51.5438327,
              25.3787188
            ],
            [
              51.5437424,
              25.3788021
            ],
            [
              51.5438266,
              25.3788765
            ]
          ]
        ]
      }
    },
    {
      "type": "Feature",
      "properties": {
        "osm_way_id": 614021988,
        "reference_class": "building",
        "last_edit": "2022-04-03T04:57:05Z",
        "source": "OpenStreetMap contributors"
      },
      "geometry": {
        "type": "Polygon",
        "coordinates": [
          [
            [
              51.5413184,
              25.3756429
            ],
            [
              51.5412607,
              25.3749803
            ],
            [
              51.5414368,
              25.3749678
            ],
            [
              51.5414646,
              25.3752876
            ],
            [
              51.5414945,
              25.3756304
            ],
            [
              51.5413184,
              25.3756429
            ]
          ]
        ]
      }
    },
    {
      "type": "Feature",
      "properties": {
        "osm_way_id": 618346531,
        "reference_class": "building",
        "last_edit": "2022-07-27T11:59:10Z",
        "source": "OpenStreetMap contributors"
      },
      "geometry": {
        "type": "Polygon",
        "coordinates": [
          [
            [
              51.5557357,
              25.3720451
            ],
            [
              51.5556132,
              25.3724723
            ],
            [
              51.5558647,
              25.3725312
            ],
            [
              51.5559872,
              25.372104
            ],
            [
              51.5557357,
              25.3720451
            ]
          ]
        ]
      }
    },
    {
      "type": "Feature",
      "properties": {
        "osm_way_id": 771295780,
        "reference_class": "building",
        "last_edit": "2022-04-30T15:25:04Z",
        "source": "OpenStreetMap contributors"
      },
      "geometry": {
        "type": "Polygon",
        "coordinates": [
          [
            [
              51.5479295,
              25.367401
            ],
            [
              51.5479695,
              25.3674075
            ],
            [
              51.5480005,
              25.3673899
            ],
            [
              51.5480032,
              25.3673643
            ],
            [
              51.5480987,
              25.3673083
            ],
            [
              51.548066,
              25.3672628
            ],
            [
              51.5480828,
              25.3672524
            ],
            [
              51.5480559,
              25.3672151
            ],
            [
              51.5480501,
              25.3672183
            ],
            [
              51.5480157,
              25.3671703
            ],
            [
              51.548004,
              25.3671756
            ],
            [
              51.5479684,
              25.367126
            ],
            [
              51.5479742,
              25.3671218
            ],
            [
              51.5479144,
              25.367034
            ],
            [
              51.547903,
              25.3670412
            ],
            [
              51.5478661,
              25.3669952
            ],
            [
              51.5478802,
              25.3669861
            ],
            [
              51.5478172,
              25.3669043
            ],
            [
              51.54785,
              25.3668855
            ],
            [
              51.5478004,
              25.3668201
            ],
            [
              51.5477635,
              25.3668401
            ],
            [
              51.5477246,
              25.366791
            ],
            [
              51.5476971,
              25.3668086
            ],
            [
              51.5476743,
              25.3667801
            ],
            [
              51.5477032,
              25.3667613
            ],
            [
              51.5476723,
              25.3667225
            ],
            [
              51.5476609,
              25.366731
            ],
            [
              51.5476298,
              25.36669
            ],
            [
              51.5476398,
              25.3666845
            ],
            [
              51.547609,
              25.3666406
            ],
            [
              51.5475998,
              25.3666462
            ],
            [
              51.5475297,
              25.3665216
            ],
            [
              51.5475104,
              25.3665306
            ],
            [
              51.5474742,
              25.3664764
            ],
            [
              51.5475027,
              25.3664485
            ],
            [
              51.5474796,
              25.3664346
            ],
            [
              51.5474919,
              25.3664235
            ],
            [
              51.5475143,
              25.3663949
            ],
            [
              51.5473494,
              25.3662369
            ],
            [
              51.5473109,
              25.3662822
            ],
            [
              51.5473055,
              25.366278
            ],
            [
              51.5472971,
              25.3662864
            ],
            [
              51.5472886,
              25.3662794
            ],
            [
              51.547274,
              25.3662933
            ],
            [
              51.5472431,
              25.3662738
            ],
            [
              51.5472539,
              25.3662571
            ],
            [
              51.5471669,
              25.3661938
            ],
            [
              51.5471592,
              25.3662014
            ],
            [
              51.5471099,
              25.3661666
            ],
            [
              51.5471153,
              25.3661597
            ],
            [
              51.5470644,
              25.3661228
            ],
            [
              51.5470544,
              25.3661353
            ],
            [
              51.5470336,
              25.3661221
            ],
            [
              51.5470421,
              25.3661068
            ],
            [
              51.5469759,
              25.3660588
            ],
            [
              51.5469974,
              25.366033
            ],
            [
              51.546925,
              25.3659801
            ],
            [
              51.546905,
              25.3660038
            ],
            [
              51.546764,
              25.365907
            ],
            [
              51.5467502,
              25.3659175
            ],
            [
              51.5467201,
              25.3658945
            ],
            [
              51.5467217,
              25.3658868
            ],
            [
              51.5466839,
              25.3658681
            ],
            [
              51.5466924,
              25.3658541
            ],
            [
              51.5466077,
              25.3657957
            ],
            [
              51.5465992,
              25.3658054
            ],
            [
              51.5465461,
              25.3657692
            ],
            [
              51.5465522,
              25.3657616
            ],
            [
              51.5464837,
              25.3657059
            ],
            [
              51.5464806,
              25.3657149
            ],
            [
              51.546429,
              25.3656836
            ],
            [
              51.546412,
              25.3657052
            ],
            [
              51.5464174,
              25.3657087
            ],
            [
              51.5463781,
              25.3657546
            ],
            [
              51.546345,
              25.3657302
            ],
            [
              51.5463142,
              25.3657344
            ],
            [
              51.5462857,
              25.3657699
            ],
            [
              51.5462795,
              25.3658186
            ],
            [
              51.5463027,
              25.3658367
            ],
            [
              51.5463296,
              25.3658326
            ],
            [
              51.546352,
              25.365852
            ],
            [
              51.5463758,
              25.3658479
            ],
            [
              51.5465075,
              25.3659453
            ],
            [
              51.5464798,
              25.3659732
            ],
            [
              51.546496,
              25.365985
            ],
            [
              51.546476,
              25.3660086
            ],
            [
              51.546553,
              25.3660657
            ],
            [
              51.5465653,
              25.3660504
            ],
            [
              51.5466169,
              25.3660845
            ],
            [
              51.5466331,
              25.3660622
            ],
            [
              51.5466916,
              25.3661026
            ],
            [
              51.5466616,
              25.3661416
            ],
            [
              51.5467787,
              25.3662237
            ],
            [
              51.5467895,
              25.3662091
            ],
            [
              51.5468303,
              25.3662383
            ],
            [
              51.5468511,
              25.3662251
            ],
            [
              51.5468911,
              25.3662557
            ],
            [
              51.5469166,
              25.366223
            ],
            [
              51.546932,
              25.3662362
            ],
            [
              51.5469273,
              25.3662446
            ],
            [
              51.5469612,
              25.3662703
            ],
            [
              51.5469142,
              25.3663205
            ],
            [
              51.5469766,
              25.3663643
            ],
            [
              51.5469936,
              25.3663483
            ],
            [
              51.5470421,
              25.3663817
            ],
            [
              51.547049,
              25.366374
            ],
            [
              51.5471199,
              25.3664242
            ],
            [
              51.5471453,
              25.3663991
            ],
            [
              51.5473109,
              25.3665564
            ],
            [
              51.5472755,
              25.3665738
            ],
            [
              51.5473333,
              25.3666504
            ],
            [
              51.5473233,
              25.3666538
            ],
            [
              51.5473471,
              25.3666886
            ],
            [
              51.5473225,
              25.3667012
            ],
            [
              51.5474206,
              25.3668351
            ],
            [
              51.5474326,
              25.3668515
            ],
            [
              51.5475412,
              25.3669977
            ],
            [
              51.5475967,
              25.3669643
            ],
            [
              51.5476529,
              25.3670394
            ],
            [
              51.5476252,
              25.3670582
            ],
            [
              51.5476498,
              25.3670902
            ],
            [
              51.547619,
              25.3671041
            ],
            [
              51.5476837,
              25.3671807
            ],
            [
              51.5477076,
              25.3671654
            ],
            [
              51.5477284,
              25.367187
            ],
            [
              51.5477646,
              25.3671647
            ],
            [
              51.5478647,
              25.3672962
            ],
            [
              51.5478586,
              25.3673276
            ],
            [
              51.5478586,
              25.3673575
            ],
            [
              51.5478794,
              25.3673825
            ],
            [
              51.5478902,
              25.3673902
            ],
            [
              51.5479295,
              25.367401
            ]
          ]
        ]
      }
    },
    {
      "type": "Feature",
      "properties": {
        "osm_way_id": 771295825,
        "reference_class": "building",
        "last_edit": "2020-02-11T08:42:27Z",
        "source": "OpenStreetMap contributors"
      },
      "geometry": {
        "type": "Polygon",
        "coordinates": [
          [
            [
              51.5495781,
              25.365471
            ],
            [
              51.5496745,
              25.365495
            ],
            [
              51.5497135,
              25.365551
            ],
            [
              51.5497843,
              25.365511
            ],
            [
              51.5499046,
              25.3655534
            ],
            [
              51.5499143,
              25.365535
            ],
            [
              51.5499409,
              25.3655294
            ],
            [
              51.5499895,
              25.3655478
            ],
            [
              51.5500019,
              25.365567
            ],
            [
              51.5500187,
              25.3655918
            ],
            [
              51.5500249,
              25.3656181
            ],
            [
              51.5500063,
              25.3656557
            ],
            [
              51.549978,
              25.3656741
            ],
            [
              51.5499506,
              25.3656813
            ],
            [
              51.5499347,
              25.3656797
            ],
            [
              51.5498648,
              25.3657269
            ],
            [
              51.5498957,
              25.3657732
            ],
            [
              51.5497988,
              25.3658621
            ],
            [
              51.5497752,
              25.3658351
            ],
            [
              51.5496142,
              25.3660219
            ],
            [
              51.5495641,
              25.366114
            ],
            [
              51.5494542,
              25.3664148
            ],
            [
              51.5494418,
              25.3667802
            ],
            [
              51.5494393,
              25.3668266
            ],
            [
              51.5494289,
              25.3668504
            ],
            [
              51.5494004,
              25.3668651
            ],
            [
              51.5493759,
              25.3668712
            ],
            [
              51.5493541,
              25.3668705
            ],
            [
              51.5493409,
              25.3668632
            ],
            [
              51.5493224,
              25.3668512
            ],
            [
              51.5493069,
              25.3668342
            ],
            [
              51.5493009,
              25.3668073
            ],
            [
              51.5493014,
              25.3667924
            ],
            [
              51.5485449,
              25.3658009
            ],
            [
              51.5485199,
              25.3657569
            ],
            [
              51.5485122,
              25.3657037
            ],
            [
              51.5485279,
              25.3656549
            ],
            [
              51.548567,
              25.3655988
            ],
            [
              51.5486488,
              25.3655564
            ],
            [
              51.5487987,
              25.3655038
            ],
            [
              51.5489168,
              25.3654817
            ],
            [
              51.5490696,
              25.365453
            ],
            [
              51.5493345,
              25.3654393
            ],
            [
              51.5495397,
              25.3654612
            ],
            [
              51.5495781,
              25.365471
            ]
          ]
        ]
      }
    },
    {
      "type": "Feature",
      "properties": {
        "osm_way_id": 771591886,
        "reference_class": "building",
        "last_edit": "2022-10-14T04:52:33Z",
        "source": "OpenStreetMap contributors"
      },
      "geometry": {
        "type": "Polygon",
        "coordinates": [
          [
            [
              51.5510633,
              25.3679508
            ],
            [
              51.550967,
              25.3679327
            ],
            [
              51.5510124,
              25.3676996
            ],
            [
              51.5510525,
              25.3677044
            ],
            [
              51.5510587,
              25.367694
            ],
            [
              51.5510718,
              25.3676828
            ],
            [
              51.5510864,
              25.367678
            ],
            [
              51.5510995,
              25.3676794
            ],
            [
              51.5511095,
              25.3676828
            ],
            [
              51.5511218,
              25.3676919
            ],
            [
              51.5511488,
              25.367678
            ],
            [
              51.551289,
              25.367884
            ],
            [
              51.5512004,
              25.367923
            ],
            [
              51.5511603,
              25.3678624
            ],
            [
              51.5511365,
              25.3678805
            ],
            [
              51.5511218,
              25.3678875
            ],
            [
              51.5510987,
              25.3678882
            ],
            [
              51.5510879,
              25.367884
            ],
            [
              51.5510756,
              25.3678791
            ],
            [
              51.5510633,
              25.3679508
            ]
          ]
        ]
      }
    },
    {
      "type": "Feature",
      "properties": {
        "osm_way_id": 771591887,
        "reference_class": "building",
        "last_edit": "2021-02-27T12:19:27Z",
        "source": "OpenStreetMap contributors"
      },
      "geometry": {
        "type": "Polygon",
        "coordinates": [
          [
            [
              51.550974,
              25.3679665
            ],
            [
              51.5509563,
              25.3680529
            ],
            [
              51.5510872,
              25.3680633
            ],
            [
              51.5511032,
              25.3681136
            ],
            [
              51.551143,
              25.368144
            ],
            [
              51.5512067,
              25.3681368
            ],
            [
              51.5512456,
              25.3680928
            ],
            [
              51.551235,
              25.3680337
            ],
            [
              51.5512908,
              25.3680185
            ],
            [
              51.5513385,
              25.3679913
            ],
            [
              51.5512881,
              25.3679169
            ],
            [
              51.5512403,
              25.3679417
            ],
            [
              51.5511996,
              25.3679545
            ],
            [
              51.5511333,
              25.3679713
            ],
            [
              51.551066,
              25.3679761
            ],
            [
              51.5510227,
              25.3679745
            ],
            [
              51.550974,
              25.3679665
            ]
          ]
        ]
      }
    },
    {
      "type": "Feature",
      "properties": {
        "osm_way_id": 771591889,
        "reference_class": "water",
        "last_edit": "2022-10-23T10:36:59Z",
        "source": "OpenStreetMap contributors"
      },
      "geometry": {
        "type": "Polygon",
        "coordinates": [
          [
            [
              51.551367,
              25.3681716
            ],
            [
              51.5513812,
              25.3681647
            ],
            [
              51.5513878,
              25.3681743
            ],
            [
              51.5513959,
              25.3681941
            ],
            [
              51.551403,
              25.3682152
            ],
            [
              51.5514093,
              25.3682368
            ],
            [
              51.5514117,
              25.3682611
            ],
            [
              51.5514107,
              25.368279
            ],
            [
              51.5514086,
              25.3682909
            ],
            [
              51.5514056,
              25.368307
            ],
            [
              51.5513929,
              25.3683029
            ],
            [
              51.5513968,
              25.3682774
            ],
            [
              51.5513977,
              25.3682601
            ],
            [
              51.5513958,
              25.3682415
            ],
            [
              51.5513916,
              25.3682242
            ],
            [
              51.5513854,
              25.3682072
            ],
            [
              51.5513751,
              25.368184
            ],
            [
              51.551367,
              25.3681716
            ]
          ]
        ]
      }
    },
    {
      "type": "Feature",
      "properties": {
        "osm_way_id": 771591912,
        "reference_class": "building",
        "last_edit": "2021-02-27T17:51:23Z",
        "source": "OpenStreetMap contributors"
      },
      "geometry": {
        "type": "Polygon",
        "coordinates": [
          [
            [
              51.5511164,
              25.3686624
            ],
            [
              51.5510627,
              25.3685712
            ],
            [
              51.5511858,
              25.3685221
            ],
            [
              51.5511853,
              25.3684963
            ],
            [
              51.5512127,
              25.3684609
            ],
            [
              51.5512746,
              25.368452
            ],
            [
              51.5513137,
              25.3684726
            ],
            [
              51.5513277,
              25.3685026
            ],
            [
              51.5514421,
              25.3685111
            ],
            [
              51.5514281,
              25.3686002
            ],
            [
              51.5513656,
              25.3685944
            ],
            [
              51.551288,
              25.3685933
            ],
            [
              51.5512244,
              25.368606
            ],
            [
              51.5511713,
              25.3686318
            ],
            [
              51.5511164,
              25.3686624
            ]
          ]
        ]
      }
    },
    {
      "type": "Feature",
      "properties": {
        "osm_way_id": 771591913,
        "reference_class": "building",
        "last_edit": "2022-10-13T22:52:31Z",
        "source": "OpenStreetMap contributors"
      },
      "geometry": {
        "type": "Polygon",
        "coordinates": [
          [
            [
              51.551187,
              25.3686535
            ],
            [
              51.5511011,
              25.3686952
            ],
            [
              51.5512255,
              25.3688941
            ],
            [
              51.5512675,
              25.3688872
            ],
            [
              51.5512681,
              25.3688962
            ],
            [
              51.5513335,
              25.3688883
            ],
            [
              51.5513323,
              25.3688782
            ],
            [
              51.5513813,
              25.3688761
            ],
            [
              51.5514251,
              25.3686483
            ],
            [
              51.5513294,
              25.3686287
            ],
            [
              51.5513119,
              25.368701
            ],
            [
              51.5512955,
              25.3686915
            ],
            [
              51.5512722,
              25.3686868
            ],
            [
              51.5512494,
              25.3686884
            ],
            [
              51.5512337,
              25.3686984
            ],
            [
              51.5512202,
              25.3687105
            ],
            [
              51.551187,
              25.3686535
            ]
          ]
        ]
      }
    },
    {
      "type": "Feature",
      "properties": {
        "osm_way_id": 771591918,
        "reference_class": "building",
        "last_edit": "2026-02-11T06:59:50Z",
        "source": "OpenStreetMap contributors"
      },
      "geometry": {
        "type": "Polygon",
        "coordinates": [
          [
            [
              51.5501184,
              25.3695007
            ],
            [
              51.5502122,
              25.3694871
            ],
            [
              51.550214,
              25.3695031
            ],
            [
              51.5503149,
              25.3694879
            ],
            [
              51.5503069,
              25.3694375
            ],
            [
              51.5503505,
              25.3694309
            ],
            [
              51.5503574,
              25.3694748
            ],
            [
              51.5505176,
              25.3694483
            ],
            [
              51.5505315,
              25.3694462
            ],
            [
              51.5505677,
              25.3694657
            ],
            [
              51.5506378,
              25.3693739
            ],
            [
              51.550607,
              25.3693565
            ],
            [
              51.550674,
              25.3692973
            ],
            [
              51.5507079,
              25.3693161
            ],
            [
              51.5507664,
              25.3692653
            ],
            [
              51.5507803,
              25.3692493
            ],
            [
              51.5507672,
              25.3692354
            ],
            [
              51.5507872,
              25.3692173
            ],
            [
              51.5507772,
              25.3691985
            ],
            [
              51.5508427,
              25.3691637
            ],
            [
              51.5508488,
              25.3691776
            ],
            [
              51.5509551,
              25.3691226
            ],
            [
              51.5509644,
              25.3691393
            ],
            [
              51.5510938,
              25.3690628
            ],
            [
              51.5510113,
              25.3689249
            ],
            [
              51.5509428,
              25.3688226
            ],
            [
              51.550952,
              25.3688171
            ],
            [
              51.5509066,
              25.3687287
            ],
            [
              51.5508904,
              25.3687349
            ],
            [
              51.5508719,
              25.3686869
            ],
            [
              51.5508558,
              25.3686932
            ],
            [
              51.5508373,
              25.368641
            ],
            [
              51.5508565,
              25.3686361
            ],
            [
              51.5508296,
              25.3685429
            ],
            [
              51.5508388,
              25.3685345
            ],
            [
              51.5506955,
              25.3684357
            ],
            [
              51.5506902,
              25.3684503
            ],
            [
              51.5505546,
              25.368476
            ],
            [
              51.5505492,
              25.368467
            ],
            [
              51.5504105,
              25.3684893
            ],
            [
              51.5504036,
              25.3684705
            ],
            [
              51.5502757,
              25.3684907
            ],
            [
              51.5502116,
              25.3685016
            ],
            [
              51.5502445,
              25.368676
            ],
            [
              51.5503173,
              25.3686765
            ],
            [
              51.5503413,
              25.368787
            ],
            [
              51.5504079,
              25.3687812
            ],
            [
              51.5504135,
              25.3688343
            ],
            [
              51.5503892,
              25.3688972
            ],
            [
              51.550381,
              25.3689703
            ],
            [
              51.5503924,
              25.3690175
            ],
            [
              51.5504354,
              25.3690681
            ],
            [
              51.5504781,
              25.3691243
            ],
            [
              51.5504192,
              25.3691405
            ],
            [
              51.5504258,
              25.3692248
            ],
            [
              51.5502423,
              25.3692551
            ],
            [
              51.5502522,
              25.369318
            ],
            [
              51.5500897,
              25.3693475
            ],
            [
              51.5501184,
              25.3695007
            ]
          ]
        ]
      }
    },
    {
      "type": "Feature",
      "properties": {
        "osm_way_id": 771591925,
        "reference_class": "water",
        "last_edit": "2022-10-15T23:11:09Z",
        "source": "OpenStreetMap contributors"
      },
      "geometry": {
        "type": "Polygon",
        "coordinates": [
          [
            [
              51.5513793,
              25.3691921
            ],
            [
              51.551373,
              25.3691942
            ],
            [
              51.5513677,
              25.369198
            ],
            [
              51.5513641,
              25.3692032
            ],
            [
              51.5513624,
              25.3692091
            ],
            [
              51.5513629,
              25.3692156
            ],
            [
              51.5513659,
              25.3692216
            ],
            [
              51.5513709,
              25.3692263
            ],
            [
              51.5513774,
              25.3692292
            ],
            [
              51.5513845,
              25.36923
            ],
            [
              51.5513916,
              25.3692286
            ],
            [
              51.5513977,
              25.3692251
            ],
            [
              51.5514022,
              25.3692199
            ],
            [
              51.5514045,
              25.3692137
            ],
            [
              51.5514044,
              25.3692076
            ],
            [
              51.5514022,
              25.3692019
            ],
            [
              51.5513981,
              25.369197
            ],
            [
              51.5513926,
              25.3691935
            ],
            [
              51.5513861,
              25.3691918
            ],
            [
              51.5513793,
              25.3691921
            ]
          ]
        ]
      }
    },
    {
      "type": "Feature",
      "properties": {
        "osm_way_id": 771833681,
        "reference_class": "building",
        "last_edit": "2022-07-27T11:59:10Z",
        "source": "OpenStreetMap contributors"
      },
      "geometry": {
        "type": "Polygon",
        "coordinates": [
          [
            [
              51.552449,
              25.3696094
            ],
            [
              51.55235,
              25.3695116
            ],
            [
              51.55231,
              25.3695447
            ],
            [
              51.5522045,
              25.3694404
            ],
            [
              51.5522286,
              25.3694205
            ],
            [
              51.5521933,
              25.3693856
            ],
            [
              51.5522604,
              25.3693301
            ],
            [
              51.5522933,
              25.3693626
            ],
            [
              51.5523188,
              25.3693415
            ],
            [
              51.5523262,
              25.3693488
            ],
            [
              51.5523777,
              25.3693062
            ],
            [
              51.552955,
              25.3692179
            ],
            [
              51.5529626,
              25.3692587
            ],
            [
              51.5530198,
              25.3692619
            ],
            [
              51.5530432,
              25.369303
            ],
            [
              51.5530385,
              25.3693494
            ],
            [
              51.5529942,
              25.3693748
            ],
            [
              51.5529966,
              25.369387
            ],
            [
              51.5526486,
              25.3694444
            ],
            [
              51.552449,
              25.3696094
            ]
          ]
        ]
      }
    },
    {
      "type": "Feature",
      "properties": {
        "osm_way_id": 771833682,
        "reference_class": "building",
        "last_edit": "2020-02-12T08:41:18Z",
        "source": "OpenStreetMap contributors"
      },
      "geometry": {
        "type": "Polygon",
        "coordinates": [
          [
            [
              51.5503185,
              25.3698182
            ],
            [
              51.5503474,
              25.3699476
            ],
            [
              51.5503019,
              25.3699929
            ],
            [
              51.5508576,
              25.3704676
            ],
            [
              51.550951,
              25.3703748
            ],
            [
              51.5509691,
              25.3703903
            ],
            [
              51.5510275,
              25.3703364
            ],
            [
              51.5510583,
              25.3703197
            ],
            [
              51.5511507,
              25.3702515
            ],
            [
              51.55116,
              25.370264
            ],
            [
              51.5512848,
              25.3701847
            ],
            [
              51.5512647,
              25.3700914
            ],
            [
              51.5512601,
              25.3700441
            ],
            [
              51.5510429,
              25.3700427
            ],
            [
              51.5507517,
              25.3699842
            ],
            [
              51.5507487,
              25.3699564
            ],
            [
              51.5506401,
              25.3699126
            ],
            [
              51.55063,
              25.3699265
            ],
            [
              51.5505552,
              25.3698452
            ],
            [
              51.5505844,
              25.3698081
            ],
            [
              51.5505319,
              25.3697857
            ],
            [
              51.5503185,
              25.3698182
            ]
          ]
        ]
      }
    },
    {
      "type": "Feature",
      "properties": {
        "osm_way_id": 771845168,
        "reference_class": "water",
        "last_edit": "2022-10-16T16:59:19Z",
        "source": "OpenStreetMap contributors"
      },
      "geometry": {
        "type": "Polygon",
        "coordinates": [
          [
            [
              51.5516707,
              25.3703939
            ],
            [
              51.5516813,
              25.3703943
            ],
            [
              51.5518654,
              25.3703926
            ],
            [
              51.5518291,
              25.3704583
            ],
            [
              51.5517578,
              25.3705264
            ],
            [
              51.5516654,
              25.3705688
            ],
            [
              51.5515625,
              25.3705805
            ],
            [
              51.5514613,
              25.3705603
            ],
            [
              51.5513736,
              25.3705104
            ],
            [
              51.5513599,
              25.3704986
            ],
            [
              51.5515049,
              25.3704223
            ],
            [
              51.5515132,
              25.3704178
            ],
            [
              51.5515174,
              25.3704204
            ],
            [
              51.551546,
              25.3704332
            ],
            [
              51.5515839,
              25.3704384
            ],
            [
              51.551632,
              25.3704286
            ],
            [
              51.5516562,
              25.3704113
            ],
            [
              51.5516672,
              25.3703991
            ],
            [
              51.5516707,
              25.3703939
            ]
          ]
        ]
      }
    },
    {
      "type": "Feature",
      "properties": {
        "osm_way_id": 771845171,
        "reference_class": "water",
        "last_edit": "2020-02-12T09:44:07Z",
        "source": "OpenStreetMap contributors"
      },
      "geometry": {
        "type": "Polygon",
        "coordinates": [
          [
            [
              51.5541145,
              25.3708019
            ],
            [
              51.5541411,
              25.3708059
            ],
            [
              51.5541942,
              25.3707987
            ],
            [
              51.5542278,
              25.3707987
            ],
            [
              51.5542738,
              25.3708011
            ],
            [
              51.554334,
              25.3708099
            ],
            [
              51.5543841,
              25.3708271
            ],
            [
              51.5544109,
              25.3708466
            ],
            [
              51.5544331,
              25.370861
            ],
            [
              51.5544915,
              25.3708658
            ],
            [
              51.5545446,
              25.3708674
            ],
            [
              51.554603,
              25.3708842
            ],
            [
              51.554656,
              25.370905
            ],
            [
              51.5547012,
              25.3709186
            ],
            [
              51.5547596,
              25.3709378
            ],
            [
              51.5548197,
              25.3709506
            ],
            [
              51.554879,
              25.3709817
            ],
            [
              51.5549268,
              25.3710009
            ],
            [
              51.5549578,
              25.3710081
            ],
            [
              51.5550153,
              25.3709881
            ],
            [
              51.55504,
              25.3709474
            ],
            [
              51.5550498,
              25.3709202
            ],
            [
              51.5550454,
              25.3709002
            ],
            [
              51.5550241,
              25.3708658
            ],
            [
              51.5550002,
              25.3708362
            ],
            [
              51.5549701,
              25.3708219
            ],
            [
              51.5549401,
              25.3708083
            ],
            [
              51.5548914,
              25.3708043
            ],
            [
              51.5548374,
              25.3707907
            ],
            [
              51.554802,
              25.3707819
            ],
            [
              51.5547383,
              25.3707427
            ],
            [
              51.5546897,
              25.3707003
            ],
            [
              51.5546569,
              25.3706787
            ],
            [
              51.5546189,
              25.3706676
            ],
            [
              51.5545764,
              25.370666
            ],
            [
              51.5545348,
              25.3706612
            ],
            [
              51.5545003,
              25.3706492
            ],
            [
              51.5544711,
              25.3706364
            ],
            [
              51.5544286,
              25.370602
            ],
            [
              51.5543977,
              25.3705628
            ],
            [
              51.55438,
              25.3705364
            ],
            [
              51.5543526,
              25.3705141
            ],
            [
              51.5543154,
              25.3705109
            ],
            [
              51.5542809,
              25.3705189
            ],
            [
              51.5542552,
              25.3705516
            ],
            [
              51.5542402,
              25.3705908
            ],
            [
              51.5542154,
              25.370622
            ],
            [
              51.5541906,
              25.3706492
            ],
            [
              51.5541579,
              25.3706708
            ],
            [
              51.5541269,
              25.3706843
            ],
            [
              51.5541039,
              25.3706947
            ],
            [
              51.5540845,
              25.3707131
            ],
            [
              51.5540774,
              25.3707267
            ],
            [
              51.5540712,
              25.3707491
            ],
            [
              51.554073,
              25.3707619
            ],
            [
              51.5540818,
              25.3707779
            ],
            [
              51.5541145,
              25.3708019
            ]
          ]
        ]
      }
    },
    {
      "type": "Feature",
      "properties": {
        "osm_way_id": 771845186,
        "reference_class": "building",
        "last_edit": "2020-02-12T09:44:07Z",
        "source": "OpenStreetMap contributors"
      },
      "geometry": {
        "type": "Polygon",
        "coordinates": [
          [
            [
              51.5505231,
              25.3710405
            ],
            [
              51.5506126,
              25.3709817
            ],
            [
              51.5505355,
              25.3708859
            ],
            [
              51.5504825,
              25.3709206
            ],
            [
              51.5505146,
              25.3709606
            ],
            [
              51.5504781,
              25.3709846
            ],
            [
              51.5505231,
              25.3710405
            ]
          ]
        ]
      }
    },
    {
      "type": "Feature",
      "properties": {
        "osm_way_id": 771867667,
        "reference_class": "building",
        "last_edit": "2020-02-12T11:42:18Z",
        "source": "OpenStreetMap contributors"
      },
      "geometry": {
        "type": "Polygon",
        "coordinates": [
          [
            [
              51.5498883,
              25.3712451
            ],
            [
              51.5497865,
              25.3712184
            ],
            [
              51.5498651,
              25.3709737
            ],
            [
              51.54985,
              25.3709697
            ],
            [
              51.5499846,
              25.3705502
            ],
            [
              51.5500013,
              25.3705545
            ],
            [
              51.5500189,
              25.3704995
            ],
            [
              51.5500472,
              25.3705069
            ],
            [
              51.5500589,
              25.3704703
            ],
            [
              51.5501383,
              25.3704911
            ],
            [
              51.5499983,
              25.3709291
            ],
            [
              51.5499762,
              25.3709233
            ],
            [
              51.5499525,
              25.3709974
            ],
            [
              51.5499666,
              25.3710011
            ],
            [
              51.5498883,
              25.3712451
            ]
          ]
        ]
      }
    },
    {
      "type": "Feature",
      "properties": {
        "osm_way_id": 771867682,
        "reference_class": "water",
        "last_edit": "2022-10-15T00:55:16Z",
        "source": "OpenStreetMap contributors"
      },
      "geometry": {
        "type": "Polygon",
        "coordinates": [
          [
            [
              51.5485221,
              25.3745762
            ],
            [
              51.5485286,
              25.3745423
            ],
            [
              51.5485195,
              25.3744808
            ],
            [
              51.5484808,
              25.3744211
            ],
            [
              51.5481556,
              25.3740584
            ],
            [
              51.5478985,
              25.37377
            ],
            [
              51.5480255,
              25.3736764
            ],
            [
              51.5485418,
              25.3742613
            ],
            [
              51.5486241,
              25.3743495
            ],
            [
              51.548675,
              25.3743853
            ],
            [
              51.5487085,
              25.3744018
            ],
            [
              51.5487492,
              25.3744083
            ],
            [
              51.5488064,
              25.3744002
            ],
            [
              51.5487787,
              25.3744237
            ],
            [
              51.5486451,
              25.3745061
            ],
            [
              51.5485221,
              25.3745762
            ]
          ]
        ]
      }
    },
    {
      "type": "Feature",
      "properties": {
        "osm_way_id": 771867683,
        "reference_class": "water",
        "last_edit": "2020-02-12T11:42:18Z",
        "source": "OpenStreetMap contributors"
      },
      "geometry": {
        "type": "Polygon",
        "coordinates": [
          [
            [
              51.5478985,
              25.37377
            ],
            [
              51.5477418,
              25.3735963
            ],
            [
              51.5475725,
              25.3734043
            ],
            [
              51.5473227,
              25.3731258
            ],
            [
              51.5465328,
              25.3722792
            ],
            [
              51.5466577,
              25.3721941
            ],
            [
              51.5476026,
              25.3732041
            ],
            [
              51.5480255,
              25.3736764
            ],
            [
              51.5478985,
              25.37377
            ]
          ]
        ]
      }
    },
    {
      "type": "Feature",
      "properties": {
        "osm_way_id": 771867684,
        "reference_class": "water",
        "last_edit": "2024-10-03T14:32:31Z",
        "source": "OpenStreetMap contributors"
      },
      "geometry": {
        "type": "Polygon",
        "coordinates": [
          [
            [
              51.5465328,
              25.3722792
            ],
            [
              51.5461567,
              25.3718759
            ],
            [
              51.5461243,
              25.3718536
            ],
            [
              51.5460959,
              25.3718648
            ],
            [
              51.5460575,
              25.3718307
            ],
            [
              51.5461048,
              25.3717988
            ],
            [
              51.5461805,
              25.3717353
            ],
            [
              51.5462651,
              25.3716718
            ],
            [
              51.5462756,
              25.3716638
            ],
            [
              51.5463267,
              25.3717075
            ],
            [
              51.5462966,
              25.3717299
            ],
            [
              51.5462948,
              25.3717619
            ],
            [
              51.5466577,
              25.3721941
            ],
            [
              51.5465328,
              25.3722792
            ]
          ]
        ]
      }
    },
    {
      "type": "Feature",
      "properties": {
        "osm_way_id": 771886266,
        "reference_class": "water",
        "last_edit": "2021-04-29T06:07:07Z",
        "source": "OpenStreetMap contributors"
      },
      "geometry": {
        "type": "Polygon",
        "coordinates": [
          [
            [
              51.5453518,
              25.3762264
            ],
            [
              51.5453909,
              25.3764642
            ],
            [
              51.5454417,
              25.3767783
            ],
            [
              51.5455441,
              25.377048
            ],
            [
              51.5455988,
              25.3771877
            ],
            [
              51.5456321,
              25.3772636
            ],
            [
              51.5458243,
              25.3777017
            ],
            [
              51.5457125,
              25.3777266
            ],
            [
              51.5455481,
              25.3777568
            ],
            [
              51.5455282,
              25.3776494
            ],
            [
              51.5454571,
              25.3772668
            ],
            [
              51.5454507,
              25.3772216
            ],
            [
              51.5453541,
              25.3770538
            ],
            [
              51.5452586,
              25.3768171
            ],
            [
              51.5452248,
              25.3766195
            ],
            [
              51.5451667,
              25.3762338
            ],
            [
              51.5453518,
              25.3762264
            ]
          ]
        ]
      }
    },
    {
      "type": "Feature",
      "properties": {
        "osm_way_id": 771886267,
        "reference_class": "water",
        "last_edit": "2022-03-02T14:39:25Z",
        "source": "OpenStreetMap contributors"
      },
      "geometry": {
        "type": "Polygon",
        "coordinates": [
          [
            [
              51.5454507,
              25.3772216
            ],
            [
              51.54476,
              25.3773077
            ],
            [
              51.5443079,
              25.3771453
            ],
            [
              51.5442905,
              25.3771394
            ],
            [
              51.5439921,
              25.3770384
            ],
            [
              51.5437743,
              25.3769685
            ],
            [
              51.5433364,
              25.3768526
            ],
            [
              51.5433442,
              25.3768069
            ],
            [
              51.5433651,
              25.3766838
            ],
            [
              51.5436246,
              25.3767559
            ],
            [
              51.5446567,
              25.3771015
            ],
            [
              51.5447521,
              25.3771263
            ],
            [
              51.5453541,
              25.3770538
            ],
            [
              51.5454507,
              25.3772216
            ]
          ]
        ]
      }
    },
    {
      "type": "Feature",
      "properties": {
        "osm_way_id": 771886268,
        "reference_class": "water",
        "last_edit": "2021-04-29T06:07:07Z",
        "source": "OpenStreetMap contributors"
      },
      "geometry": {
        "type": "Polygon",
        "coordinates": [
          [
            [
              51.5458243,
              25.3777017
            ],
            [
              51.5458545,
              25.3778195
            ],
            [
              51.5458687,
              25.3778916
            ],
            [
              51.5462205,
              25.3778874
            ],
            [
              51.546843,
              25.3777224
            ],
            [
              51.5474518,
              25.3774977
            ],
            [
              51.547403,
              25.3774117
            ],
            [
              51.5473632,
              25.3773416
            ],
            [
              51.5467964,
              25.3775578
            ],
            [
              51.5465668,
              25.377627
            ],
            [
              51.5461933,
              25.3777275
            ],
            [
              51.5458243,
              25.3777017
            ]
          ]
        ]
      }
    },
    {
      "type": "Feature",
      "properties": {
        "osm_way_id": 771886269,
        "reference_class": "water",
        "last_edit": "2022-03-11T15:00:05Z",
        "source": "OpenStreetMap contributors"
      },
      "geometry": {
        "type": "Polygon",
        "coordinates": [
          [
            [
              51.545671,
              25.3778918
            ],
            [
              51.5456396,
              25.3778317
            ],
            [
              51.5455481,
              25.3777568
            ],
            [
              51.5449561,
              25.3778322
            ],
            [
              51.544519,
              25.3778911
            ],
            [
              51.5442231,
              25.3780128
            ],
            [
              51.5440946,
              25.3781422
            ],
            [
              51.5435471,
              25.3786669
            ],
            [
              51.5436147,
              25.3787235
            ],
            [
              51.5436561,
              25.3787553
            ],
            [
              51.5436814,
              25.3787747
            ],
            [
              51.5439513,
              25.3785325
            ],
            [
              51.5442862,
              25.3782113
            ],
            [
              51.5443103,
              25.3781851
            ],
            [
              51.5443439,
              25.3781579
            ],
            [
              51.5443599,
              25.3781492
            ],
            [
              51.5444978,
              25.3780584
            ],
            [
              51.5446107,
              25.3780416
            ],
            [
              51.5450051,
              25.3779872
            ],
            [
              51.545671,
              25.3778918
            ]
          ]
        ]
      }
    },
    {
      "type": "Feature",
      "properties": {
        "osm_way_id": 771886270,
        "reference_class": "water",
        "last_edit": "2022-02-21T21:14:27Z",
        "source": "OpenStreetMap contributors"
      },
      "geometry": {
        "type": "Polygon",
        "coordinates": [
          [
            [
              51.5455481,
              25.3777568
            ],
            [
              51.5457125,
              25.3777266
            ],
            [
              51.5458243,
              25.3777017
            ],
            [
              51.5458545,
              25.3778195
            ],
            [
              51.5458687,
              25.3778916
            ],
            [
              51.5460824,
              25.3784363
            ],
            [
              51.5461008,
              25.3784621
            ],
            [
              51.5454951,
              25.3790966
            ],
            [
              51.5453149,
              25.3793091
            ],
            [
              51.545103,
              25.3795597
            ],
            [
              51.545004,
              25.3795003
            ],
            [
              51.5449051,
              25.3794452
            ],
            [
              51.5451042,
              25.3792427
            ],
            [
              51.545269,
              25.3790634
            ],
            [
              51.5456255,
              25.3786778
            ],
            [
              51.5458663,
              25.3784067
            ],
            [
              51.545671,
              25.3778918
            ],
            [
              51.5456396,
              25.3778317
            ],
            [
              51.5455481,
              25.3777568
            ]
          ]
        ]
      }
    },
    {
      "type": "Feature",
      "properties": {
        "osm_way_id": 771886272,
        "reference_class": "water",
        "last_edit": "2022-03-02T14:39:25Z",
        "source": "OpenStreetMap contributors"
      },
      "geometry": {
        "type": "Polygon",
        "coordinates": [
          [
            [
              51.5433418,
              25.3762235
            ],
            [
              51.5433651,
              25.3766838
            ],
            [
              51.5433442,
              25.3768069
            ],
            [
              51.5433364,
              25.3768526
            ],
            [
              51.5428549,
              25.3776937
            ],
            [
              51.5428992,
              25.3777253
            ],
            [
              51.542864,
              25.3777933
            ],
            [
              51.5427316,
              25.3777218
            ],
            [
              51.5425931,
              25.3776509
            ],
            [
              51.5426354,
              25.3775924
            ],
            [
              51.5427064,
              25.3774511
            ],
            [
              51.5427601,
              25.377475
            ],
            [
              51.5430368,
              25.3770187
            ],
            [
              51.5431551,
              25.3767917
            ],
            [
              51.5431563,
              25.3762098
            ],
            [
              51.5433418,
              25.3762235
            ]
          ]
        ]
      }
    },
    {
      "type": "Feature",
      "properties": {
        "osm_way_id": 771886316,
        "reference_class": "building",
        "last_edit": "2022-10-16T00:53:37Z",
        "source": "OpenStreetMap contributors"
      },
      "geometry": {
        "type": "Polygon",
        "coordinates": [
          [
            [
              51.5493226,
              25.3772776
            ],
            [
              51.5493025,
              25.3772267
            ],
            [
              51.5493145,
              25.37722
            ],
            [
              51.549271,
              25.3771794
            ],
            [
              51.5492529,
              25.3771649
            ],
            [
              51.5492455,
              25.3771764
            ],
            [
              51.5491831,
              25.3771643
            ],
            [
              51.5491818,
              25.3771152
            ],
            [
              51.5491945,
              25.3771128
            ],
            [
              51.5492012,
              25.3770522
            ],
            [
              51.5492348,
              25.3770534
            ],
            [
              51.5492448,
              25.3770243
            ],
            [
              51.549281,
              25.3770376
            ],
            [
              51.5493048,
              25.3770124
            ],
            [
              51.5493457,
              25.3770306
            ],
            [
              51.5493786,
              25.3770542
            ],
            [
              51.5494047,
              25.3770784
            ],
            [
              51.5494218,
              25.3770949
            ],
            [
              51.5494436,
              25.37712
            ],
            [
              51.5494512,
              25.3771324
            ],
            [
              51.5494188,
              25.3771491
            ],
            [
              51.5494393,
              25.3771912
            ],
            [
              51.5494225,
              25.3771991
            ],
            [
              51.5494309,
              25.3772155
            ],
            [
              51.5494406,
              25.3772536
            ],
            [
              51.5493776,
              25.3772651
            ],
            [
              51.5493793,
              25.377277
            ],
            [
              51.5493226,
              25.3772776
            ]
          ]
        ]
      }
    },
    {
      "type": "Feature",
      "properties": {
        "osm_way_id": 771916788,
        "reference_class": "building",
        "last_edit": "2020-02-12T15:20:59Z",
        "source": "OpenStreetMap contributors"
      },
      "geometry": {
        "type": "Polygon",
        "coordinates": [
          [
            [
              51.5462,
              25.3765577
            ],
            [
              51.5461827,
              25.3764337
            ],
            [
              51.5462587,
              25.3764251
            ],
            [
              51.5462759,
              25.3765491
            ],
            [
              51.5462,
              25.3765577
            ]
          ]
        ]
      }
    },
    {
      "type": "Feature",
      "properties": {
        "osm_way_id": 771916807,
        "reference_class": "water",
        "last_edit": "2022-10-13T16:46:09Z",
        "source": "OpenStreetMap contributors"
      },
      "geometry": {
        "type": "Polygon",
        "coordinates": [
          [
            [
              51.5485885,
              25.3760673
            ],
            [
              51.5486208,
              25.3760431
            ],
            [
              51.5486691,
              25.3760175
            ],
            [
              51.5487133,
              25.3760343
            ],
            [
              51.5487462,
              25.376058
            ],
            [
              51.5487558,
              25.3760468
            ],
            [
              51.5487669,
              25.3760192
            ],
            [
              51.5487681,
              25.3759898
            ],
            [
              51.5487594,
              25.3759615
            ],
            [
              51.5487316,
              25.3759284
            ],
            [
              51.5486996,
              25.3759639
            ],
            [
              51.5486646,
              25.3759939
            ],
            [
              51.5486248,
              25.3759703
            ],
            [
              51.5485918,
              25.3759337
            ],
            [
              51.5485783,
              25.3759457
            ],
            [
              51.5485625,
              25.3759754
            ],
            [
              51.5485589,
              25.3760082
            ],
            [
              51.548568,
              25.3760401
            ],
            [
              51.5485885,
              25.3760673
            ]
          ]
        ]
      }
    },
    {
      "type": "Feature",
      "properties": {
        "osm_way_id": 771916842,
        "reference_class": "water",
        "last_edit": "2022-10-12T17:15:41Z",
        "source": "OpenStreetMap contributors"
      },
      "geometry": {
        "type": "Polygon",
        "coordinates": [
          [
            [
              51.5491284,
              25.3772941
            ],
            [
              51.5491198,
              25.3772849
            ],
            [
              51.5491149,
              25.3772737
            ],
            [
              51.5491143,
              25.3772615
            ],
            [
              51.5491182,
              25.3772498
            ],
            [
              51.5491261,
              25.3772398
            ],
            [
              51.5491372,
              25.3772328
            ],
            [
              51.5491502,
              25.3772294
            ],
            [
              51.5491637,
              25.3772301
            ],
            [
              51.5491763,
              25.3772347
            ],
            [
              51.5491865,
              25.3772428
            ],
            [
              51.5491931,
              25.3772534
            ],
            [
              51.5491956,
              25.3772655
            ],
            [
              51.5491936,
              25.3772773
            ],
            [
              51.5491875,
              25.377288
            ],
            [
              51.549178,
              25.3772963
            ],
            [
              51.5491659,
              25.3773015
            ],
            [
              51.5491527,
              25.3773028
            ],
            [
              51.5491398,
              25.3773003
            ],
            [
              51.5491284,
              25.3772941
            ]
          ]
        ]
      }
    },
    {
      "type": "Feature",
      "properties": {
        "osm_way_id": 771916853,
        "reference_class": "building",
        "last_edit": "2022-10-14T05:06:31Z",
        "source": "OpenStreetMap contributors"
      },
      "geometry": {
        "type": "Polygon",
        "coordinates": [
          [
            [
              51.5483685,
              25.3792155
            ],
            [
              51.5484638,
              25.3790423
            ],
            [
              51.5484758,
              25.3790477
            ],
            [
              51.5485203,
              25.3789669
            ],
            [
              51.548532,
              25.3789721
            ],
            [
              51.5485767,
              25.378891
            ],
            [
              51.5486166,
              25.3789089
            ],
            [
              51.5486595,
              25.3788311
            ],
            [
              51.5487039,
              25.3788511
            ],
            [
              51.5487446,
              25.378777
            ],
            [
              51.5489279,
              25.3788593
            ],
            [
              51.5488966,
              25.3789163
            ],
            [
              51.5489072,
              25.3789211
            ],
            [
              51.5488919,
              25.3789489
            ],
            [
              51.5488513,
              25.3789307
            ],
            [
              51.5488067,
              25.3790117
            ],
            [
              51.5487582,
              25.3789899
            ],
            [
              51.5486689,
              25.3791523
            ],
            [
              51.5485576,
              25.3791023
            ],
            [
              51.5484702,
              25.3792611
            ],
            [
              51.5483685,
              25.3792155
            ]
          ]
        ]
      }
    },
    {
      "type": "Feature",
      "properties": {
        "osm_way_id": 771916854,
        "reference_class": "building",
        "last_edit": "2020-02-12T15:20:59Z",
        "source": "OpenStreetMap contributors"
      },
      "geometry": {
        "type": "Polygon",
        "coordinates": [
          [
            [
              51.548312,
              25.3789323
            ],
            [
              51.5484482,
              25.3786674
            ],
            [
              51.5485181,
              25.3786967
            ],
            [
              51.5484977,
              25.3787363
            ],
            [
              51.5484789,
              25.3787284
            ],
            [
              51.5484407,
              25.3788029
            ],
            [
              51.5484587,
              25.3788104
            ],
            [
              51.5484424,
              25.3788422
            ],
            [
              51.5484228,
              25.378834
            ],
            [
              51.5484107,
              25.3788575
            ],
            [
              51.5484272,
              25.3788644
            ],
            [
              51.5483781,
              25.37896
            ],
            [
              51.548312,
              25.3789323
            ]
          ]
        ]
      }
    },
    {
      "type": "Feature",
      "properties": {
        "osm_way_id": 771941711,
        "reference_class": "water",
        "last_edit": "2022-10-12T20:50:44Z",
        "source": "OpenStreetMap contributors"
      },
      "geometry": {
        "type": "Polygon",
        "coordinates": [
          [
            [
              51.5497154,
              25.375553
            ],
            [
              51.5497063,
              25.3754451
            ],
            [
              51.5497409,
              25.3754427
            ],
            [
              51.5497499,
              25.3755506
            ],
            [
              51.5497154,
              25.375553
            ]
          ]
        ]
      }
    },
    {
      "type": "Feature",
      "properties": {
        "osm_way_id": 771941729,
        "reference_class": "grass",
        "last_edit": "2020-02-12T17:22:38Z",
        "source": "OpenStreetMap contributors"
      },
      "geometry": {
        "type": "Polygon",
        "coordinates": [
          [
            [
              51.5497447,
              25.3764352
            ],
            [
              51.5497748,
              25.3764332
            ],
            [
              51.549777,
              25.3764572
            ],
            [
              51.5497628,
              25.3764576
            ],
            [
              51.5497469,
              25.3764448
            ],
            [
              51.5497447,
              25.3764352
            ]
          ]
        ]
      }
    },
    {
      "type": "Feature",
      "properties": {
        "osm_way_id": 771941737,
        "reference_class": "grass",
        "last_edit": "2022-10-19T08:47:37Z",
        "source": "OpenStreetMap contributors"
      },
      "geometry": {
        "type": "Polygon",
        "coordinates": [
          [
            [
              51.5498287,
              25.376477
            ],
            [
              51.5499338,
              25.3764711
            ],
            [
              51.5499369,
              25.3765327
            ],
            [
              51.5498453,
              25.3765379
            ],
            [
              51.5498429,
              25.3765317
            ],
            [
              51.5498383,
              25.3765289
            ],
            [
              51.5498314,
              25.3765271
            ],
            [
              51.5498287,
              25.376477
            ]
          ]
        ]
      }
    },
    {
      "type": "Feature",
      "properties": {
        "osm_way_id": 771941740,
        "reference_class": "building",
        "last_edit": "2022-10-12T22:45:30Z",
        "source": "OpenStreetMap contributors"
      },
      "geometry": {
        "type": "Polygon",
        "coordinates": [
          [
            [
              51.5505126,
              25.3767395
            ],
            [
              51.5504821,
              25.3766823
            ],
            [
              51.5505086,
              25.3766252
            ],
            [
              51.550571,
              25.3766028
            ],
            [
              51.5506329,
              25.3766252
            ],
            [
              51.5506577,
              25.3766851
            ],
            [
              51.550636,
              25.3767375
            ],
            [
              51.5505741,
              25.3767619
            ],
            [
              51.5505126,
              25.3767395
            ]
          ]
        ]
      }
    },
    {
      "type": "Feature",
      "properties": {
        "osm_way_id": 771941758,
        "reference_class": "grass",
        "last_edit": "2022-10-19T22:45:03Z",
        "source": "OpenStreetMap contributors"
      },
      "geometry": {
        "type": "Polygon",
        "coordinates": [
          [
            [
              51.5505484,
              25.3761525
            ],
            [
              51.5505532,
              25.376158
            ],
            [
              51.55056,
              25.376161
            ],
            [
              51.5505651,
              25.3761606
            ],
            [
              51.5505698,
              25.3761579
            ],
            [
              51.5505743,
              25.3761534
            ],
            [
              51.5506074,
              25.3761509
            ],
            [
              51.5506155,
              25.3761578
            ],
            [
              51.5506302,
              25.3761596
            ],
            [
              51.5506275,
              25.3761983
            ],
            [
              51.5506105,
              25.3761976
            ],
            [
              51.5505989,
              25.376197
            ],
            [
              51.5505886,
              25.3761968
            ],
            [
              51.55052,
              25.3762072
            ],
            [
              51.5505372,
              25.3761523
            ],
            [
              51.5505484,
              25.3761525
            ]
          ]
        ]
      }
    },
    {
      "type": "Feature",
      "properties": {
        "osm_way_id": 771941770,
        "reference_class": "building",
        "last_edit": "2025-11-28T09:06:58Z",
        "source": "OpenStreetMap contributors"
      },
      "geometry": {
        "type": "Polygon",
        "coordinates": [
          [
            [
              51.5531139,
              25.3745944
            ],
            [
              51.5531376,
              25.374525
            ],
            [
              51.553129,
              25.3745192
            ],
            [
              51.5531253,
              25.3745102
            ],
            [
              51.5531297,
              25.3744983
            ],
            [
              51.5531388,
              25.3744906
            ],
            [
              51.5531503,
              25.3744898
            ],
            [
              51.5531744,
              25.3744226
            ],
            [
              51.5532856,
              25.3744576
            ],
            [
              51.5532911,
              25.3744425
            ],
            [
              51.5533231,
              25.3744512
            ],
            [
              51.5534417,
              25.3744832
            ],
            [
              51.5533874,
              25.3746513
            ],
            [
              51.5533713,
              25.3746455
            ],
            [
              51.5533608,
              25.3746768
            ],
            [
              51.5532545,
              25.3746446
            ],
            [
              51.5532599,
              25.3746314
            ],
            [
              51.5531139,
              25.3745944
            ]
          ]
        ]
      }
    },
    {
      "type": "Feature",
      "properties": {
        "osm_way_id": 772099140,
        "reference_class": "building",
        "last_edit": "2022-10-28T09:08:46Z",
        "source": "OpenStreetMap contributors"
      },
      "geometry": {
        "type": "Polygon",
        "coordinates": [
          [
            [
              51.5437236,
              25.3756143
            ],
            [
              51.543727,
              25.375387
            ],
            [
              51.5440116,
              25.3753702
            ],
            [
              51.5440076,
              25.3754001
            ],
            [
              51.5444282,
              25.3753864
            ],
            [
              51.5444276,
              25.3753566
            ],
            [
              51.5446228,
              25.3753449
            ],
            [
              51.5446887,
              25.3753409
            ],
            [
              51.5446891,
              25.3753633
            ],
            [
              51.5447107,
              25.3753639
            ],
            [
              51.5447544,
              25.3753878
            ],
            [
              51.5447374,
              25.3755908
            ],
            [
              51.5437236,
              25.3756143
            ]
          ]
        ]
      }
    },
    {
      "type": "Feature",
      "properties": {
        "osm_way_id": 772099150,
        "reference_class": "building",
        "last_edit": "2022-10-13T09:14:52Z",
        "source": "OpenStreetMap contributors"
      },
      "geometry": {
        "type": "Polygon",
        "coordinates": [
          [
            [
              51.5448288,
              25.3762944
            ],
            [
              51.5448284,
              25.3762722
            ],
            [
              51.5448269,
              25.3761885
            ],
            [
              51.5448246,
              25.3760592
            ],
            [
              51.5448731,
              25.3760587
            ],
            [
              51.5448751,
              25.3761874
            ],
            [
              51.5448764,
              25.3762712
            ],
            [
              51.5448767,
              25.3762939
            ],
            [
              51.5448288,
              25.3762944
            ]
          ]
        ]
      }
    },
    {
      "type": "Feature",
      "properties": {
        "osm_way_id": 772106076,
        "reference_class": "building",
        "last_edit": "2021-03-02T11:10:56Z",
        "source": "OpenStreetMap contributors"
      },
      "geometry": {
        "type": "Polygon",
        "coordinates": [
          [
            [
              51.5433463,
              25.3773088
            ],
            [
              51.5433668,
              25.3772737
            ],
            [
              51.5433805,
              25.3772802
            ],
            [
              51.5434813,
              25.3771074
            ],
            [
              51.5434057,
              25.3770713
            ],
            [
              51.5434521,
              25.3769919
            ],
            [
              51.5433413,
              25.376939
            ],
            [
              51.5431734,
              25.3772263
            ],
            [
              51.5433463,
              25.3773088
            ]
          ]
        ]
      }
    },
    {
      "type": "Feature",
      "properties": {
        "osm_way_id": 772106077,
        "reference_class": "building",
        "last_edit": "2022-10-14T22:51:22Z",
        "source": "OpenStreetMap contributors"
      },
      "geometry": {
        "type": "Polygon",
        "coordinates": [
          [
            [
              51.5443087,
              25.3776825
            ],
            [
              51.5444274,
              25.3773912
            ],
            [
              51.5443967,
              25.377381
            ],
            [
              51.5444365,
              25.3772833
            ],
            [
              51.5443037,
              25.3772391
            ],
            [
              51.544263,
              25.3773388
            ],
            [
              51.544244,
              25.3773303
            ],
            [
              51.5441896,
              25.377472
            ],
            [
              51.5439583,
              25.3773995
            ],
            [
              51.5438984,
              25.3775461
            ],
            [
              51.5443087,
              25.3776825
            ]
          ]
        ]
      }
    },
    {
      "type": "Feature",
      "properties": {
        "osm_way_id": 772368586,
        "reference_class": "water",
        "last_edit": "2022-10-17T02:47:18Z",
        "source": "OpenStreetMap contributors"
      },
      "geometry": {
        "type": "Polygon",
        "coordinates": [
          [
            [
              51.5445863,
              25.3767278
            ],
            [
              51.5445852,
              25.3767311
            ],
            [
              51.544583,
              25.3767339
            ],
            [
              51.5445798,
              25.3767359
            ],
            [
              51.5445761,
              25.3767368
            ],
            [
              51.5445723,
              25.3767365
            ],
            [
              51.5445688,
              25.3767351
            ],
            [
              51.5445663,
              25.3767329
            ],
            [
              51.5445646,
              25.3767301
            ],
            [
              51.5445639,
              25.3767271
            ],
            [
              51.5445643,
              25.3767239
            ],
            [
              51.5445657,
              25.376721
            ],
            [
              51.5445681,
              25.3767187
            ],
            [
              51.5445711,
              25.3767171
            ],
            [
              51.5445749,
              25.3767165
            ],
            [
              51.5445786,
              25.376717
            ],
            [
              51.544582,
              25.3767186
            ],
            [
              51.5445846,
              25.3767212
            ],
            [
              51.5445861,
              25.3767244
            ],
            [
              51.5445863,
              25.3767278
            ]
          ]
        ]
      }
    },
    {
      "type": "Feature",
      "properties": {
        "osm_way_id": 772373819,
        "reference_class": "building",
        "last_edit": "2022-10-28T09:08:46Z",
        "source": "OpenStreetMap contributors"
      },
      "geometry": {
        "type": "Polygon",
        "coordinates": [
          [
            [
              51.5437633,
              25.3759349
            ],
            [
              51.5437852,
              25.3759345
            ],
            [
              51.5437887,
              25.3760534
            ],
            [
              51.5439181,
              25.376055
            ],
            [
              51.5439166,
              25.3759276
            ],
            [
              51.5439283,
              25.3759273
            ],
            [
              51.5439244,
              25.375794
            ],
            [
              51.5441483,
              25.3757887
            ],
            [
              51.5442652,
              25.375786
            ],
            [
              51.5446072,
              25.3757779
            ],
            [
              51.544611,
              25.3759085
            ],
            [
              51.5446051,
              25.3759086
            ],
            [
              51.5446083,
              25.3760258
            ],
            [
              51.5447646,
              25.3760223
            ],
            [
              51.5447694,
              25.3759068
            ],
            [
              51.5448107,
              25.3759059
            ],
            [
              51.5448027,
              25.3755927
            ],
            [
              51.5447374,
              25.3755908
            ],
            [
              51.5437236,
              25.3756143
            ],
            [
              51.5437633,
              25.3759349
            ]
          ]
        ]
      }
    },
    {
      "type": "Feature",
      "properties": {
        "osm_way_id": 863491684,
        "reference_class": "building",
        "last_edit": "2022-07-27T15:51:24Z",
        "source": "OpenStreetMap contributors"
      },
      "geometry": {
        "type": "Polygon",
        "coordinates": [
          [
            [
              51.5513727,
              25.3645994
            ],
            [
              51.551569,
              25.36463
            ],
            [
              51.5515416,
              25.3647733
            ],
            [
              51.5513453,
              25.3647427
            ],
            [
              51.5513727,
              25.3645994
            ]
          ]
        ]
      }
    },
    {
      "type": "Feature",
      "properties": {
        "osm_way_id": 863491685,
        "reference_class": "building",
        "last_edit": "2022-07-27T15:51:24Z",
        "source": "OpenStreetMap contributors"
      },
      "geometry": {
        "type": "Polygon",
        "coordinates": [
          [
            [
              51.5511081,
              25.3645237
            ],
            [
              51.5512968,
              25.3645813
            ],
            [
              51.5512453,
              25.3647191
            ],
            [
              51.5510565,
              25.3646614
            ],
            [
              51.5511081,
              25.3645237
            ]
          ]
        ]
      }
    },
    {
      "type": "Feature",
      "properties": {
        "osm_way_id": 863491686,
        "reference_class": "building",
        "last_edit": "2022-07-27T15:51:24Z",
        "source": "OpenStreetMap contributors"
      },
      "geometry": {
        "type": "Polygon",
        "coordinates": [
          [
            [
              51.5508682,
              25.3644074
            ],
            [
              51.551042,
              25.3644955
            ],
            [
              51.5509632,
              25.3646223
            ],
            [
              51.5507895,
              25.3645342
            ],
            [
              51.5508682,
              25.3644074
            ]
          ]
        ]
      }
    },
    {
      "type": "Feature",
      "properties": {
        "osm_way_id": 863491687,
        "reference_class": "building",
        "last_edit": "2022-07-27T15:51:24Z",
        "source": "OpenStreetMap contributors"
      },
      "geometry": {
        "type": "Polygon",
        "coordinates": [
          [
            [
              51.5506597,
              25.3642521
            ],
            [
              51.5508082,
              25.3643721
            ],
            [
              51.550701,
              25.3644805
            ],
            [
              51.5505525,
              25.3643605
            ],
            [
              51.5506597,
              25.3642521
            ]
          ]
        ]
      }
    },
    {
      "type": "Feature",
      "properties": {
        "osm_way_id": 863491688,
        "reference_class": "building",
        "last_edit": "2022-07-27T15:51:24Z",
        "source": "OpenStreetMap contributors"
      },
      "geometry": {
        "type": "Polygon",
        "coordinates": [
          [
            [
              51.551632,
              25.3646291
            ],
            [
              51.5518306,
              25.3646151
            ],
            [
              51.5518431,
              25.3647601
            ],
            [
              51.5516445,
              25.364774
            ],
            [
              51.551632,
              25.3646291
            ]
          ]
        ]
      }
    },
    {
      "type": "Feature",
      "properties": {
        "osm_way_id": 863491689,
        "reference_class": "building",
        "last_edit": "2022-07-27T15:51:24Z",
        "source": "OpenStreetMap contributors"
      },
      "geometry": {
        "type": "Polygon",
        "coordinates": [
          [
            [
              51.5519052,
              25.3646163
            ],
            [
              51.5520981,
              25.3645711
            ],
            [
              51.5521384,
              25.3647118
            ],
            [
              51.5519456,
              25.364757
            ],
            [
              51.5519052,
              25.3646163
            ]
          ]
        ]
      }
    },
    {
      "type": "Feature",
      "properties": {
        "osm_way_id": 863491690,
        "reference_class": "building",
        "last_edit": "2022-07-27T15:51:24Z",
        "source": "OpenStreetMap contributors"
      },
      "geometry": {
        "type": "Polygon",
        "coordinates": [
          [
            [
              51.5521764,
              25.3645555
            ],
            [
              51.5523544,
              25.3644746
            ],
            [
              51.5524267,
              25.3646045
            ],
            [
              51.5522487,
              25.3646854
            ],
            [
              51.5521764,
              25.3645555
            ]
          ]
        ]
      }
    },
    {
      "type": "Feature",
      "properties": {
        "osm_way_id": 863491691,
        "reference_class": "building",
        "last_edit": "2022-07-27T15:51:24Z",
        "source": "OpenStreetMap contributors"
      },
      "geometry": {
        "type": "Polygon",
        "coordinates": [
          [
            [
              51.5520702,
              25.3649521
            ],
            [
              51.552259,
              25.3648947
            ],
            [
              51.5523103,
              25.3650325
            ],
            [
              51.5521215,
              25.3650899
            ],
            [
              51.5520702,
              25.3649521
            ]
          ]
        ]
      }
    },
    {
      "type": "Feature",
      "properties": {
        "osm_way_id": 863491692,
        "reference_class": "building",
        "last_edit": "2022-07-27T15:51:24Z",
        "source": "OpenStreetMap contributors"
      },
      "geometry": {
        "type": "Polygon",
        "coordinates": [
          [
            [
              51.5522729,
              25.3653623
            ],
            [
              51.5522674,
              25.3651824
            ],
            [
              51.5524283,
              25.3651784
            ],
            [
              51.5524337,
              25.3653584
            ],
            [
              51.5522729,
              25.3653623
            ]
          ]
        ]
      }
    },
    {
      "type": "Feature",
      "properties": {
        "osm_way_id": 863491693,
        "reference_class": "building",
        "last_edit": "2022-07-27T15:51:24Z",
        "source": "OpenStreetMap contributors"
      },
      "geometry": {
        "type": "Polygon",
        "coordinates": [
          [
            [
              51.5523032,
              25.3656341
            ],
            [
              51.5523122,
              25.3654542
            ],
            [
              51.552473,
              25.3654608
            ],
            [
              51.552464,
              25.3656406
            ],
            [
              51.5523032,
              25.3656341
            ]
          ]
        ]
      }
    },
    {
      "type": "Feature",
      "properties": {
        "osm_way_id": 863491694,
        "reference_class": "building",
        "last_edit": "2022-07-27T15:51:24Z",
        "source": "OpenStreetMap contributors"
      },
      "geometry": {
        "type": "Polygon",
        "coordinates": [
          [
            [
              51.5522831,
              25.3659064
            ],
            [
              51.5522991,
              25.3657269
            ],
            [
              51.5524596,
              25.3657386
            ],
            [
              51.5524435,
              25.3659181
            ],
            [
              51.5522831,
              25.3659064
            ]
          ]
        ]
      }
    },
    {
      "type": "Feature",
      "properties": {
        "osm_way_id": 863491695,
        "reference_class": "building",
        "last_edit": "2022-07-27T15:51:24Z",
        "source": "OpenStreetMap contributors"
      },
      "geometry": {
        "type": "Polygon",
        "coordinates": [
          [
            [
              51.5501915,
              25.365125
            ],
            [
              51.5503653,
              25.3652131
            ],
            [
              51.5502865,
              25.36534
            ],
            [
              51.5501128,
              25.3652518
            ],
            [
              51.5501915,
              25.365125
            ]
          ]
        ]
      }
    },
    {
      "type": "Feature",
      "properties": {
        "osm_way_id": 863491696,
        "reference_class": "building",
        "last_edit": "2022-07-27T15:51:24Z",
        "source": "OpenStreetMap contributors"
      },
      "geometry": {
        "type": "Polygon",
        "coordinates": [
          [
            [
              51.5504434,
              25.3652754
            ],
            [
              51.550591,
              25.3653963
            ],
            [
              51.5504829,
              25.3655041
            ],
            [
              51.5503353,
              25.3653831
            ],
            [
              51.5504434,
              25.3652754
            ]
          ]
        ]
      }
    },
    {
      "type": "Feature",
      "properties": {
        "osm_way_id": 863491697,
        "reference_class": "building",
        "last_edit": "2022-07-27T15:51:24Z",
        "source": "OpenStreetMap contributors"
      },
      "geometry": {
        "type": "Polygon",
        "coordinates": [
          [
            [
              51.5506845,
              25.3654483
            ],
            [
              51.5508144,
              25.3655848
            ],
            [
              51.5506924,
              25.3656796
            ],
            [
              51.5505625,
              25.3655431
            ],
            [
              51.5506845,
              25.3654483
            ]
          ]
        ]
      }
    },
    {
      "type": "Feature",
      "properties": {
        "osm_way_id": 863491698,
        "reference_class": "building",
        "last_edit": "2022-07-27T15:51:24Z",
        "source": "OpenStreetMap contributors"
      },
      "geometry": {
        "type": "Polygon",
        "coordinates": [
          [
            [
              51.5508789,
              25.3656468
            ],
            [
              51.5509936,
              25.365794
            ],
            [
              51.5508621,
              25.3658777
            ],
            [
              51.5507474,
              25.3657305
            ],
            [
              51.5508789,
              25.3656468
            ]
          ]
        ]
      }
    },
    {
      "type": "Feature",
      "properties": {
        "osm_way_id": 863491699,
        "reference_class": "building",
        "last_edit": "2022-07-27T15:51:24Z",
        "source": "OpenStreetMap contributors"
      },
      "geometry": {
        "type": "Polygon",
        "coordinates": [
          [
            [
              51.5510397,
              25.3658648
            ],
            [
              51.5511327,
              25.3660241
            ],
            [
              51.5509904,
              25.3660919
            ],
            [
              51.5508974,
              25.3659327
            ],
            [
              51.5510397,
              25.3658648
            ]
          ]
        ]
      }
    },
    {
      "type": "Feature",
      "properties": {
        "osm_way_id": 863491700,
        "reference_class": "building",
        "last_edit": "2022-07-27T15:51:24Z",
        "source": "OpenStreetMap contributors"
      },
      "geometry": {
        "type": "Polygon",
        "coordinates": [
          [
            [
              51.5511633,
              25.3660831
            ],
            [
              51.5512563,
              25.3662423
            ],
            [
              51.551114,
              25.3663102
            ],
            [
              51.551021,
              25.3661509
            ],
            [
              51.5511633,
              25.3660831
            ]
          ]
        ]
      }
    },
    {
      "type": "Feature",
      "properties": {
        "osm_way_id": 863491701,
        "reference_class": "building",
        "last_edit": "2022-07-27T15:51:24Z",
        "source": "OpenStreetMap contributors"
      },
      "geometry": {
        "type": "Polygon",
        "coordinates": [
          [
            [
              51.5518966,
              25.3663257
            ],
            [
              51.5520941,
              25.3663224
            ],
            [
              51.5520967,
              25.3664504
            ],
            [
              51.5518992,
              25.3664537
            ],
            [
              51.5518966,
              25.3663257
            ]
          ]
        ]
      }
    },
    {
      "type": "Feature",
      "properties": {
        "osm_way_id": 863491702,
        "reference_class": "building",
        "last_edit": "2022-07-27T15:51:24Z",
        "source": "OpenStreetMap contributors"
      },
      "geometry": {
        "type": "Polygon",
        "coordinates": [
          [
            [
              51.5521549,
              25.3663349
            ],
            [
              51.5523523,
              25.3663317
            ],
            [
              51.5523549,
              25.3664596
            ],
            [
              51.5521575,
              25.3664629
            ],
            [
              51.5521549,
              25.3663349
            ]
          ]
        ]
      }
    },
    {
      "type": "Feature",
      "properties": {
        "osm_way_id": 863491703,
        "reference_class": "building",
        "last_edit": "2022-07-27T15:51:24Z",
        "source": "OpenStreetMap contributors"
      },
      "geometry": {
        "type": "Polygon",
        "coordinates": [
          [
            [
              51.5516267,
              25.3663373
            ],
            [
              51.5518242,
              25.3663341
            ],
            [
              51.5518267,
              25.3664621
            ],
            [
              51.5516293,
              25.3664653
            ],
            [
              51.5516267,
              25.3663373
            ]
          ]
        ]
      }
    },
    {
      "type": "Feature",
      "properties": {
        "osm_way_id": 863491704,
        "reference_class": "building",
        "last_edit": "2022-07-27T15:51:24Z",
        "source": "OpenStreetMap contributors"
      },
      "geometry": {
        "type": "Polygon",
        "coordinates": [
          [
            [
              51.5513638,
              25.3663467
            ],
            [
              51.5515612,
              25.3663434
            ],
            [
              51.5515638,
              25.3664714
            ],
            [
              51.5513664,
              25.3664747
            ],
            [
              51.5513638,
              25.3663467
            ]
          ]
        ]
      }
    },
    {
      "type": "Feature",
      "properties": {
        "osm_way_id": 876258713,
        "reference_class": "building",
        "last_edit": "2020-11-23T18:14:28Z",
        "source": "OpenStreetMap contributors"
      },
      "geometry": {
        "type": "Polygon",
        "coordinates": [
          [
            [
              51.5529174,
              25.3789359
            ],
            [
              51.5530944,
              25.3789674
            ],
            [
              51.5531769,
              25.3785889
            ],
            [
              51.5529999,
              25.3785574
            ],
            [
              51.5529174,
              25.3789359
            ]
          ]
        ]
      }
    },
    {
      "type": "Feature",
      "properties": {
        "osm_way_id": 876258714,
        "reference_class": "building",
        "last_edit": "2020-11-23T18:14:28Z",
        "source": "OpenStreetMap contributors"
      },
      "geometry": {
        "type": "Polygon",
        "coordinates": [
          [
            [
              51.5533282,
              25.3777604
            ],
            [
              51.5535347,
              25.3778404
            ],
            [
              51.5536045,
              25.3776933
            ],
            [
              51.5533979,
              25.3776133
            ],
            [
              51.5533282,
              25.3777604
            ]
          ]
        ]
      }
    },
    {
      "type": "Feature",
      "properties": {
        "osm_way_id": 876258715,
        "reference_class": "building",
        "last_edit": "2020-11-23T18:14:28Z",
        "source": "OpenStreetMap contributors"
      },
      "geometry": {
        "type": "Polygon",
        "coordinates": [
          [
            [
              51.5529585,
              25.3782101
            ],
            [
              51.5531301,
              25.3782707
            ],
            [
              51.5532058,
              25.3780958
            ],
            [
              51.5530341,
              25.3780352
            ],
            [
              51.5529585,
              25.3782101
            ]
          ]
        ]
      }
    },
    {
      "type": "Feature",
      "properties": {
        "osm_way_id": 876258717,
        "reference_class": "building",
        "last_edit": "2022-07-26T14:30:34Z",
        "source": "OpenStreetMap contributors"
      },
      "geometry": {
        "type": "Polygon",
        "coordinates": [
          [
            [
              51.5559704,
              25.3759396
            ],
            [
              51.5560422,
              25.375831
            ],
            [
              51.5558491,
              25.3757268
            ],
            [
              51.5557773,
              25.3758354
            ],
            [
              51.5559704,
              25.3759396
            ]
          ]
        ]
      }
    },
    {
      "type": "Feature",
      "properties": {
        "osm_way_id": 876258718,
        "reference_class": "building",
        "last_edit": "2022-07-26T14:30:34Z",
        "source": "OpenStreetMap contributors"
      },
      "geometry": {
        "type": "Polygon",
        "coordinates": [
          [
            [
              51.5552415,
              25.3758991
            ],
            [
              51.5553917,
              25.3758748
            ],
            [
              51.5553634,
              25.3757319
            ],
            [
              51.5552132,
              25.3757561
            ],
            [
              51.5552415,
              25.3758991
            ]
          ]
        ]
      }
    },
    {
      "type": "Feature",
      "properties": {
        "osm_way_id": 876258719,
        "reference_class": "building",
        "last_edit": "2022-07-26T14:30:34Z",
        "source": "OpenStreetMap contributors"
      },
      "geometry": {
        "type": "Polygon",
        "coordinates": [
          [
            [
              51.55503,
              25.3759509
            ],
            [
              51.5551775,
              25.3758982
            ],
            [
              51.5550942,
              25.3757201
            ],
            [
              51.5549444,
              25.375779
            ],
            [
              51.55503,
              25.3759509
            ]
          ]
        ]
      }
    },
    {
      "type": "Feature",
      "properties": {
        "osm_way_id": 876258814,
        "reference_class": "building",
        "last_edit": "2022-07-27T13:58:59Z",
        "source": "OpenStreetMap contributors"
      },
      "geometry": {
        "type": "Polygon",
        "coordinates": [
          [
            [
              51.5516929,
              25.3651534
            ],
            [
              51.551768,
              25.3651922
            ],
            [
              51.5518218,
              25.3651071
            ],
            [
              51.5517467,
              25.3650683
            ],
            [
              51.5516929,
              25.3651534
            ]
          ]
        ]
      }
    },
    {
      "type": "Feature",
      "properties": {
        "osm_way_id": 876258815,
        "reference_class": "building",
        "last_edit": "2022-07-27T13:58:59Z",
        "source": "OpenStreetMap contributors"
      },
      "geometry": {
        "type": "Polygon",
        "coordinates": [
          [
            [
              51.5518712,
              25.3652503
            ],
            [
              51.5519316,
              25.3652746
            ],
            [
              51.5519723,
              25.3651917
            ],
            [
              51.551912,
              25.3651675
            ],
            [
              51.5518712,
              25.3652503
            ]
          ]
        ]
      }
    },
    {
      "type": "Feature",
      "properties": {
        "osm_way_id": 876258817,
        "reference_class": "building",
        "last_edit": "2022-07-27T13:58:59Z",
        "source": "OpenStreetMap contributors"
      },
      "geometry": {
        "type": "Polygon",
        "coordinates": [
          [
            [
              51.5520107,
              25.3653727
            ],
            [
              51.5520764,
              25.3654042
            ],
            [
              51.5521199,
              25.3653301
            ],
            [
              51.5520542,
              25.3652986
            ],
            [
              51.5520107,
              25.3653727
            ]
          ]
        ]
      }
    },
    {
      "type": "Feature",
      "properties": {
        "osm_way_id": 876258818,
        "reference_class": "building",
        "last_edit": "2022-07-27T13:58:59Z",
        "source": "OpenStreetMap contributors"
      },
      "geometry": {
        "type": "Polygon",
        "coordinates": [
          [
            [
              51.5520697,
              25.3654503
            ],
            [
              51.5521421,
              25.3654842
            ],
            [
              51.5521967,
              25.3653892
            ],
            [
              51.5521243,
              25.3653552
            ],
            [
              51.5520697,
              25.3654503
            ]
          ]
        ]
      }
    },
    {
      "type": "Feature",
      "properties": {
        "osm_way_id": 876258820,
        "reference_class": "building",
        "last_edit": "2022-07-27T13:58:59Z",
        "source": "OpenStreetMap contributors"
      },
      "geometry": {
        "type": "Polygon",
        "coordinates": [
          [
            [
              51.5518426,
              25.365647
            ],
            [
              51.5519083,
              25.3656773
            ],
            [
              51.5519518,
              25.3656002
            ],
            [
              51.5518861,
              25.3655699
            ],
            [
              51.5518426,
              25.365647
            ]
          ]
        ]
      }
    },
    {
      "type": "Feature",
      "properties": {
        "osm_way_id": 876258821,
        "reference_class": "building",
        "last_edit": "2022-07-27T13:58:59Z",
        "source": "OpenStreetMap contributors"
      },
      "geometry": {
        "type": "Polygon",
        "coordinates": [
          [
            [
              51.5517312,
              25.3656409
            ],
            [
              51.551797,
              25.3656761
            ],
            [
              51.5518492,
              25.3655963
            ],
            [
              51.5517835,
              25.3655612
            ],
            [
              51.5517312,
              25.3656409
            ]
          ]
        ]
      }
    },
    {
      "type": "Feature",
      "properties": {
        "osm_way_id": 876258822,
        "reference_class": "building",
        "last_edit": "2022-07-27T13:58:59Z",
        "source": "OpenStreetMap contributors"
      },
      "geometry": {
        "type": "Polygon",
        "coordinates": [
          [
            [
              51.5516401,
              25.3656034
            ],
            [
              51.5517085,
              25.3656361
            ],
            [
              51.5517529,
              25.3655602
            ],
            [
              51.5516845,
              25.3655275
            ],
            [
              51.5516401,
              25.3656034
            ]
          ]
        ]
      }
    },
    {
      "type": "Feature",
      "properties": {
        "osm_way_id": 876258823,
        "reference_class": "building",
        "last_edit": "2022-07-27T13:58:59Z",
        "source": "OpenStreetMap contributors"
      },
      "geometry": {
        "type": "Polygon",
        "coordinates": [
          [
            [
              51.5514724,
              25.365521
            ],
            [
              51.5515475,
              25.3655561
            ],
            [
              51.5515887,
              25.3654842
            ],
            [
              51.5515136,
              25.365449
            ],
            [
              51.5514724,
              25.365521
            ]
          ]
        ]
      }
    },
    {
      "type": "Feature",
      "properties": {
        "osm_way_id": 876258824,
        "reference_class": "building",
        "last_edit": "2022-07-27T13:58:59Z",
        "source": "OpenStreetMap contributors"
      },
      "geometry": {
        "type": "Polygon",
        "coordinates": [
          [
            [
              51.5513987,
              25.3654519
            ],
            [
              51.5514644,
              25.3654822
            ],
            [
              51.5515033,
              25.3654133
            ],
            [
              51.5514376,
              25.365383
            ],
            [
              51.5513987,
              25.3654519
            ]
          ]
        ]
      }
    },
    {
      "type": "Feature",
      "properties": {
        "osm_way_id": 876258825,
        "reference_class": "building",
        "last_edit": "2022-07-27T13:58:59Z",
        "source": "OpenStreetMap contributors"
      },
      "geometry": {
        "type": "Polygon",
        "coordinates": [
          [
            [
              51.5513262,
              25.3653731
            ],
            [
              51.551392,
              25.3654107
            ],
            [
              51.5514452,
              25.3653347
            ],
            [
              51.5513794,
              25.3652971
            ],
            [
              51.5513262,
              25.3653731
            ]
          ]
        ]
      }
    },
    {
      "type": "Feature",
      "properties": {
        "osm_way_id": 876258828,
        "reference_class": "building",
        "last_edit": "2022-07-27T15:51:24Z",
        "source": "OpenStreetMap contributors"
      },
      "geometry": {
        "type": "Polygon",
        "coordinates": [
          [
            [
              51.5470362,
              25.3639792
            ],
            [
              51.5471019,
              25.3640095
            ],
            [
              51.5471454,
              25.3639325
            ],
            [
              51.5470797,
              25.3639022
            ],
            [
              51.5470362,
              25.3639792
            ]
          ]
        ]
      }
    },
    {
      "type": "Feature",
      "properties": {
        "osm_way_id": 876258829,
        "reference_class": "building",
        "last_edit": "2022-07-27T15:51:24Z",
        "source": "OpenStreetMap contributors"
      },
      "geometry": {
        "type": "Polygon",
        "coordinates": [
          [
            [
              51.5469557,
              25.3638932
            ],
            [
              51.5470295,
              25.3639259
            ],
            [
              51.5470713,
              25.3638489
            ],
            [
              51.5469975,
              25.3638162
            ],
            [
              51.5469557,
              25.3638932
            ]
          ]
        ]
      }
    },
    {
      "type": "Feature",
      "properties": {
        "osm_way_id": 876258830,
        "reference_class": "building",
        "last_edit": "2022-07-27T15:51:24Z",
        "source": "OpenStreetMap contributors"
      },
      "geometry": {
        "type": "Polygon",
        "coordinates": [
          [
            [
              51.546894,
              25.363818
            ],
            [
              51.5469637,
              25.3638508
            ],
            [
              51.5470084,
              25.3637731
            ],
            [
              51.5469386,
              25.3637404
            ],
            [
              51.546894,
              25.363818
            ]
          ]
        ]
      }
    },
    {
      "type": "Feature",
      "properties": {
        "osm_way_id": 876258831,
        "reference_class": "building",
        "last_edit": "2022-07-27T15:51:24Z",
        "source": "OpenStreetMap contributors"
      },
      "geometry": {
        "type": "Polygon",
        "coordinates": [
          [
            [
              51.5468243,
              25.3637502
            ],
            [
              51.5468886,
              25.3637805
            ],
            [
              51.5469349,
              25.3637002
            ],
            [
              51.5468705,
              25.3636699
            ],
            [
              51.5468243,
              25.3637502
            ]
          ]
        ]
      }
    },
    {
      "type": "Feature",
      "properties": {
        "osm_way_id": 876258832,
        "reference_class": "building",
        "last_edit": "2022-07-27T15:51:24Z",
        "source": "OpenStreetMap contributors"
      },
      "geometry": {
        "type": "Polygon",
        "coordinates": [
          [
            [
              51.5467317,
              25.363715
            ],
            [
              51.5467934,
              25.3637417
            ],
            [
              51.5468384,
              25.3636568
            ],
            [
              51.5467767,
              25.3636301
            ],
            [
              51.5467317,
              25.363715
            ]
          ]
        ]
      }
    },
    {
      "type": "Feature",
      "properties": {
        "osm_way_id": 876258833,
        "reference_class": "building",
        "last_edit": "2022-07-27T15:51:24Z",
        "source": "OpenStreetMap contributors"
      },
      "geometry": {
        "type": "Polygon",
        "coordinates": [
          [
            [
              51.5466419,
              25.3636702
            ],
            [
              51.546713,
              25.3636993
            ],
            [
              51.5467533,
              25.3636188
            ],
            [
              51.5466822,
              25.3635897
            ],
            [
              51.5466419,
              25.3636702
            ]
          ]
        ]
      }
    },
    {
      "type": "Feature",
      "properties": {
        "osm_way_id": 876258834,
        "reference_class": "building",
        "last_edit": "2022-07-27T15:51:24Z",
        "source": "OpenStreetMap contributors"
      },
      "geometry": {
        "type": "Polygon",
        "coordinates": [
          [
            [
              51.546552,
              25.3636193
            ],
            [
              51.5466177,
              25.3636472
            ],
            [
              51.5466585,
              25.3635687
            ],
            [
              51.5465928,
              25.3635409
            ],
            [
              51.546552,
              25.3636193
            ]
          ]
        ]
      }
    },
    {
      "type": "Feature",
      "properties": {
        "osm_way_id": 876258835,
        "reference_class": "building",
        "last_edit": "2022-07-27T15:51:24Z",
        "source": "OpenStreetMap contributors"
      },
      "geometry": {
        "type": "Polygon",
        "coordinates": [
          [
            [
              51.546485,
              25.3635624
            ],
            [
              51.5465493,
              25.3635914
            ],
            [
              51.5465907,
              25.3635168
            ],
            [
              51.5465263,
              25.3634877
            ],
            [
              51.546485,
              25.3635624
            ]
          ]
        ]
      }
    },
    {
      "type": "Feature",
      "properties": {
        "osm_way_id": 876258836,
        "reference_class": "building",
        "last_edit": "2022-07-27T15:51:24Z",
        "source": "OpenStreetMap contributors"
      },
      "geometry": {
        "type": "Polygon",
        "coordinates": [
          [
            [
              51.5463777,
              25.3635466
            ],
            [
              51.5464514,
              25.3635733
            ],
            [
              51.5464857,
              25.363496
            ],
            [
              51.5464119,
              25.3634693
            ],
            [
              51.5463777,
              25.3635466
            ]
          ]
        ]
      }
    },
    {
      "type": "Feature",
      "properties": {
        "osm_way_id": 876258838,
        "reference_class": "building",
        "last_edit": "2022-07-27T15:51:24Z",
        "source": "OpenStreetMap contributors"
      },
      "geometry": {
        "type": "Polygon",
        "coordinates": [
          [
            [
              51.5461886,
              25.3634921
            ],
            [
              51.5462664,
              25.3635175
            ],
            [
              51.5463005,
              25.3634323
            ],
            [
              51.5462227,
              25.3634069
            ],
            [
              51.5461886,
              25.3634921
            ]
          ]
        ]
      }
    },
    {
      "type": "Feature",
      "properties": {
        "osm_way_id": 876258839,
        "reference_class": "building",
        "last_edit": "2022-07-27T15:51:24Z",
        "source": "OpenStreetMap contributors"
      },
      "geometry": {
        "type": "Polygon",
        "coordinates": [
          [
            [
              51.54608,
              25.3634787
            ],
            [
              51.5461457,
              25.3635066
            ],
            [
              51.546195,
              25.3634116
            ],
            [
              51.5461293,
              25.3633837
            ],
            [
              51.54608,
              25.3634787
            ]
          ]
        ]
      }
    },
    {
      "type": "Feature",
      "properties": {
        "osm_way_id": 876258840,
        "reference_class": "building",
        "last_edit": "2022-07-27T15:51:24Z",
        "source": "OpenStreetMap contributors"
      },
      "geometry": {
        "type": "Polygon",
        "coordinates": [
          [
            [
              51.5496198,
              25.3651657
            ],
            [
              51.5498397,
              25.3651923
            ],
            [
              51.5498697,
              25.3649904
            ],
            [
              51.5496498,
              25.3649638
            ],
            [
              51.5496198,
              25.3651657
            ]
          ]
        ]
      }
    },
    {
      "type": "Feature",
      "properties": {
        "osm_way_id": 876258841,
        "reference_class": "building",
        "last_edit": "2022-07-27T13:58:59Z",
        "source": "OpenStreetMap contributors"
      },
      "geometry": {
        "type": "Polygon",
        "coordinates": [
          [
            [
              51.5492828,
              25.3651495
            ],
            [
              51.5495081,
              25.3651398
            ],
            [
              51.5494976,
              25.3649415
            ],
            [
              51.5492723,
              25.3649512
            ],
            [
              51.5492828,
              25.3651495
            ]
          ]
        ]
      }
    },
    {
      "type": "Feature",
      "properties": {
        "osm_way_id": 876258842,
        "reference_class": "building",
        "last_edit": "2022-07-27T15:51:24Z",
        "source": "OpenStreetMap contributors"
      },
      "geometry": {
        "type": "Polygon",
        "coordinates": [
          [
            [
              51.5489276,
              25.3652197
            ],
            [
              51.5491548,
              25.3651696
            ],
            [
              51.5490985,
              25.3649611
            ],
            [
              51.5488713,
              25.3650113
            ],
            [
              51.5489276,
              25.3652197
            ]
          ]
        ]
      }
    },
    {
      "type": "Feature",
      "properties": {
        "osm_way_id": 876258843,
        "reference_class": "building",
        "last_edit": "2022-07-27T15:51:24Z",
        "source": "OpenStreetMap contributors"
      },
      "geometry": {
        "type": "Polygon",
        "coordinates": [
          [
            [
              51.548658,
              25.3653284
            ],
            [
              51.5488619,
              25.3652485
            ],
            [
              51.5487662,
              25.3650494
            ],
            [
              51.5486861,
              25.3650808
            ],
            [
              51.5485624,
              25.3651293
            ],
            [
              51.548658,
              25.3653284
            ]
          ]
        ]
      }
    },
    {
      "type": "Feature",
      "properties": {
        "osm_way_id": 876258844,
        "reference_class": "building",
        "last_edit": "2022-07-27T15:51:24Z",
        "source": "OpenStreetMap contributors"
      },
      "geometry": {
        "type": "Polygon",
        "coordinates": [
          [
            [
              51.5482513,
              25.3653062
            ],
            [
              51.5484444,
              25.365122
            ],
            [
              51.5482639,
              25.3649675
            ],
            [
              51.5480708,
              25.3651517
            ],
            [
              51.5482513,
              25.3653062
            ]
          ]
        ]
      }
    },
    {
      "type": "Feature",
      "properties": {
        "osm_way_id": 876258845,
        "reference_class": "building",
        "last_edit": "2022-07-27T15:51:24Z",
        "source": "OpenStreetMap contributors"
      },
      "geometry": {
        "type": "Polygon",
        "coordinates": [
          [
            [
              51.5480536,
              25.3651
            ],
            [
              51.5481931,
              25.3649376
            ],
            [
              51.5479923,
              25.3647967
            ],
            [
              51.5478528,
              25.3649591
            ],
            [
              51.5480536,
              25.3651
            ]
          ]
        ]
      }
    },
    {
      "type": "Feature",
      "properties": {
        "osm_way_id": 876258846,
        "reference_class": "building",
        "last_edit": "2022-07-27T15:51:24Z",
        "source": "OpenStreetMap contributors"
      },
      "geometry": {
        "type": "Polygon",
        "coordinates": [
          [
            [
              51.5477944,
              25.3649273
            ],
            [
              51.5479446,
              25.3647455
            ],
            [
              51.5477602,
              25.3646211
            ],
            [
              51.54761,
              25.3648029
            ],
            [
              51.5477944,
              25.3649273
            ]
          ]
        ]
      }
    },
    {
      "type": "Feature",
      "properties": {
        "osm_way_id": 876258847,
        "reference_class": "building",
        "last_edit": "2020-11-23T18:14:28Z",
        "source": "OpenStreetMap contributors"
      },
      "geometry": {
        "type": "Polygon",
        "coordinates": [
          [
            [
              51.5461341,
              25.3726638
            ],
            [
              51.5462698,
              25.3726025
            ],
            [
              51.5462054,
              25.3724861
            ],
            [
              51.5460697,
              25.3725474
            ],
            [
              51.5461341,
              25.3726638
            ]
          ]
        ]
      }
    },
    {
      "type": "Feature",
      "properties": {
        "osm_way_id": 876258848,
        "reference_class": "building",
        "last_edit": "2020-11-23T18:14:28Z",
        "source": "OpenStreetMap contributors"
      },
      "geometry": {
        "type": "Polygon",
        "coordinates": [
          [
            [
              51.546147,
              25.3729658
            ],
            [
              51.5465185,
              25.3728071
            ],
            [
              51.5464519,
              25.3726798
            ],
            [
              51.5460804,
              25.3728386
            ],
            [
              51.546147,
              25.3729658
            ]
          ]
        ]
      }
    },
    {
      "type": "Feature",
      "properties": {
        "osm_way_id": 876258849,
        "reference_class": "building",
        "last_edit": "2020-11-23T18:14:28Z",
        "source": "OpenStreetMap contributors"
      },
      "geometry": {
        "type": "Polygon",
        "coordinates": [
          [
            [
              51.5458144,
              25.3731136
            ],
            [
              51.5461296,
              25.3729791
            ],
            [
              51.5460666,
              25.3728586
            ],
            [
              51.5457514,
              25.3729931
            ],
            [
              51.5458144,
              25.3731136
            ]
          ]
        ]
      }
    },
    {
      "type": "Feature",
      "properties": {
        "osm_way_id": 876258850,
        "reference_class": "building",
        "last_edit": "2020-11-23T18:14:28Z",
        "source": "OpenStreetMap contributors"
      },
      "geometry": {
        "type": "Polygon",
        "coordinates": [
          [
            [
              51.5455663,
              25.3732421
            ],
            [
              51.5457822,
              25.3731488
            ],
            [
              51.5457322,
              25.3730542
            ],
            [
              51.5455163,
              25.3731475
            ],
            [
              51.5455663,
              25.3732421
            ]
          ]
        ]
      }
    },
    {
      "type": "Feature",
      "properties": {
        "osm_way_id": 876258851,
        "reference_class": "building",
        "last_edit": "2020-11-23T18:14:28Z",
        "source": "OpenStreetMap contributors"
      },
      "geometry": {
        "type": "Polygon",
        "coordinates": [
          [
            [
              51.5453115,
              25.3733499
            ],
            [
              51.5455274,
              25.3732784
            ],
            [
              51.5454872,
              25.3731792
            ],
            [
              51.5452713,
              25.3732507
            ],
            [
              51.5453115,
              25.3733499
            ]
          ]
        ]
      }
    },
    {
      "type": "Feature",
      "properties": {
        "osm_way_id": 876258852,
        "reference_class": "building",
        "last_edit": "2020-11-23T18:14:28Z",
        "source": "OpenStreetMap contributors"
      },
      "geometry": {
        "type": "Polygon",
        "coordinates": [
          [
            [
              51.5448783,
              25.3733984
            ],
            [
              51.5452445,
              25.3733378
            ],
            [
              51.5452207,
              25.3732207
            ],
            [
              51.5448546,
              25.3732813
            ],
            [
              51.5448783,
              25.3733984
            ]
          ]
        ]
      }
    },
    {
      "type": "Feature",
      "properties": {
        "osm_way_id": 876258853,
        "reference_class": "building",
        "last_edit": "2020-11-23T18:14:28Z",
        "source": "OpenStreetMap contributors"
      },
      "geometry": {
        "type": "Polygon",
        "coordinates": [
          [
            [
              51.5445726,
              25.3734335
            ],
            [
              51.544822,
              25.3733923
            ],
            [
              51.5447994,
              25.3732807
            ],
            [
              51.54455,
              25.3733219
            ],
            [
              51.5445726,
              25.3734335
            ]
          ]
        ]
      }
    },
    {
      "type": "Feature",
      "properties": {
        "osm_way_id": 876258854,
        "reference_class": "building",
        "last_edit": "2020-11-23T18:14:28Z",
        "source": "OpenStreetMap contributors"
      },
      "geometry": {
        "type": "Polygon",
        "coordinates": [
          [
            [
              51.5442467,
              25.3735087
            ],
            [
              51.5445176,
              25.3734553
            ],
            [
              51.5444838,
              25.3733151
            ],
            [
              51.5442129,
              25.3733684
            ],
            [
              51.5442467,
              25.3735087
            ]
          ]
        ]
      }
    },
    {
      "type": "Feature",
      "properties": {
        "osm_way_id": 876258855,
        "reference_class": "building",
        "last_edit": "2020-11-23T18:14:28Z",
        "source": "OpenStreetMap contributors"
      },
      "geometry": {
        "type": "Polygon",
        "coordinates": [
          [
            [
              51.5439369,
              25.3735281
            ],
            [
              51.5441917,
              25.3735208
            ],
            [
              51.5441883,
              25.3734244
            ],
            [
              51.5439335,
              25.3734317
            ],
            [
              51.5439369,
              25.3735281
            ]
          ]
        ]
      }
    },
    {
      "type": "Feature",
      "properties": {
        "osm_way_id": 876258856,
        "reference_class": "building",
        "last_edit": "2020-11-23T18:14:28Z",
        "source": "OpenStreetMap contributors"
      },
      "geometry": {
        "type": "Polygon",
        "coordinates": [
          [
            [
              51.543552,
              25.3734747
            ],
            [
              51.5438604,
              25.3735111
            ],
            [
              51.5438791,
              25.3733819
            ],
            [
              51.5435706,
              25.3733455
            ],
            [
              51.543552,
              25.3734747
            ]
          ]
        ]
      }
    },
    {
      "type": "Feature",
      "properties": {
        "osm_way_id": 876258857,
        "reference_class": "building",
        "last_edit": "2020-11-23T18:14:28Z",
        "source": "OpenStreetMap contributors"
      },
      "geometry": {
        "type": "Polygon",
        "coordinates": [
          [
            [
              51.5432006,
              25.3734238
            ],
            [
              51.5434983,
              25.3734578
            ],
            [
              51.5435238,
              25.3732756
            ],
            [
              51.543226,
              25.3732416
            ],
            [
              51.5432006,
              25.3734238
            ]
          ]
        ]
      }
    },
    {
      "type": "Feature",
      "properties": {
        "osm_way_id": 876258858,
        "reference_class": "building",
        "last_edit": "2020-11-23T18:14:28Z",
        "source": "OpenStreetMap contributors"
      },
      "geometry": {
        "type": "Polygon",
        "coordinates": [
          [
            [
              51.5423369,
              25.3732251
            ],
            [
              51.5431416,
              25.3734214
            ],
            [
              51.5431888,
              25.3732636
            ],
            [
              51.5423841,
              25.3730673
            ],
            [
              51.5423369,
              25.3732251
            ]
          ]
        ]
      }
    },
    {
      "type": "Feature",
      "properties": {
        "osm_way_id": 876258865,
        "reference_class": "building",
        "last_edit": "2022-07-27T13:03:13Z",
        "source": "OpenStreetMap contributors"
      },
      "geometry": {
        "type": "Polygon",
        "coordinates": [
          [
            [
              51.5386516,
              25.3644082
            ],
            [
              51.5387723,
              25.364447
            ],
            [
              51.5388375,
              25.3642812
            ],
            [
              51.5387168,
              25.3642424
            ],
            [
              51.5386516,
              25.3644082
            ]
          ]
        ]
      }
    },
    {
      "type": "Feature",
      "properties": {
        "osm_way_id": 876258866,
        "reference_class": "building",
        "last_edit": "2022-07-27T13:03:13Z",
        "source": "OpenStreetMap contributors"
      },
      "geometry": {
        "type": "Polygon",
        "coordinates": [
          [
            [
              51.5384638,
              25.3643452
            ],
            [
              51.538606,
              25.3643355
            ],
            [
              51.5385925,
              25.3641739
            ],
            [
              51.5384503,
              25.3641836
            ],
            [
              51.5384638,
              25.3643452
            ]
          ]
        ]
      }
    },
    {
      "type": "Feature",
      "properties": {
        "osm_way_id": 876258867,
        "reference_class": "building",
        "last_edit": "2022-07-27T13:03:13Z",
        "source": "OpenStreetMap contributors"
      },
      "geometry": {
        "type": "Polygon",
        "coordinates": [
          [
            [
              51.5382466,
              25.3643961
            ],
            [
              51.5383834,
              25.3643525
            ],
            [
              51.5383301,
              25.3642162
            ],
            [
              51.5381933,
              25.3642598
            ],
            [
              51.5382466,
              25.3643961
            ]
          ]
        ]
      }
    },
    {
      "type": "Feature",
      "properties": {
        "osm_way_id": 876258868,
        "reference_class": "building",
        "last_edit": "2022-07-27T13:03:13Z",
        "source": "OpenStreetMap contributors"
      },
      "geometry": {
        "type": "Polygon",
        "coordinates": [
          [
            [
              51.5380722,
              25.3645439
            ],
            [
              51.5381651,
              25.3644197
            ],
            [
              51.5379666,
              25.3642985
            ],
            [
              51.5378737,
              25.3644227
            ],
            [
              51.5380722,
              25.3645439
            ]
          ]
        ]
      }
    },
    {
      "type": "Feature",
      "properties": {
        "osm_way_id": 876258869,
        "reference_class": "building",
        "last_edit": "2022-07-27T13:03:13Z",
        "source": "OpenStreetMap contributors"
      },
      "geometry": {
        "type": "Polygon",
        "coordinates": [
          [
            [
              51.5379645,
              25.3650489
            ],
            [
              51.5381344,
              25.3650447
            ],
            [
              51.5381263,
              25.3647805
            ],
            [
              51.5379565,
              25.3647847
            ],
            [
              51.5379645,
              25.3650489
            ]
          ]
        ]
      }
    },
    {
      "type": "Feature",
      "properties": {
        "osm_way_id": 876258870,
        "reference_class": "building",
        "last_edit": "2020-11-23T18:14:28Z",
        "source": "OpenStreetMap contributors"
      },
      "geometry": {
        "type": "Polygon",
        "coordinates": [
          [
            [
              51.5381467,
              25.3652963
            ],
            [
              51.5383211,
              25.3652818
            ],
            [
              51.5383037,
              25.365112
            ],
            [
              51.5381294,
              25.3651265
            ],
            [
              51.5381467,
              25.3652963
            ]
          ]
        ]
      }
    },
    {
      "type": "Feature",
      "properties": {
        "osm_way_id": 876258871,
        "reference_class": "building",
        "last_edit": "2022-07-27T13:03:13Z",
        "source": "OpenStreetMap contributors"
      },
      "geometry": {
        "type": "Polygon",
        "coordinates": [
          [
            [
              51.5381822,
              25.3655691
            ],
            [
              51.5383109,
              25.365574
            ],
            [
              51.5383172,
              25.3654389
            ],
            [
              51.5381884,
              25.365434
            ],
            [
              51.5381822,
              25.3655691
            ]
          ]
        ]
      }
    },
    {
      "type": "Feature",
      "properties": {
        "osm_way_id": 876258872,
        "reference_class": "building",
        "last_edit": "2022-07-27T13:03:13Z",
        "source": "OpenStreetMap contributors"
      },
      "geometry": {
        "type": "Polygon",
        "coordinates": [
          [
            [
              51.53815,
              25.3658236
            ],
            [
              51.5382922,
              25.3658648
            ],
            [
              51.5383499,
              25.3657023
            ],
            [
              51.5382077,
              25.3656611
            ],
            [
              51.53815,
              25.3658236
            ]
          ]
        ]
      }
    },
    {
      "type": "Feature",
      "properties": {
        "osm_way_id": 876258873,
        "reference_class": "building",
        "last_edit": "2022-07-27T13:03:13Z",
        "source": "OpenStreetMap contributors"
      },
      "geometry": {
        "type": "Polygon",
        "coordinates": [
          [
            [
              51.5381768,
              25.3661217
            ],
            [
              51.53826,
              25.3659787
            ],
            [
              51.5381273,
              25.3659157
            ],
            [
              51.5380441,
              25.3660587
            ],
            [
              51.5381768,
              25.3661217
            ]
          ]
        ]
      }
    },
    {
      "type": "Feature",
      "properties": {
        "osm_way_id": 876258876,
        "reference_class": "building",
        "last_edit": "2022-07-27T13:03:13Z",
        "source": "OpenStreetMap contributors"
      },
      "geometry": {
        "type": "Polygon",
        "coordinates": [
          [
            [
              51.5379918,
              25.366318
            ],
            [
              51.5381178,
              25.366192
            ],
            [
              51.5380199,
              25.366112
            ],
            [
              51.5378938,
              25.366238
            ],
            [
              51.5379918,
              25.366318
            ]
          ]
        ]
      }
    },
    {
      "type": "Feature",
      "properties": {
        "osm_way_id": 876258902,
        "reference_class": "building",
        "last_edit": "2020-11-23T18:14:28Z",
        "source": "OpenStreetMap contributors"
      },
      "geometry": {
        "type": "Polygon",
        "coordinates": [
          [
            [
              51.53826,
              25.3747652
            ],
            [
              51.5383665,
              25.3746877
            ],
            [
              51.5381586,
              25.3745011
            ],
            [
              51.5380669,
              25.3745774
            ],
            [
              51.53826,
              25.3747652
            ]
          ]
        ]
      }
    },
    {
      "type": "Feature",
      "properties": {
        "osm_way_id": 876258903,
        "reference_class": "building",
        "last_edit": "2022-04-09T16:12:55Z",
        "source": "OpenStreetMap contributors"
      },
      "geometry": {
        "type": "Polygon",
        "coordinates": [
          [
            [
              51.5384504,
              25.3749797
            ],
            [
              51.538559,
              25.3749006
            ],
            [
              51.5383665,
              25.3746877
            ],
            [
              51.53826,
              25.3747652
            ],
            [
              51.5384504,
              25.3749797
            ]
          ]
        ]
      }
    },
    {
      "type": "Feature",
      "properties": {
        "osm_way_id": 876258904,
        "reference_class": "building",
        "last_edit": "2022-04-09T16:12:55Z",
        "source": "OpenStreetMap contributors"
      },
      "geometry": {
        "type": "Polygon",
        "coordinates": [
          [
            [
              51.5386597,
              25.3752365
            ],
            [
              51.5387072,
              25.3751155
            ],
            [
              51.538721,
              25.3751098
            ],
            [
              51.538559,
              25.3749006
            ],
            [
              51.5384504,
              25.3749797
            ],
            [
              51.5386597,
              25.3752365
            ]
          ]
        ]
      }
    },
    {
      "type": "Feature",
      "properties": {
        "osm_way_id": 876258907,
        "reference_class": "building",
        "last_edit": "2026-02-11T06:59:50Z",
        "source": "OpenStreetMap contributors"
      },
      "geometry": {
        "type": "Polygon",
        "coordinates": [
          [
            [
              51.5377933,
              25.3735353
            ],
            [
              51.5383995,
              25.3736928
            ],
            [
              51.5384643,
              25.3734892
            ],
            [
              51.5378581,
              25.3733317
            ],
            [
              51.5377933,
              25.3735353
            ]
          ]
        ]
      }
    },
    {
      "type": "Feature",
      "properties": {
        "osm_way_id": 876258909,
        "reference_class": "building",
        "last_edit": "2026-02-01T07:09:00Z",
        "source": "OpenStreetMap contributors"
      },
      "geometry": {
        "type": "Polygon",
        "coordinates": [
          [
            [
              51.5387186,
              25.3747944
            ],
            [
              51.5391772,
              25.3748913
            ],
            [
              51.5392445,
              25.3746313
            ],
            [
              51.5387859,
              25.3745344
            ],
            [
              51.5387186,
              25.3747944
            ]
          ]
        ]
      }
    },
    {
      "type": "Feature",
      "properties": {
        "osm_way_id": 876258910,
        "reference_class": "building",
        "last_edit": "2022-04-09T16:12:55Z",
        "source": "OpenStreetMap contributors"
      },
      "geometry": {
        "type": "Polygon",
        "coordinates": [
          [
            [
              51.5386597,
              25.3752365
            ],
            [
              51.5389279,
              25.3753263
            ],
            [
              51.538973,
              25.3752001
            ],
            [
              51.5387072,
              25.3751155
            ],
            [
              51.5386597,
              25.3752365
            ]
          ]
        ]
      }
    },
    {
      "type": "Feature",
      "properties": {
        "osm_way_id": 876258911,
        "reference_class": "building",
        "last_edit": "2026-02-11T06:59:50Z",
        "source": "OpenStreetMap contributors"
      },
      "geometry": {
        "type": "Polygon",
        "coordinates": [
          [
            [
              51.5382546,
              25.37406
            ],
            [
              51.5392001,
              25.3745399
            ],
            [
              51.5393321,
              25.3743344
            ],
            [
              51.5384095,
              25.373877
            ],
            [
              51.5383812,
              25.373863
            ],
            [
              51.5382546,
              25.37406
            ]
          ]
        ]
      }
    },
    {
      "type": "Feature",
      "properties": {
        "osm_way_id": 876258912,
        "reference_class": "building",
        "last_edit": "2022-04-09T16:12:55Z",
        "source": "OpenStreetMap contributors"
      },
      "geometry": {
        "type": "Polygon",
        "coordinates": [
          [
            [
              51.5394831,
              25.3753408
            ],
            [
              51.5397577,
              25.3753968
            ],
            [
              51.5401885,
              25.3756473
            ],
            [
              51.5402787,
              25.3755231
            ],
            [
              51.5398276,
              25.3752458
            ],
            [
              51.5392903,
              25.3751559
            ],
            [
              51.5392626,
              25.3753
            ],
            [
              51.5394831,
              25.3753408
            ]
          ]
        ]
      }
    },
    {
      "type": "Feature",
      "properties": {
        "osm_way_id": 876258913,
        "reference_class": "building",
        "last_edit": "2020-11-23T18:14:28Z",
        "source": "OpenStreetMap contributors"
      },
      "geometry": {
        "type": "Polygon",
        "coordinates": [
          [
            [
              51.5404044,
              25.3753045
            ],
            [
              51.5408644,
              25.3747083
            ],
            [
              51.5407426,
              25.3746297
            ],
            [
              51.5402813,
              25.3752259
            ],
            [
              51.5404044,
              25.3753045
            ]
          ]
        ]
      }
    },
    {
      "type": "Feature",
      "properties": {
        "osm_way_id": 876258916,
        "reference_class": "building",
        "last_edit": "2026-02-01T07:09:00Z",
        "source": "OpenStreetMap contributors"
      },
      "geometry": {
        "type": "Polygon",
        "coordinates": [
          [
            [
              51.5433401,
              25.3703363
            ],
            [
              51.5439168,
              25.3699485
            ],
            [
              51.5441045,
              25.3702151
            ],
            [
              51.5445283,
              25.3699873
            ],
            [
              51.544362,
              25.369665
            ],
            [
              51.5445659,
              25.3695729
            ],
            [
              51.5447804,
              25.3698298
            ],
            [
              51.5448502,
              25.3698831
            ],
            [
              51.5449521,
              25.3699413
            ],
            [
              51.5451667,
              25.3697062
            ],
            [
              51.5448582,
              25.3695026
            ],
            [
              51.5448153,
              25.3693863
            ],
            [
              51.5447697,
              25.3691779
            ],
            [
              51.5447697,
              25.3691512
            ],
            [
              51.545274,
              25.3690785
            ],
            [
              51.545223,
              25.3688313
            ],
            [
              51.544767,
              25.3688822
            ],
            [
              51.5445551,
              25.36895
            ],
            [
              51.544472,
              25.3690106
            ],
            [
              51.5443164,
              25.3687707
            ],
            [
              51.5444478,
              25.3681478
            ],
            [
              51.544134,
              25.368063
            ],
            [
              51.544024,
              25.3686471
            ],
            [
              51.544016,
              25.3687416
            ],
            [
              51.5435627,
              25.3689088
            ],
            [
              51.5429941,
              25.3685647
            ],
            [
              51.5428519,
              25.368824
            ],
            [
              51.5434393,
              25.3691003
            ],
            [
              51.5434661,
              25.3692675
            ],
            [
              51.5434286,
              25.3693693
            ],
            [
              51.5436298,
              25.3697135
            ],
            [
              51.5436646,
              25.369791
            ],
            [
              51.5431926,
              25.3701642
            ],
            [
              51.5433401,
              25.3703363
            ]
          ]
        ]
      }
    },
    {
      "type": "Feature",
      "properties": {
        "osm_way_id": 876258917,
        "reference_class": "building",
        "last_edit": "2020-11-23T18:14:28Z",
        "source": "OpenStreetMap contributors"
      },
      "geometry": {
        "type": "Polygon",
        "coordinates": [
          [
            [
              51.5445913,
              25.3659177
            ],
            [
              51.5445927,
              25.3658256
            ],
            [
              51.5446074,
              25.3657287
            ],
            [
              51.5446906,
              25.365639
            ],
            [
              51.5447992,
              25.3655942
            ],
            [
              51.544877,
              25.3655723
            ],
            [
              51.544991,
              25.3655893
            ],
            [
              51.5450553,
              25.3656378
            ],
            [
              51.5451251,
              25.3657105
            ],
            [
              51.545164,
              25.3658026
            ],
            [
              51.5451666,
              25.3658583
            ],
            [
              51.5451559,
              25.3659541
            ],
            [
              51.5452364,
              25.3659686
            ],
            [
              51.5452518,
              25.3659728
            ],
            [
              51.5452833,
              25.3658704
            ],
            [
              51.5452498,
              25.3657577
            ],
            [
              51.5451197,
              25.3655966
            ],
            [
              51.545054,
              25.3655639
            ],
            [
              51.544932,
              25.365536
            ],
            [
              51.5447952,
              25.3655287
            ],
            [
              51.5446155,
              25.3656026
            ],
            [
              51.5445551,
              25.3656875
            ],
            [
              51.5445336,
              25.3657165
            ],
            [
              51.5444277,
              25.3656984
            ],
            [
              51.5443982,
              25.365822
            ],
            [
              51.5445162,
              25.3658389
            ],
            [
              51.5445189,
              25.3659189
            ],
            [
              51.5445913,
              25.3659177
            ]
          ]
        ]
      }
    },
    {
      "type": "Feature",
      "properties": {
        "osm_way_id": 876258918,
        "reference_class": "building",
        "last_edit": "2020-11-23T18:14:28Z",
        "source": "OpenStreetMap contributors"
      },
      "geometry": {
        "type": "Polygon",
        "coordinates": [
          [
            [
              51.545211,
              25.3661753
            ],
            [
              51.5457581,
              25.3663377
            ],
            [
              51.5459367,
              25.3658465
            ],
            [
              51.5453895,
              25.3656841
            ],
            [
              51.545211,
              25.3661753
            ]
          ]
        ]
      }
    },
    {
      "type": "Feature",
      "properties": {
        "osm_way_id": 876258919,
        "reference_class": "building",
        "last_edit": "2020-11-23T18:14:28Z",
        "source": "OpenStreetMap contributors"
      },
      "geometry": {
        "type": "Polygon",
        "coordinates": [
          [
            [
              51.545679,
              25.365271
            ],
            [
              51.5459257,
              25.3647184
            ],
            [
              51.5458042,
              25.3646741
            ],
            [
              51.5455574,
              25.3652267
            ],
            [
              51.545679,
              25.365271
            ]
          ]
        ]
      }
    },
    {
      "type": "Feature",
      "properties": {
        "osm_way_id": 876258920,
        "reference_class": "building",
        "last_edit": "2020-11-23T18:14:28Z",
        "source": "OpenStreetMap contributors"
      },
      "geometry": {
        "type": "Polygon",
        "coordinates": [
          [
            [
              51.5458748,
              25.3653098
            ],
            [
              51.5461242,
              25.3647596
            ],
            [
              51.5459962,
              25.3647122
            ],
            [
              51.5457467,
              25.3652624
            ],
            [
              51.5458748,
              25.3653098
            ]
          ]
        ]
      }
    },
    {
      "type": "Feature",
      "properties": {
        "osm_way_id": 876258921,
        "reference_class": "building",
        "last_edit": "2020-11-23T18:14:28Z",
        "source": "OpenStreetMap contributors"
      },
      "geometry": {
        "type": "Polygon",
        "coordinates": [
          [
            [
              51.5454242,
              25.3654722
            ],
            [
              51.5457863,
              25.3655788
            ],
            [
              51.5458512,
              25.3653987
            ],
            [
              51.5454891,
              25.365292
            ],
            [
              51.5454242,
              25.3654722
            ]
          ]
        ]
      }
    },
    {
      "type": "Feature",
      "properties": {
        "osm_way_id": 876258922,
        "reference_class": "building",
        "last_edit": "2020-11-23T18:14:28Z",
        "source": "OpenStreetMap contributors"
      },
      "geometry": {
        "type": "Polygon",
        "coordinates": [
          [
            [
              51.5445463,
              25.3653043
            ],
            [
              51.5448869,
              25.3653043
            ],
            [
              51.5448869,
              25.3651734
            ],
            [
              51.5445463,
              25.3651734
            ],
            [
              51.5445463,
              25.3653043
            ]
          ]
        ]
      }
    },
    {
      "type": "Feature",
      "properties": {
        "osm_way_id": 876258923,
        "reference_class": "building",
        "last_edit": "2020-11-23T18:14:28Z",
        "source": "OpenStreetMap contributors"
      },
      "geometry": {
        "type": "Polygon",
        "coordinates": [
          [
            [
              51.5440001,
              25.3652401
            ],
            [
              51.54444,
              25.3652668
            ],
            [
              51.5444497,
              25.365136
            ],
            [
              51.5440099,
              25.3651093
            ],
            [
              51.5440001,
              25.3652401
            ]
          ]
        ]
      }
    },
    {
      "type": "Feature",
      "properties": {
        "osm_way_id": 876258924,
        "reference_class": "building",
        "last_edit": "2022-04-30T15:25:04Z",
        "source": "OpenStreetMap contributors"
      },
      "geometry": {
        "type": "Polygon",
        "coordinates": [
          [
            [
              51.5426406,
              25.3642575
            ],
            [
              51.542713,
              25.3643787
            ],
            [
              51.5428471,
              25.3644126
            ],
            [
              51.5429195,
              25.3644684
            ],
            [
              51.5430054,
              25.3644732
            ],
            [
              51.5431261,
              25.3644175
            ],
            [
              51.5432146,
              25.3644054
            ],
            [
              51.5433058,
              25.3644054
            ],
            [
              51.5434157,
              25.364466
            ],
            [
              51.5435257,
              25.3645508
            ],
            [
              51.5435458,
              25.3646889
            ],
            [
              51.5435043,
              25.3648174
            ],
            [
              51.5434533,
              25.364878
            ],
            [
              51.5435257,
              25.3650573
            ],
            [
              51.543684,
              25.3650864
            ],
            [
              51.5436773,
              25.3652403
            ],
            [
              51.5435096,
              25.3652221
            ],
            [
              51.5435056,
              25.365273
            ],
            [
              51.5436115,
              25.3653082
            ],
            [
              51.5436545,
              25.3652948
            ],
            [
              51.543696,
              25.3653118
            ],
            [
              51.5437068,
              25.3653663
            ],
            [
              51.5437752,
              25.3653833
            ],
            [
              51.5438047,
              25.3654051
            ],
            [
              51.5438315,
              25.3654693
            ],
            [
              51.5437913,
              25.3655178
            ],
            [
              51.5437376,
              25.3655227
            ],
            [
              51.5436732,
              25.3654875
            ],
            [
              51.5436732,
              25.3654342
            ],
            [
              51.5436102,
              25.3653979
            ],
            [
              51.5435592,
              25.365376
            ],
            [
              51.5434815,
              25.3653772
            ],
            [
              51.5433608,
              25.3654306
            ],
            [
              51.5431971,
              25.3652985
            ],
            [
              51.5432682,
              25.3652246
            ],
            [
              51.5431824,
              25.365061
            ],
            [
              51.5431274,
              25.3650622
            ],
            [
              51.5431006,
              25.3649725
            ],
            [
              51.5431247,
              25.3648804
            ],
            [
              51.5431623,
              25.3648465
            ],
            [
              51.5432494,
              25.3648392
            ],
            [
              51.5433259,
              25.3647992
            ],
            [
              51.5433621,
              25.3647592
            ],
            [
              51.5433733,
              25.364707
            ],
            [
              51.5433737,
              25.3646485
            ],
            [
              51.5433514,
              25.3646041
            ],
            [
              51.5433172,
              25.3645653
            ],
            [
              51.5432593,
              25.3645292
            ],
            [
              51.5431971,
              25.364529
            ],
            [
              51.5431107,
              25.364548
            ],
            [
              51.5430598,
              25.3645765
            ],
            [
              51.5430295,
              25.3646223
            ],
            [
              51.5430241,
              25.3646901
            ],
            [
              51.5430443,
              25.3647483
            ],
            [
              51.5429169,
              25.3647992
            ],
            [
              51.5425413,
              25.3647035
            ],
            [
              51.5425454,
              25.364592
            ],
            [
              51.5424649,
              25.3645641
            ],
            [
              51.542466,
              25.3645564
            ],
            [
              51.5424984,
              25.3643205
            ],
            [
              51.5426406,
              25.3642575
            ]
          ]
        ]
      }
    },
    {
      "type": "Feature",
      "properties": {
        "osm_way_id": 876258925,
        "reference_class": "building",
        "last_edit": "2020-11-23T18:14:28Z",
        "source": "OpenStreetMap contributors"
      },
      "geometry": {
        "type": "Polygon",
        "coordinates": [
          [
            [
              51.5425462,
              25.3640883
            ],
            [
              51.5427815,
              25.3641305
            ],
            [
              51.5430202,
              25.3630447
            ],
            [
              51.5427849,
              25.3630025
            ],
            [
              51.5425462,
              25.3640883
            ]
          ]
        ]
      }
    },
    {
      "type": "Feature",
      "properties": {
        "osm_way_id": 876258926,
        "reference_class": "building",
        "last_edit": "2020-11-23T18:14:28Z",
        "source": "OpenStreetMap contributors"
      },
      "geometry": {
        "type": "Polygon",
        "coordinates": [
          [
            [
              51.5448354,
              25.3627262
            ],
            [
              51.5449682,
              25.3626753
            ],
            [
              51.5449089,
              25.3625489
            ],
            [
              51.5447761,
              25.3625998
            ],
            [
              51.5448354,
              25.3627262
            ]
          ]
        ]
      }
    },
    {
      "type": "Feature",
      "properties": {
        "osm_way_id": 876258927,
        "reference_class": "building",
        "last_edit": "2020-11-23T18:14:28Z",
        "source": "OpenStreetMap contributors"
      },
      "geometry": {
        "type": "Polygon",
        "coordinates": [
          [
            [
              51.5446208,
              25.3628874
            ],
            [
              51.5447536,
              25.3628183
            ],
            [
              51.5446678,
              25.3626836
            ],
            [
              51.544535,
              25.3627526
            ],
            [
              51.5446208,
              25.3628874
            ]
          ]
        ]
      }
    },
    {
      "type": "Feature",
      "properties": {
        "osm_way_id": 876258928,
        "reference_class": "building",
        "last_edit": "2020-11-23T18:14:28Z",
        "source": "OpenStreetMap contributors"
      },
      "geometry": {
        "type": "Polygon",
        "coordinates": [
          [
            [
              51.5444009,
              25.3630037
            ],
            [
              51.5445122,
              25.3629346
            ],
            [
              51.5443999,
              25.3627868
            ],
            [
              51.5442886,
              25.3628559
            ],
            [
              51.5444009,
              25.3630037
            ]
          ]
        ]
      }
    },
    {
      "type": "Feature",
      "properties": {
        "osm_way_id": 876258929,
        "reference_class": "building",
        "last_edit": "2022-07-27T15:51:24Z",
        "source": "OpenStreetMap contributors"
      },
      "geometry": {
        "type": "Polygon",
        "coordinates": [
          [
            [
              51.5457357,
              25.3637309
            ],
            [
              51.5459824,
              25.3637164
            ],
            [
              51.5459687,
              25.3635256
            ],
            [
              51.5457219,
              25.3635401
            ],
            [
              51.5457357,
              25.3637309
            ]
          ]
        ]
      }
    },
    {
      "type": "Feature",
      "properties": {
        "osm_way_id": 876258930,
        "reference_class": "building",
        "last_edit": "2022-07-27T15:51:24Z",
        "source": "OpenStreetMap contributors"
      },
      "geometry": {
        "type": "Polygon",
        "coordinates": [
          [
            [
              51.5457471,
              25.3634257
            ],
            [
              51.5459832,
              25.3633942
            ],
            [
              51.5459518,
              25.3632022
            ],
            [
              51.5457158,
              25.3632337
            ],
            [
              51.5457471,
              25.3634257
            ]
          ]
        ]
      }
    },
    {
      "type": "Feature",
      "properties": {
        "osm_way_id": 876258931,
        "reference_class": "building",
        "last_edit": "2020-11-23T18:14:28Z",
        "source": "OpenStreetMap contributors"
      },
      "geometry": {
        "type": "Polygon",
        "coordinates": [
          [
            [
              51.5450835,
              25.3626123
            ],
            [
              51.5452176,
              25.3625735
            ],
            [
              51.5451724,
              25.3624458
            ],
            [
              51.5450383,
              25.3624846
            ],
            [
              51.5450835,
              25.3626123
            ]
          ]
        ]
      }
    },
    {
      "type": "Feature",
      "properties": {
        "osm_way_id": 876258932,
        "reference_class": "building",
        "last_edit": "2020-11-23T18:14:28Z",
        "source": "OpenStreetMap contributors"
      },
      "geometry": {
        "type": "Polygon",
        "coordinates": [
          [
            [
              51.5453196,
              25.3625735
            ],
            [
              51.5454671,
              25.3625274
            ],
            [
              51.5454147,
              25.3623904
            ],
            [
              51.5452672,
              25.3624364
            ],
            [
              51.5453196,
              25.3625735
            ]
          ]
        ]
      }
    },
    {
      "type": "Feature",
      "properties": {
        "osm_way_id": 876258933,
        "reference_class": "building",
        "last_edit": "2020-11-23T18:14:28Z",
        "source": "OpenStreetMap contributors"
      },
      "geometry": {
        "type": "Polygon",
        "coordinates": [
          [
            [
              51.5455288,
              25.3624329
            ],
            [
              51.5457138,
              25.3623893
            ],
            [
              51.54568,
              25.362272
            ],
            [
              51.5454949,
              25.3623156
            ],
            [
              51.5455288,
              25.3624329
            ]
          ]
        ]
      }
    },
    {
      "type": "Feature",
      "properties": {
        "osm_way_id": 876258934,
        "reference_class": "building",
        "last_edit": "2020-11-23T18:14:28Z",
        "source": "OpenStreetMap contributors"
      },
      "geometry": {
        "type": "Polygon",
        "coordinates": [
          [
            [
              51.5457997,
              25.362416
            ],
            [
              51.5459606,
              25.3623941
            ],
            [
              51.5459385,
              25.3622608
            ],
            [
              51.5457775,
              25.3622826
            ],
            [
              51.5457997,
              25.362416
            ]
          ]
        ]
      }
    },
    {
      "type": "Feature",
      "properties": {
        "osm_way_id": 876258935,
        "reference_class": "building",
        "last_edit": "2020-11-23T18:14:28Z",
        "source": "OpenStreetMap contributors"
      },
      "geometry": {
        "type": "Polygon",
        "coordinates": [
          [
            [
              51.5460518,
              25.362382
            ],
            [
              51.5462235,
              25.362382
            ],
            [
              51.5462235,
              25.3622318
            ],
            [
              51.5460518,
              25.3622318
            ],
            [
              51.5460518,
              25.362382
            ]
          ]
        ]
      }
    },
    {
      "type": "Feature",
      "properties": {
        "osm_way_id": 876258936,
        "reference_class": "building",
        "last_edit": "2020-11-23T18:14:28Z",
        "source": "OpenStreetMap contributors"
      },
      "geometry": {
        "type": "Polygon",
        "coordinates": [
          [
            [
              51.5462905,
              25.3624281
            ],
            [
              51.5464622,
              25.3624402
            ],
            [
              51.5464729,
              25.3623157
            ],
            [
              51.5463013,
              25.3623036
            ],
            [
              51.5462905,
              25.3624281
            ]
          ]
        ]
      }
    },
    {
      "type": "Feature",
      "properties": {
        "osm_way_id": 876258937,
        "reference_class": "building",
        "last_edit": "2020-11-23T18:14:28Z",
        "source": "OpenStreetMap contributors"
      },
      "geometry": {
        "type": "Polygon",
        "coordinates": [
          [
            [
              51.5465561,
              25.3624353
            ],
            [
              51.5467036,
              25.3624547
            ],
            [
              51.5467337,
              25.3622676
            ],
            [
              51.5465862,
              25.3622482
            ],
            [
              51.5465561,
              25.3624353
            ]
          ]
        ]
      }
    },
    {
      "type": "Feature",
      "properties": {
        "osm_way_id": 876258938,
        "reference_class": "building",
        "last_edit": "2022-07-27T15:51:24Z",
        "source": "OpenStreetMap contributors"
      },
      "geometry": {
        "type": "Polygon",
        "coordinates": [
          [
            [
              51.5460015,
              25.3631001
            ],
            [
              51.5462258,
              25.3631058
            ],
            [
              51.546225,
              25.3629445
            ],
            [
              51.5459892,
              25.3629453
            ],
            [
              51.5460015,
              25.3631001
            ]
          ]
        ]
      }
    },
    {
      "type": "Feature",
      "properties": {
        "osm_way_id": 876258939,
        "reference_class": "building",
        "last_edit": "2022-07-27T15:51:24Z",
        "source": "OpenStreetMap contributors"
      },
      "geometry": {
        "type": "Polygon",
        "coordinates": [
          [
            [
              51.5462948,
              25.3631092
            ],
            [
              51.5465162,
              25.3631386
            ],
            [
              51.546544,
              25.3629606
            ],
            [
              51.5463195,
              25.3629358
            ],
            [
              51.5462948,
              25.3631092
            ]
          ]
        ]
      }
    },
    {
      "type": "Feature",
      "properties": {
        "osm_way_id": 876258940,
        "reference_class": "building",
        "last_edit": "2022-07-27T15:51:24Z",
        "source": "OpenStreetMap contributors"
      },
      "geometry": {
        "type": "Polygon",
        "coordinates": [
          [
            [
              51.5465769,
              25.3631439
            ],
            [
              51.5467899,
              25.3632076
            ],
            [
              51.5468492,
              25.3630607
            ],
            [
              51.546629,
              25.3629915
            ],
            [
              51.5465769,
              25.3631439
            ]
          ]
        ]
      }
    },
    {
      "type": "Feature",
      "properties": {
        "osm_way_id": 876258941,
        "reference_class": "building",
        "last_edit": "2022-07-27T15:51:24Z",
        "source": "OpenStreetMap contributors"
      },
      "geometry": {
        "type": "Polygon",
        "coordinates": [
          [
            [
              51.5468564,
              25.3632363
            ],
            [
              51.547051,
              25.3633371
            ],
            [
              51.5471385,
              25.3632014
            ],
            [
              51.546944,
              25.3630942
            ],
            [
              51.5468564,
              25.3632363
            ]
          ]
        ]
      }
    },
    {
      "type": "Feature",
      "properties": {
        "osm_way_id": 876258942,
        "reference_class": "building",
        "last_edit": "2020-11-23T18:14:28Z",
        "source": "OpenStreetMap contributors"
      },
      "geometry": {
        "type": "Polygon",
        "coordinates": [
          [
            [
              51.546776,
              25.3625541
            ],
            [
              51.5469182,
              25.3625905
            ],
            [
              51.5469651,
              25.3624405
            ],
            [
              51.546823,
              25.3624041
            ],
            [
              51.546776,
              25.3625541
            ]
          ]
        ]
      }
    },
    {
      "type": "Feature",
      "properties": {
        "osm_way_id": 876258943,
        "reference_class": "building",
        "last_edit": "2020-11-23T18:14:28Z",
        "source": "OpenStreetMap contributors"
      },
      "geometry": {
        "type": "Polygon",
        "coordinates": [
          [
            [
              51.5470335,
              25.3625638
            ],
            [
              51.5471461,
              25.3626074
            ],
            [
              51.5472222,
              25.3624471
            ],
            [
              51.5471095,
              25.3624035
            ],
            [
              51.5470335,
              25.3625638
            ]
          ]
        ]
      }
    },
    {
      "type": "Feature",
      "properties": {
        "osm_way_id": 876258944,
        "reference_class": "building",
        "last_edit": "2020-11-23T18:14:28Z",
        "source": "OpenStreetMap contributors"
      },
      "geometry": {
        "type": "Polygon",
        "coordinates": [
          [
            [
              51.5472507,
              25.3626704
            ],
            [
              51.5473822,
              25.3627359
            ],
            [
              51.5474575,
              25.3626123
            ],
            [
              51.5473261,
              25.3625469
            ],
            [
              51.5472507,
              25.3626704
            ]
          ]
        ]
      }
    },
    {
      "type": "Feature",
      "properties": {
        "osm_way_id": 876258945,
        "reference_class": "building",
        "last_edit": "2022-07-27T15:51:24Z",
        "source": "OpenStreetMap contributors"
      },
      "geometry": {
        "type": "Polygon",
        "coordinates": [
          [
            [
              51.5472711,
              25.3634937
            ],
            [
              51.5473777,
              25.3633848
            ],
            [
              51.5472135,
              25.3632479
            ],
            [
              51.5470997,
              25.3633624
            ],
            [
              51.5472711,
              25.3634937
            ]
          ]
        ]
      }
    },
    {
      "type": "Feature",
      "properties": {
        "osm_way_id": 876258946,
        "reference_class": "building",
        "last_edit": "2022-07-27T15:51:24Z",
        "source": "OpenStreetMap contributors"
      },
      "geometry": {
        "type": "Polygon",
        "coordinates": [
          [
            [
              51.5474527,
              25.3636946
            ],
            [
              51.5475785,
              25.3636032
            ],
            [
              51.5474495,
              25.3634466
            ],
            [
              51.5473166,
              25.3635434
            ],
            [
              51.5474527,
              25.3636946
            ]
          ]
        ]
      }
    },
    {
      "type": "Feature",
      "properties": {
        "osm_way_id": 876258947,
        "reference_class": "building",
        "last_edit": "2022-07-27T15:51:24Z",
        "source": "OpenStreetMap contributors"
      },
      "geometry": {
        "type": "Polygon",
        "coordinates": [
          [
            [
              51.5476016,
              25.3638845
            ],
            [
              51.5477168,
              25.363808
            ],
            [
              51.5476077,
              25.3636743
            ],
            [
              51.5474823,
              25.3637489
            ],
            [
              51.5476016,
              25.3638845
            ]
          ]
        ]
      }
    },
    {
      "type": "Feature",
      "properties": {
        "osm_way_id": 876258948,
        "reference_class": "building",
        "last_edit": "2020-11-23T18:14:28Z",
        "source": "OpenStreetMap contributors"
      },
      "geometry": {
        "type": "Polygon",
        "coordinates": [
          [
            [
              51.5530094,
              25.3635939
            ],
            [
              51.5530926,
              25.3636157
            ],
            [
              51.5531374,
              25.3634761
            ],
            [
              51.5530543,
              25.3634543
            ],
            [
              51.5530094,
              25.3635939
            ]
          ]
        ]
      }
    },
    {
      "type": "Feature",
      "properties": {
        "osm_way_id": 876258949,
        "reference_class": "building",
        "last_edit": "2020-11-23T18:14:28Z",
        "source": "OpenStreetMap contributors"
      },
      "geometry": {
        "type": "Polygon",
        "coordinates": [
          [
            [
              51.5533689,
              25.3632739
            ],
            [
              51.5535271,
              25.3632594
            ],
            [
              51.5535073,
              25.3630835
            ],
            [
              51.5533491,
              25.363098
            ],
            [
              51.5533689,
              25.3632739
            ]
          ]
        ]
      }
    },
    {
      "type": "Feature",
      "properties": {
        "osm_way_id": 876258950,
        "reference_class": "building",
        "last_edit": "2020-11-23T18:14:28Z",
        "source": "OpenStreetMap contributors"
      },
      "geometry": {
        "type": "Polygon",
        "coordinates": [
          [
            [
              51.5533259,
              25.363034
            ],
            [
              51.5535217,
              25.3630219
            ],
            [
              51.5535082,
              25.3628431
            ],
            [
              51.5533124,
              25.3628552
            ],
            [
              51.5533259,
              25.363034
            ]
          ]
        ]
      }
    },
    {
      "type": "Feature",
      "properties": {
        "osm_way_id": 876258951,
        "reference_class": "building",
        "last_edit": "2020-11-23T18:14:28Z",
        "source": "OpenStreetMap contributors"
      },
      "geometry": {
        "type": "Polygon",
        "coordinates": [
          [
            [
              51.5532964,
              25.3627989
            ],
            [
              51.5534493,
              25.3627698
            ],
            [
              51.5534134,
              25.3626154
            ],
            [
              51.5532605,
              25.3626445
            ],
            [
              51.5532964,
              25.3627989
            ]
          ]
        ]
      }
    },
    {
      "type": "Feature",
      "properties": {
        "osm_way_id": 876258952,
        "reference_class": "building",
        "last_edit": "2020-11-23T18:14:28Z",
        "source": "OpenStreetMap contributors"
      },
      "geometry": {
        "type": "Polygon",
        "coordinates": [
          [
            [
              51.5533099,
              25.3625274
            ],
            [
              51.5534547,
              25.3625105
            ],
            [
              51.5534339,
              25.3623658
            ],
            [
              51.5532891,
              25.3623828
            ],
            [
              51.5533099,
              25.3625274
            ]
          ]
        ]
      }
    },
    {
      "type": "Feature",
      "properties": {
        "osm_way_id": 876258953,
        "reference_class": "building",
        "last_edit": "2020-11-23T18:14:28Z",
        "source": "OpenStreetMap contributors"
      },
      "geometry": {
        "type": "Polygon",
        "coordinates": [
          [
            [
              51.5533259,
              25.3623142
            ],
            [
              51.5534514,
              25.3622193
            ],
            [
              51.5533414,
              25.3621006
            ],
            [
              51.553216,
              25.3621954
            ],
            [
              51.5533259,
              25.3623142
            ]
          ]
        ]
      }
    },
    {
      "type": "Feature",
      "properties": {
        "osm_way_id": 876258954,
        "reference_class": "building",
        "last_edit": "2020-11-23T18:14:28Z",
        "source": "OpenStreetMap contributors"
      },
      "geometry": {
        "type": "Polygon",
        "coordinates": [
          [
            [
              51.5530282,
              25.3620282
            ],
            [
              51.5531999,
              25.36213
            ],
            [
              51.5533043,
              25.3619862
            ],
            [
              51.5531326,
              25.3618844
            ],
            [
              51.5530282,
              25.3620282
            ]
          ]
        ]
      }
    },
    {
      "type": "Feature",
      "properties": {
        "osm_way_id": 876258955,
        "reference_class": "building",
        "last_edit": "2020-11-23T18:14:28Z",
        "source": "OpenStreetMap contributors"
      },
      "geometry": {
        "type": "Polygon",
        "coordinates": [
          [
            [
              51.5528405,
              25.3619748
            ],
            [
              51.5529746,
              25.3619845
            ],
            [
              51.5529805,
              25.3619175
            ],
            [
              51.5528464,
              25.3619078
            ],
            [
              51.5528405,
              25.3619748
            ]
          ]
        ]
      }
    },
    {
      "type": "Feature",
      "properties": {
        "osm_way_id": 876258956,
        "reference_class": "building",
        "last_edit": "2020-11-23T18:14:28Z",
        "source": "OpenStreetMap contributors"
      },
      "geometry": {
        "type": "Polygon",
        "coordinates": [
          [
            [
              51.5525883,
              25.3620839
            ],
            [
              51.5527412,
              25.3620476
            ],
            [
              51.5526786,
              25.3618325
            ],
            [
              51.5525257,
              25.3618688
            ],
            [
              51.5525883,
              25.3620839
            ]
          ]
        ]
      }
    },
    {
      "type": "Feature",
      "properties": {
        "osm_way_id": 876258957,
        "reference_class": "building",
        "last_edit": "2020-11-23T18:14:28Z",
        "source": "OpenStreetMap contributors"
      },
      "geometry": {
        "type": "Polygon",
        "coordinates": [
          [
            [
              51.5522048,
              25.362588
            ],
            [
              51.5523791,
              25.3626195
            ],
            [
              51.5524107,
              25.3624769
            ],
            [
              51.5522364,
              25.3624454
            ],
            [
              51.5522048,
              25.362588
            ]
          ]
        ]
      }
    },
    {
      "type": "Feature",
      "properties": {
        "osm_way_id": 876258958,
        "reference_class": "building",
        "last_edit": "2020-11-23T18:14:28Z",
        "source": "OpenStreetMap contributors"
      },
      "geometry": {
        "type": "Polygon",
        "coordinates": [
          [
            [
              51.5522262,
              25.3628546
            ],
            [
              51.5523496,
              25.3628861
            ],
            [
              51.5524109,
              25.3626902
            ],
            [
              51.5522875,
              25.3626587
            ],
            [
              51.5522262,
              25.3628546
            ]
          ]
        ]
      }
    },
    {
      "type": "Feature",
      "properties": {
        "osm_way_id": 876258959,
        "reference_class": "building",
        "last_edit": "2020-11-23T18:14:28Z",
        "source": "OpenStreetMap contributors"
      },
      "geometry": {
        "type": "Polygon",
        "coordinates": [
          [
            [
              51.5522303,
              25.3631249
            ],
            [
              51.5524194,
              25.3631782
            ],
            [
              51.5524695,
              25.3630331
            ],
            [
              51.5522804,
              25.3629797
            ],
            [
              51.5522303,
              25.3631249
            ]
          ]
        ]
      }
    },
    {
      "type": "Feature",
      "properties": {
        "osm_way_id": 876258960,
        "reference_class": "building",
        "last_edit": "2020-11-23T18:14:28Z",
        "source": "OpenStreetMap contributors"
      },
      "geometry": {
        "type": "Polygon",
        "coordinates": [
          [
            [
              51.5522142,
              25.3633479
            ],
            [
              51.5524301,
              25.3634084
            ],
            [
              51.5524753,
              25.3632768
            ],
            [
              51.5522594,
              25.3632163
            ],
            [
              51.5522142,
              25.3633479
            ]
          ]
        ]
      }
    },
    {
      "type": "Feature",
      "properties": {
        "osm_way_id": 876258961,
        "reference_class": "building",
        "last_edit": "2020-11-23T18:14:28Z",
        "source": "OpenStreetMap contributors"
      },
      "geometry": {
        "type": "Polygon",
        "coordinates": [
          [
            [
              51.5521485,
              25.363606
            ],
            [
              51.5523188,
              25.3636714
            ],
            [
              51.5523848,
              25.3635311
            ],
            [
              51.5522145,
              25.3634656
            ],
            [
              51.5521485,
              25.363606
            ]
          ]
        ]
      }
    },
    {
      "type": "Feature",
      "properties": {
        "osm_way_id": 876258962,
        "reference_class": "building",
        "last_edit": "2020-11-23T18:14:28Z",
        "source": "OpenStreetMap contributors"
      },
      "geometry": {
        "type": "Polygon",
        "coordinates": [
          [
            [
              51.5521592,
              25.3639065
            ],
            [
              51.5522651,
              25.3637841
            ],
            [
              51.5521087,
              25.3636736
            ],
            [
              51.5520028,
              25.3637959
            ],
            [
              51.5521592,
              25.3639065
            ]
          ]
        ]
      }
    },
    {
      "type": "Feature",
      "properties": {
        "osm_way_id": 876258963,
        "reference_class": "building",
        "last_edit": "2020-11-23T18:14:28Z",
        "source": "OpenStreetMap contributors"
      },
      "geometry": {
        "type": "Polygon",
        "coordinates": [
          [
            [
              51.5519138,
              25.3640725
            ],
            [
              51.5520425,
              25.3639962
            ],
            [
              51.5519232,
              25.3638319
            ],
            [
              51.5517945,
              25.3639083
            ],
            [
              51.5519138,
              25.3640725
            ]
          ]
        ]
      }
    },
    {
      "type": "Feature",
      "properties": {
        "osm_way_id": 876258964,
        "reference_class": "building",
        "last_edit": "2020-11-23T18:14:28Z",
        "source": "OpenStreetMap contributors"
      },
      "geometry": {
        "type": "Polygon",
        "coordinates": [
          [
            [
              51.5509079,
              25.3638689
            ],
            [
              51.5510903,
              25.3637526
            ],
            [
              51.5509987,
              25.3636354
            ],
            [
              51.5508164,
              25.3637517
            ],
            [
              51.5509079,
              25.3638689
            ]
          ]
        ]
      }
    },
    {
      "type": "Feature",
      "properties": {
        "osm_way_id": 876258965,
        "reference_class": "building",
        "last_edit": "2020-11-23T18:14:28Z",
        "source": "OpenStreetMap contributors"
      },
      "geometry": {
        "type": "Polygon",
        "coordinates": [
          [
            [
              51.5501314,
              25.3633454
            ],
            [
              51.5502521,
              25.3633939
            ],
            [
              51.5502982,
              25.3633004
            ],
            [
              51.5501775,
              25.3632519
            ],
            [
              51.5501314,
              25.3633454
            ]
          ]
        ]
      }
    },
    {
      "type": "Feature",
      "properties": {
        "osm_way_id": 876258966,
        "reference_class": "building",
        "last_edit": "2020-11-23T18:14:28Z",
        "source": "OpenStreetMap contributors"
      },
      "geometry": {
        "type": "Polygon",
        "coordinates": [
          [
            [
              51.5501248,
              25.3630704
            ],
            [
              51.5503621,
              25.3631164
            ],
            [
              51.5505928,
              25.3632437
            ],
            [
              51.5506694,
              25.3631395
            ],
            [
              51.5503541,
              25.3629964
            ],
            [
              51.5501302,
              25.3629553
            ],
            [
              51.5501248,
              25.3630704
            ]
          ]
        ]
      }
    },
    {
      "type": "Feature",
      "properties": {
        "osm_way_id": 876258967,
        "reference_class": "building",
        "last_edit": "2020-11-23T18:14:28Z",
        "source": "OpenStreetMap contributors"
      },
      "geometry": {
        "type": "Polygon",
        "coordinates": [
          [
            [
              51.5476426,
              25.3628742
            ],
            [
              51.5477553,
              25.3627724
            ],
            [
              51.5476493,
              25.3626767
            ],
            [
              51.5475367,
              25.3627785
            ],
            [
              51.5476426,
              25.3628742
            ]
          ]
        ]
      }
    },
    {
      "type": "Feature",
      "properties": {
        "osm_way_id": 876258968,
        "reference_class": "building",
        "last_edit": "2020-11-23T18:14:28Z",
        "source": "OpenStreetMap contributors"
      },
      "geometry": {
        "type": "Polygon",
        "coordinates": [
          [
            [
              51.5477362,
              25.3630243
            ],
            [
              51.5479133,
              25.3628619
            ],
            [
              51.5478051,
              25.3627656
            ],
            [
              51.547628,
              25.362928
            ],
            [
              51.5477362,
              25.3630243
            ]
          ]
        ]
      }
    },
    {
      "type": "Feature",
      "properties": {
        "osm_way_id": 876258969,
        "reference_class": "building",
        "last_edit": "2020-11-23T18:14:28Z",
        "source": "OpenStreetMap contributors"
      },
      "geometry": {
        "type": "Polygon",
        "coordinates": [
          [
            [
              51.5478006,
              25.363257
            ],
            [
              51.5479401,
              25.3631697
            ],
            [
              51.5478461,
              25.3630471
            ],
            [
              51.5477066,
              25.3631343
            ],
            [
              51.5478006,
              25.363257
            ]
          ]
        ]
      }
    },
    {
      "type": "Feature",
      "properties": {
        "osm_way_id": 876258970,
        "reference_class": "building",
        "last_edit": "2020-11-23T18:14:28Z",
        "source": "OpenStreetMap contributors"
      },
      "geometry": {
        "type": "Polygon",
        "coordinates": [
          [
            [
              51.5479454,
              25.3633975
            ],
            [
              51.548093,
              25.3633248
            ],
            [
              51.5480208,
              25.3632053
            ],
            [
              51.5478733,
              25.363278
            ],
            [
              51.5479454,
              25.3633975
            ]
          ]
        ]
      }
    },
    {
      "type": "Feature",
      "properties": {
        "osm_way_id": 876258971,
        "reference_class": "building",
        "last_edit": "2020-11-23T18:14:28Z",
        "source": "OpenStreetMap contributors"
      },
      "geometry": {
        "type": "Polygon",
        "coordinates": [
          [
            [
              51.5481466,
              25.3636375
            ],
            [
              51.5482678,
              25.3635676
            ],
            [
              51.5481686,
              25.363427
            ],
            [
              51.5480474,
              25.3634969
            ],
            [
              51.5481466,
              25.3636375
            ]
          ]
        ]
      }
    },
    {
      "type": "Feature",
      "properties": {
        "osm_way_id": 876258972,
        "reference_class": "building",
        "last_edit": "2020-11-23T18:14:28Z",
        "source": "OpenStreetMap contributors"
      },
      "geometry": {
        "type": "Polygon",
        "coordinates": [
          [
            [
              51.548278,
              25.3637562
            ],
            [
              51.5484765,
              25.3638362
            ],
            [
              51.5485524,
              25.3636825
            ],
            [
              51.5483539,
              25.3636025
            ],
            [
              51.548278,
              25.3637562
            ]
          ]
        ]
      }
    },
    {
      "type": "Feature",
      "properties": {
        "osm_way_id": 876258973,
        "reference_class": "building",
        "last_edit": "2022-07-27T15:51:24Z",
        "source": "OpenStreetMap contributors"
      },
      "geometry": {
        "type": "Polygon",
        "coordinates": [
          [
            [
              51.5477905,
              25.3641237
            ],
            [
              51.547909,
              25.3640319
            ],
            [
              51.5477668,
              25.3638935
            ],
            [
              51.5476667,
              25.3639779
            ],
            [
              51.5477905,
              25.3641237
            ]
          ]
        ]
      }
    },
    {
      "type": "Feature",
      "properties": {
        "osm_way_id": 876258974,
        "reference_class": "building",
        "last_edit": "2022-07-27T15:51:24Z",
        "source": "OpenStreetMap contributors"
      },
      "geometry": {
        "type": "Polygon",
        "coordinates": [
          [
            [
              51.5480412,
              25.3642941
            ],
            [
              51.548132,
              25.3641907
            ],
            [
              51.5479745,
              25.3640844
            ],
            [
              51.5478797,
              25.3642016
            ],
            [
              51.5480412,
              25.3642941
            ]
          ]
        ]
      }
    },
    {
      "type": "Feature",
      "properties": {
        "osm_way_id": 876258975,
        "reference_class": "building",
        "last_edit": "2022-08-28T13:42:08Z",
        "source": "OpenStreetMap contributors"
      },
      "geometry": {
        "type": "Polygon",
        "coordinates": [
          [
            [
              51.5483401,
              25.3643991
            ],
            [
              51.5483845,
              25.3643013
            ],
            [
              51.5482155,
              25.364231
            ],
            [
              51.5481652,
              25.364332
            ],
            [
              51.5483401,
              25.3643991
            ]
          ]
        ]
      }
    },
    {
      "type": "Feature",
      "properties": {
        "osm_way_id": 876258976,
        "reference_class": "building",
        "last_edit": "2022-07-27T15:51:24Z",
        "source": "OpenStreetMap contributors"
      },
      "geometry": {
        "type": "Polygon",
        "coordinates": [
          [
            [
              51.5484416,
              25.3644422
            ],
            [
              51.5486321,
              25.364464
            ],
            [
              51.5486488,
              25.3643447
            ],
            [
              51.5484584,
              25.3643229
            ],
            [
              51.5484416,
              25.3644422
            ]
          ]
        ]
      }
    },
    {
      "type": "Feature",
      "properties": {
        "osm_way_id": 876258977,
        "reference_class": "building",
        "last_edit": "2022-07-27T15:51:24Z",
        "source": "OpenStreetMap contributors"
      },
      "geometry": {
        "type": "Polygon",
        "coordinates": [
          [
            [
              51.5490234,
              25.3644611
            ],
            [
              51.5492159,
              25.3644144
            ],
            [
              51.5491758,
              25.3642869
            ],
            [
              51.5489854,
              25.3643281
            ],
            [
              51.5490234,
              25.3644611
            ]
          ]
        ]
      }
    },
    {
      "type": "Feature",
      "properties": {
        "osm_way_id": 876258978,
        "reference_class": "building",
        "last_edit": "2022-07-27T15:51:24Z",
        "source": "OpenStreetMap contributors"
      },
      "geometry": {
        "type": "Polygon",
        "coordinates": [
          [
            [
              51.5487371,
              25.364491
            ],
            [
              51.5489292,
              25.3644807
            ],
            [
              51.5489219,
              25.3643597
            ],
            [
              51.5487369,
              25.3643681
            ],
            [
              51.5487371,
              25.364491
            ]
          ]
        ]
      }
    },
    {
      "type": "Feature",
      "properties": {
        "osm_way_id": 876258979,
        "reference_class": "building",
        "last_edit": "2022-07-27T15:51:24Z",
        "source": "OpenStreetMap contributors"
      },
      "geometry": {
        "type": "Polygon",
        "coordinates": [
          [
            [
              51.5493242,
              25.3643938
            ],
            [
              51.5494998,
              25.3642989
            ],
            [
              51.5494131,
              25.3641706
            ],
            [
              51.5492354,
              25.3642646
            ],
            [
              51.5493242,
              25.3643938
            ]
          ]
        ]
      }
    },
    {
      "type": "Feature",
      "properties": {
        "osm_way_id": 876258980,
        "reference_class": "building",
        "last_edit": "2022-07-27T15:51:24Z",
        "source": "OpenStreetMap contributors"
      },
      "geometry": {
        "type": "Polygon",
        "coordinates": [
          [
            [
              51.5495673,
              25.3642266
            ],
            [
              51.5497055,
              25.3641309
            ],
            [
              51.5496348,
              25.3640476
            ],
            [
              51.5494967,
              25.3641433
            ],
            [
              51.5495673,
              25.3642266
            ]
          ]
        ]
      }
    },
    {
      "type": "Feature",
      "properties": {
        "osm_way_id": 876258981,
        "reference_class": "building",
        "last_edit": "2022-07-27T15:51:24Z",
        "source": "OpenStreetMap contributors"
      },
      "geometry": {
        "type": "Polygon",
        "coordinates": [
          [
            [
              51.5498245,
              25.364082
            ],
            [
              51.5498957,
              25.3640421
            ],
            [
              51.5498845,
              25.3640147
            ],
            [
              51.5499211,
              25.3639964
            ],
            [
              51.5498445,
              25.3638861
            ],
            [
              51.5497326,
              25.3639542
            ],
            [
              51.5498245,
              25.364082
            ]
          ]
        ]
      }
    },
    {
      "type": "Feature",
      "properties": {
        "osm_way_id": 876258982,
        "reference_class": "building",
        "last_edit": "2022-07-27T15:51:24Z",
        "source": "OpenStreetMap contributors"
      },
      "geometry": {
        "type": "Polygon",
        "coordinates": [
          [
            [
              51.5500365,
              25.3639873
            ],
            [
              51.5501585,
              25.363991
            ],
            [
              51.5501626,
              25.3638789
            ],
            [
              51.5500406,
              25.3638753
            ],
            [
              51.5500365,
              25.3639873
            ]
          ]
        ]
      }
    },
    {
      "type": "Feature",
      "properties": {
        "osm_way_id": 876258983,
        "reference_class": "building",
        "last_edit": "2022-07-27T15:51:24Z",
        "source": "OpenStreetMap contributors"
      },
      "geometry": {
        "type": "Polygon",
        "coordinates": [
          [
            [
              51.5503943,
              25.3640899
            ],
            [
              51.55046,
              25.3640157
            ],
            [
              51.5503527,
              25.3639381
            ],
            [
              51.550287,
              25.3640123
            ],
            [
              51.5503943,
              25.3640899
            ]
          ]
        ]
      }
    },
    {
      "type": "Feature",
      "properties": {
        "osm_way_id": 876258984,
        "reference_class": "building",
        "last_edit": "2022-07-27T15:51:24Z",
        "source": "OpenStreetMap contributors"
      },
      "geometry": {
        "type": "Polygon",
        "coordinates": [
          [
            [
              51.5505053,
              25.3642494
            ],
            [
              51.5505978,
              25.36417
            ],
            [
              51.5505227,
              25.3640985
            ],
            [
              51.5504302,
              25.3641779
            ],
            [
              51.5505053,
              25.3642494
            ]
          ]
        ]
      }
    },
    {
      "type": "Feature",
      "properties": {
        "osm_way_id": 876258985,
        "reference_class": "building",
        "last_edit": "2022-07-27T13:58:59Z",
        "source": "OpenStreetMap contributors"
      },
      "geometry": {
        "type": "Polygon",
        "coordinates": [
          [
            [
              51.5511147,
              25.3664261
            ],
            [
              51.5512117,
              25.3664824
            ],
            [
              51.5512836,
              25.3663676
            ],
            [
              51.5511882,
              25.3663098
            ],
            [
              51.5511147,
              25.3664261
            ]
          ]
        ]
      }
    },
    {
      "type": "Feature",
      "properties": {
        "osm_way_id": 911725986,
        "reference_class": "building",
        "last_edit": "2024-02-13T04:46:56Z",
        "source": "OpenStreetMap contributors"
      },
      "geometry": {
        "type": "Polygon",
        "coordinates": [
          [
            [
              51.5419015,
              25.3726443
            ],
            [
              51.5422419,
              25.3720947
            ],
            [
              51.54236,
              25.3721431
            ],
            [
              51.5420418,
              25.372716
            ],
            [
              51.5419015,
              25.3726443
            ]
          ]
        ]
      }
    },
    {
      "type": "Feature",
      "properties": {
        "osm_way_id": 912649422,
        "reference_class": "building",
        "last_edit": "2022-07-27T13:37:17Z",
        "source": "OpenStreetMap contributors"
      },
      "geometry": {
        "type": "Polygon",
        "coordinates": [
          [
            [
              51.5453882,
              25.3761321
            ],
            [
              51.54586,
              25.3760819
            ],
            [
              51.545918,
              25.3764629
            ],
            [
              51.5457213,
              25.3764799
            ],
            [
              51.5457057,
              25.3763415
            ],
            [
              51.5454196,
              25.3763721
            ],
            [
              51.5453882,
              25.3761321
            ]
          ]
        ]
      }
    },
    {
      "type": "Feature",
      "properties": {
        "osm_way_id": 912649423,
        "reference_class": "building",
        "last_edit": "2022-07-27T13:37:17Z",
        "source": "OpenStreetMap contributors"
      },
      "geometry": {
        "type": "Polygon",
        "coordinates": [
          [
            [
              51.5457254,
              25.3765059
            ],
            [
              51.545755,
              25.3767154
            ],
            [
              51.5454938,
              25.3767488
            ],
            [
              51.5455259,
              25.3769539
            ],
            [
              51.5459852,
              25.3768952
            ],
            [
              51.5459261,
              25.3764895
            ],
            [
              51.5457254,
              25.3765059
            ]
          ]
        ]
      }
    },
    {
      "type": "Feature",
      "properties": {
        "osm_way_id": 912649424,
        "reference_class": "building",
        "last_edit": "2022-07-27T13:37:17Z",
        "source": "OpenStreetMap contributors"
      },
      "geometry": {
        "type": "Polygon",
        "coordinates": [
          [
            [
              51.5424067,
              25.3756729
            ],
            [
              51.5424453,
              25.3753239
            ],
            [
              51.5430205,
              25.3753698
            ],
            [
              51.54299,
              25.3756196
            ],
            [
              51.5427034,
              25.3755902
            ],
            [
              51.5426892,
              25.3756949
            ],
            [
              51.5424866,
              25.3756791
            ],
            [
              51.5424067,
              25.3756729
            ]
          ]
        ]
      }
    },
    {
      "type": "Feature",
      "properties": {
        "osm_way_id": 912649425,
        "reference_class": "building",
        "last_edit": "2022-07-27T13:37:17Z",
        "source": "OpenStreetMap contributors"
      },
      "geometry": {
        "type": "Polygon",
        "coordinates": [
          [
            [
              51.5430035,
              25.3758167
            ],
            [
              51.542986,
              25.375994
            ],
            [
              51.5424568,
              25.3759513
            ],
            [
              51.5424743,
              25.375774
            ],
            [
              51.5430035,
              25.3758167
            ]
          ]
        ]
      }
    },
    {
      "type": "Feature",
      "properties": {
        "osm_way_id": 912649426,
        "reference_class": "building",
        "last_edit": "2022-07-27T13:37:17Z",
        "source": "OpenStreetMap contributors"
      },
      "geometry": {
        "type": "Polygon",
        "coordinates": [
          [
            [
              51.5430158,
              25.3759962
            ],
            [
              51.5430267,
              25.3758192
            ],
            [
              51.5434519,
              25.375854
            ],
            [
              51.5434323,
              25.3760293
            ],
            [
              51.5430158,
              25.3759962
            ]
          ]
        ]
      }
    },
    {
      "type": "Feature",
      "properties": {
        "osm_way_id": 912649427,
        "reference_class": "building",
        "last_edit": "2022-07-27T13:37:17Z",
        "source": "OpenStreetMap contributors"
      },
      "geometry": {
        "type": "Polygon",
        "coordinates": [
          [
            [
              51.5430483,
              25.3756206
            ],
            [
              51.5430687,
              25.3753836
            ],
            [
              51.5435687,
              25.3754149
            ],
            [
              51.5435545,
              25.3757914
            ],
            [
              51.5434892,
              25.3757907
            ],
            [
              51.5433736,
              25.3757895
            ],
            [
              51.5433756,
              25.3756408
            ],
            [
              51.5430483,
              25.3756206
            ]
          ]
        ]
      }
    },
    {
      "type": "Feature",
      "properties": {
        "osm_way_id": 913521077,
        "reference_class": "building",
        "last_edit": "2022-07-27T13:37:17Z",
        "source": "OpenStreetMap contributors"
      },
      "geometry": {
        "type": "Polygon",
        "coordinates": [
          [
            [
              51.5437897,
              25.3765125
            ],
            [
              51.5437821,
              25.3763274
            ],
            [
              51.5438157,
              25.3763284
            ],
            [
              51.5438177,
              25.37631
            ],
            [
              51.5442181,
              25.3762971
            ],
            [
              51.5442232,
              25.3764808
            ],
            [
              51.5441353,
              25.3764849
            ],
            [
              51.5441363,
              25.3765033
            ],
            [
              51.5440632,
              25.3765074
            ],
            [
              51.5440637,
              25.3765478
            ],
            [
              51.5439437,
              25.3765538
            ],
            [
              51.5439432,
              25.3765074
            ],
            [
              51.5437897,
              25.3765125
            ]
          ]
        ]
      }
    },
    {
      "type": "Feature",
      "properties": {
        "osm_way_id": 913521078,
        "reference_class": "building",
        "last_edit": "2022-07-27T13:37:17Z",
        "source": "OpenStreetMap contributors"
      },
      "geometry": {
        "type": "Polygon",
        "coordinates": [
          [
            [
              51.5442559,
              25.376514
            ],
            [
              51.5442477,
              25.3763073
            ],
            [
              51.5447771,
              25.3762901
            ],
            [
              51.5447967,
              25.3767817
            ],
            [
              51.544604,
              25.3767879
            ],
            [
              51.5445928,
              25.3765032
            ],
            [
              51.5442559,
              25.376514
            ]
          ]
        ]
      }
    },
    {
      "type": "Feature",
      "properties": {
        "osm_way_id": 913950861,
        "reference_class": "building",
        "last_edit": "2024-12-10T05:47:23Z",
        "source": "OpenStreetMap contributors"
      },
      "geometry": {
        "type": "Polygon",
        "coordinates": [
          [
            [
              51.5464637,
              25.3717153
            ],
            [
              51.5465,
              25.3717438
            ],
            [
              51.5464751,
              25.3717747
            ],
            [
              51.5466411,
              25.3718992
            ],
            [
              51.5468388,
              25.3716934
            ],
            [
              51.5467349,
              25.3716182
            ],
            [
              51.5466984,
              25.3716567
            ],
            [
              51.5466537,
              25.371681
            ],
            [
              51.5465952,
              25.3716764
            ],
            [
              51.5465312,
              25.3716408
            ],
            [
              51.5464637,
              25.3717153
            ]
          ]
        ]
      }
    },
    {
      "type": "Feature",
      "properties": {
        "osm_way_id": 917712253,
        "reference_class": "building",
        "last_edit": "2026-02-11T06:59:50Z",
        "source": "OpenStreetMap contributors"
      },
      "geometry": {
        "type": "Polygon",
        "coordinates": [
          [
            [
              51.5522536,
              25.3688775
            ],
            [
              51.5522402,
              25.3688072
            ],
            [
              51.5522617,
              25.368766
            ],
            [
              51.5522536,
              25.3687006
            ],
            [
              51.5522375,
              25.3686473
            ],
            [
              51.5522054,
              25.368577
            ],
            [
              51.5521812,
              25.3685528
            ],
            [
              51.5521705,
              25.3684413
            ],
            [
              51.5527338,
              25.3683274
            ],
            [
              51.5528571,
              25.3688436
            ],
            [
              51.5523153,
              25.3689478
            ],
            [
              51.5522992,
              25.3688702
            ],
            [
              51.5522536,
              25.3688775
            ]
          ]
        ]
      }
    },
    {
      "type": "Feature",
      "properties": {
        "osm_way_id": 917712254,
        "reference_class": "building",
        "last_edit": "2026-02-11T06:59:50Z",
        "source": "OpenStreetMap contributors"
      },
      "geometry": {
        "type": "Polygon",
        "coordinates": [
          [
            [
              51.5500043,
              25.3692764
            ],
            [
              51.5498996,
              25.368751
            ],
            [
              51.5502918,
              25.3686877
            ],
            [
              51.5503175,
              25.368789
            ],
            [
              51.5503782,
              25.3687932
            ],
            [
              51.5503846,
              25.3688346
            ],
            [
              51.5503678,
              25.368877
            ],
            [
              51.5503591,
              25.3689273
            ],
            [
              51.5503537,
              25.3689739
            ],
            [
              51.5503658,
              25.3690188
            ],
            [
              51.550396,
              25.3690581
            ],
            [
              51.5504248,
              25.3690903
            ],
            [
              51.5504355,
              25.3691193
            ],
            [
              51.5503966,
              25.3691351
            ],
            [
              51.5504047,
              25.3692169
            ],
            [
              51.5500043,
              25.3692764
            ]
          ]
        ]
      }
    },
    {
      "type": "Feature",
      "properties": {
        "osm_way_id": 917804144,
        "reference_class": "building",
        "last_edit": "2021-03-16T12:22:14Z",
        "source": "OpenStreetMap contributors"
      },
      "geometry": {
        "type": "Polygon",
        "coordinates": [
          [
            [
              51.5513713,
              25.3659172
            ],
            [
              51.5513659,
              25.3657928
            ],
            [
              51.5514568,
              25.3657887
            ],
            [
              51.5514645,
              25.3659139
            ],
            [
              51.5513713,
              25.3659172
            ]
          ]
        ]
      }
    },
    {
      "type": "Feature",
      "properties": {
        "osm_way_id": 917804145,
        "reference_class": "building",
        "last_edit": "2021-03-16T12:22:14Z",
        "source": "OpenStreetMap contributors"
      },
      "geometry": {
        "type": "Polygon",
        "coordinates": [
          [
            [
              51.5514791,
              25.3660019
            ],
            [
              51.5514737,
              25.3658775
            ],
            [
              51.5515646,
              25.3658733
            ],
            [
              51.5515723,
              25.3659986
            ],
            [
              51.5514791,
              25.3660019
            ]
          ]
        ]
      }
    },
    {
      "type": "Feature",
      "properties": {
        "osm_way_id": 917804146,
        "reference_class": "building",
        "last_edit": "2021-03-16T12:22:14Z",
        "source": "OpenStreetMap contributors"
      },
      "geometry": {
        "type": "Polygon",
        "coordinates": [
          [
            [
              51.5515839,
              25.3660228
            ],
            [
              51.5515785,
              25.3658984
            ],
            [
              51.5516694,
              25.3658942
            ],
            [
              51.5516771,
              25.3660195
            ],
            [
              51.5515839,
              25.3660228
            ]
          ]
        ]
      }
    },
    {
      "type": "Feature",
      "properties": {
        "osm_way_id": 917804147,
        "reference_class": "building",
        "last_edit": "2021-03-16T12:22:14Z",
        "source": "OpenStreetMap contributors"
      },
      "geometry": {
        "type": "Polygon",
        "coordinates": [
          [
            [
              51.5516825,
              25.3660339
            ],
            [
              51.5516771,
              25.3659095
            ],
            [
              51.551768,
              25.3659053
            ],
            [
              51.5517757,
              25.3660306
            ],
            [
              51.5516825,
              25.3660339
            ]
          ]
        ]
      }
    },
    {
      "type": "Feature",
      "properties": {
        "osm_way_id": 917804148,
        "reference_class": "building",
        "last_edit": "2021-03-16T12:22:14Z",
        "source": "OpenStreetMap contributors"
      },
      "geometry": {
        "type": "Polygon",
        "coordinates": [
          [
            [
              51.5517841,
              25.3660506
            ],
            [
              51.5517788,
              25.3659262
            ],
            [
              51.5518696,
              25.365922
            ],
            [
              51.5518773,
              25.3660473
            ],
            [
              51.5517841,
              25.3660506
            ]
          ]
        ]
      }
    },
    {
      "type": "Feature",
      "properties": {
        "osm_way_id": 917804149,
        "reference_class": "building",
        "last_edit": "2021-03-16T12:22:14Z",
        "source": "OpenStreetMap contributors"
      },
      "geometry": {
        "type": "Polygon",
        "coordinates": [
          [
            [
              51.5518874,
              25.3660423
            ],
            [
              51.551882,
              25.3659178
            ],
            [
              51.5519729,
              25.3659137
            ],
            [
              51.5519806,
              25.366039
            ],
            [
              51.5518874,
              25.3660423
            ]
          ]
        ]
      }
    },
    {
      "type": "Feature",
      "properties": {
        "osm_way_id": 917804151,
        "reference_class": "building",
        "last_edit": "2021-03-16T12:22:14Z",
        "source": "OpenStreetMap contributors"
      },
      "geometry": {
        "type": "Polygon",
        "coordinates": [
          [
            [
              51.5520938,
              25.3660088
            ],
            [
              51.5520884,
              25.3658844
            ],
            [
              51.5521793,
              25.3658803
            ],
            [
              51.552187,
              25.3660055
            ],
            [
              51.5520938,
              25.3660088
            ]
          ]
        ]
      }
    },
    {
      "type": "Feature",
      "properties": {
        "osm_way_id": 1033522183,
        "reference_class": "building",
        "last_edit": "2023-07-15T15:33:25Z",
        "source": "OpenStreetMap contributors"
      },
      "geometry": {
        "type": "Polygon",
        "coordinates": [
          [
            [
              51.5551204,
              25.3724221
            ],
            [
              51.5553224,
              25.3718428
            ],
            [
              51.5546894,
              25.3715788
            ],
            [
              51.5538857,
              25.3713697
            ],
            [
              51.553593,
              25.3712942
            ],
            [
              51.5538257,
              25.3716927
            ],
            [
              51.554324,
              25.3725459
            ],
            [
              51.5547407,
              25.3724463
            ],
            [
              51.5551204,
              25.3724221
            ]
          ]
        ]
      }
    },
    {
      "type": "Feature",
      "properties": {
        "osm_way_id": 1033522189,
        "reference_class": "building",
        "last_edit": "2022-02-20T14:09:43Z",
        "source": "OpenStreetMap contributors"
      },
      "geometry": {
        "type": "Polygon",
        "coordinates": [
          [
            [
              51.553769,
              25.3758912
            ],
            [
              51.5538056,
              25.3757285
            ],
            [
              51.5538909,
              25.3757442
            ],
            [
              51.5538543,
              25.3759069
            ],
            [
              51.553769,
              25.3758912
            ]
          ]
        ]
      }
    },
    {
      "type": "Feature",
      "properties": {
        "osm_way_id": 1035752412,
        "reference_class": "building",
        "last_edit": "2022-02-27T15:01:05Z",
        "source": "OpenStreetMap contributors"
      },
      "geometry": {
        "type": "Polygon",
        "coordinates": [
          [
            [
              51.5526619,
              25.3781151
            ],
            [
              51.5526224,
              25.3781034
            ],
            [
              51.552579,
              25.3782228
            ],
            [
              51.5526185,
              25.3782345
            ],
            [
              51.5526619,
              25.3781151
            ]
          ]
        ]
      }
    },
    {
      "type": "Feature",
      "properties": {
        "osm_way_id": 1035752413,
        "reference_class": "water",
        "last_edit": "2022-02-27T15:01:05Z",
        "source": "OpenStreetMap contributors"
      },
      "geometry": {
        "type": "Polygon",
        "coordinates": [
          [
            [
              51.5533046,
              25.3766239
            ],
            [
              51.5532605,
              25.3765482
            ],
            [
              51.5533446,
              25.3765082
            ],
            [
              51.5533887,
              25.3765839
            ],
            [
              51.5533046,
              25.3766239
            ]
          ]
        ]
      }
    },
    {
      "type": "Feature",
      "properties": {
        "osm_way_id": 1035999923,
        "reference_class": "grass",
        "last_edit": "2024-10-03T14:46:22Z",
        "source": "OpenStreetMap contributors"
      },
      "geometry": {
        "type": "Polygon",
        "coordinates": [
          [
            [
              51.5410418,
              25.3745724
            ],
            [
              51.5409859,
              25.3746682
            ],
            [
              51.5409785,
              25.3746644
            ],
            [
              51.5409646,
              25.3746865
            ],
            [
              51.5408678,
              25.3746346
            ],
            [
              51.5407517,
              25.374573
            ],
            [
              51.5407326,
              25.374497
            ],
            [
              51.5407092,
              25.3744605
            ],
            [
              51.5406783,
              25.3744365
            ],
            [
              51.5405846,
              25.3743932
            ],
            [
              51.5399392,
              25.3739973
            ],
            [
              51.5398796,
              25.373955
            ],
            [
              51.539866,
              25.3739303
            ],
            [
              51.5398776,
              25.3738987
            ],
            [
              51.5399094,
              25.373881
            ],
            [
              51.5399415,
              25.3738822
            ],
            [
              51.5400441,
              25.373946
            ],
            [
              51.5400339,
              25.3739601
            ],
            [
              51.5406118,
              25.3743134
            ],
            [
              51.5409957,
              25.3745132
            ],
            [
              51.5409776,
              25.374546
            ],
            [
              51.5410418,
              25.3745724
            ]
          ]
        ]
      }
    },
    {
      "type": "Feature",
      "properties": {
        "osm_way_id": 1035999931,
        "reference_class": "grass",
        "last_edit": "2024-10-03T14:46:22Z",
        "source": "OpenStreetMap contributors"
      },
      "geometry": {
        "type": "Polygon",
        "coordinates": [
          [
            [
              51.5397264,
              25.3739453
            ],
            [
              51.5394915,
              25.3738132
            ],
            [
              51.5391595,
              25.3736567
            ],
            [
              51.5388376,
              25.3735392
            ],
            [
              51.5388858,
              25.3734353
            ],
            [
              51.5389069,
              25.3734071
            ],
            [
              51.5389263,
              25.3733987
            ],
            [
              51.5389508,
              25.3734025
            ],
            [
              51.5392972,
              25.3735445
            ],
            [
              51.5396605,
              25.3737216
            ],
            [
              51.5397501,
              25.3737789
            ],
            [
              51.5397661,
              25.3738124
            ],
            [
              51.5397703,
              25.3738498
            ],
            [
              51.5397602,
              25.3738811
            ],
            [
              51.5397264,
              25.3739453
            ]
          ]
        ]
      }
    },
    {
      "type": "Feature",
      "properties": {
        "osm_way_id": 1035999932,
        "reference_class": "grass",
        "last_edit": "2024-10-03T14:46:22Z",
        "source": "OpenStreetMap contributors"
      },
      "geometry": {
        "type": "Polygon",
        "coordinates": [
          [
            [
              51.5387559,
              25.3735074
            ],
            [
              51.5388081,
              25.3734131
            ],
            [
              51.5388179,
              25.3733899
            ],
            [
              51.5388139,
              25.373362
            ],
            [
              51.5387974,
              25.3733554
            ],
            [
              51.5385,
              25.3732669
            ],
            [
              51.5383493,
              25.3732343
            ],
            [
              51.5382205,
              25.373215
            ],
            [
              51.5380374,
              25.3731708
            ],
            [
              51.5379246,
              25.3731189
            ],
            [
              51.537584,
              25.3730217
            ],
            [
              51.5375339,
              25.3730159
            ],
            [
              51.5374871,
              25.3730208
            ],
            [
              51.5374637,
              25.3730371
            ],
            [
              51.5374413,
              25.3730737
            ],
            [
              51.537419,
              25.3731429
            ],
            [
              51.5385595,
              25.3734479
            ],
            [
              51.5387559,
              25.3735074
            ]
          ]
        ]
      }
    },
    {
      "type": "Feature",
      "properties": {
        "osm_way_id": 1036314394,
        "reference_class": "building",
        "last_edit": "2022-03-01T15:37:48Z",
        "source": "OpenStreetMap contributors"
      },
      "geometry": {
        "type": "Polygon",
        "coordinates": [
          [
            [
              51.5531156,
              25.3763136
            ],
            [
              51.5530495,
              25.3763025
            ],
            [
              51.5530794,
              25.3761582
            ],
            [
              51.5531454,
              25.3761694
            ],
            [
              51.5531156,
              25.3763136
            ]
          ]
        ]
      }
    },
    {
      "type": "Feature",
      "properties": {
        "osm_way_id": 1036826428,
        "reference_class": "building",
        "last_edit": "2022-03-03T13:26:50Z",
        "source": "OpenStreetMap contributors"
      },
      "geometry": {
        "type": "Polygon",
        "coordinates": [
          [
            [
              51.5392018,
              25.3653038
            ],
            [
              51.539171,
              25.3653607
            ],
            [
              51.5392085,
              25.3653765
            ],
            [
              51.539175,
              25.3654371
            ],
            [
              51.5390731,
              25.3653959
            ],
            [
              51.5391387,
              25.3652814
            ],
            [
              51.5392018,
              25.3653038
            ]
          ]
        ]
      }
    },
    {
      "type": "Feature",
      "properties": {
        "osm_way_id": 1041349568,
        "reference_class": "building",
        "last_edit": "2022-03-18T07:02:18Z",
        "source": "OpenStreetMap contributors"
      },
      "geometry": {
        "type": "Polygon",
        "coordinates": [
          [
            [
              51.5439958,
              25.3750474
            ],
            [
              51.5441967,
              25.3750484
            ],
            [
              51.5441999,
              25.3749673
            ],
            [
              51.5439979,
              25.3749683
            ],
            [
              51.5439958,
              25.3750474
            ]
          ]
        ]
      }
    },
    {
      "type": "Feature",
      "properties": {
        "osm_way_id": 1041354656,
        "reference_class": "building",
        "last_edit": "2022-03-18T07:32:23Z",
        "source": "OpenStreetMap contributors"
      },
      "geometry": {
        "type": "Polygon",
        "coordinates": [
          [
            [
              51.5382499,
              25.3671091
            ],
            [
              51.5383786,
              25.3668076
            ],
            [
              51.5385138,
              25.3668547
            ],
            [
              51.5383853,
              25.3671562
            ],
            [
              51.5382499,
              25.3671091
            ]
          ]
        ]
      }
    },
    {
      "type": "Feature",
      "properties": {
        "osm_way_id": 1041616158,
        "reference_class": "building",
        "last_edit": "2022-04-27T13:31:34Z",
        "source": "OpenStreetMap contributors"
      },
      "geometry": {
        "type": "Polygon",
        "coordinates": [
          [
            [
              51.5403731,
              25.371067
            ],
            [
              51.5400931,
              25.3711749
            ],
            [
              51.5401303,
              25.3712346
            ],
            [
              51.5399844,
              25.3712996
            ],
            [
              51.5399364,
              25.3713209
            ],
            [
              51.5398854,
              25.3712549
            ],
            [
              51.5396788,
              25.370899
            ],
            [
              51.5398731,
              25.3707993
            ],
            [
              51.5399538,
              25.3707916
            ],
            [
              51.5401108,
              25.3708113
            ],
            [
              51.5401724,
              25.3708104
            ],
            [
              51.5402386,
              25.3707964
            ],
            [
              51.540318,
              25.3709563
            ],
            [
              51.5403731,
              25.371067
            ]
          ]
        ]
      }
    },
    {
      "type": "Feature",
      "properties": {
        "osm_way_id": 1041616159,
        "reference_class": "building",
        "last_edit": "2022-03-19T08:24:55Z",
        "source": "OpenStreetMap contributors"
      },
      "geometry": {
        "type": "Polygon",
        "coordinates": [
          [
            [
              51.5396465,
              25.3698101
            ],
            [
              51.5398861,
              25.369772
            ],
            [
              51.5399127,
              25.3699718
            ],
            [
              51.5399824,
              25.36997
            ],
            [
              51.540007,
              25.3700403
            ],
            [
              51.5400868,
              25.3700255
            ],
            [
              51.5401155,
              25.3700884
            ],
            [
              51.5400206,
              25.3701262
            ],
            [
              51.5399247,
              25.3701543
            ],
            [
              51.5398407,
              25.3702021
            ],
            [
              51.539797,
              25.3702609
            ],
            [
              51.5397724,
              25.3702462
            ],
            [
              51.5398276,
              25.3701965
            ],
            [
              51.539791,
              25.3699701
            ],
            [
              51.5396748,
              25.3699855
            ],
            [
              51.5396465,
              25.3698101
            ]
          ]
        ]
      }
    },
    {
      "type": "Feature",
      "properties": {
        "osm_way_id": 1041618363,
        "reference_class": "building",
        "last_edit": "2022-03-19T08:34:57Z",
        "source": "OpenStreetMap contributors"
      },
      "geometry": {
        "type": "Polygon",
        "coordinates": [
          [
            [
              51.5504728,
              25.3722489
            ],
            [
              51.5503816,
              25.3722283
            ],
            [
              51.5502837,
              25.3722368
            ],
            [
              51.5502059,
              25.3722707
            ],
            [
              51.5501496,
              25.3722841
            ],
            [
              51.5500866,
              25.3722465
            ],
            [
              51.5500758,
              25.3722174
            ],
            [
              51.5500946,
              25.372169
            ],
            [
              51.5501456,
              25.3721229
            ],
            [
              51.5501764,
              25.3720696
            ],
            [
              51.550226,
              25.3720235
            ],
            [
              51.5503253,
              25.3720017
            ],
            [
              51.5504178,
              25.3719448
            ],
            [
              51.5504741,
              25.3718939
            ],
            [
              51.550588,
              25.3718714
            ],
            [
              51.550662,
              25.3718301
            ],
            [
              51.5507897,
              25.3718094
            ],
            [
              51.5508677,
              25.3718689
            ],
            [
              51.5509162,
              25.3719358
            ],
            [
              51.5509417,
              25.3720269
            ],
            [
              51.5509431,
              25.3720925
            ],
            [
              51.5509363,
              25.3721533
            ],
            [
              51.5509135,
              25.3722043
            ],
            [
              51.550818,
              25.3721764
            ],
            [
              51.550701,
              25.3721824
            ],
            [
              51.5506432,
              25.3722116
            ],
            [
              51.5505732,
              25.3722481
            ],
            [
              51.5505087,
              25.3722578
            ],
            [
              51.5504728,
              25.3722489
            ]
          ]
        ]
      }
    },
    {
      "type": "Feature",
      "properties": {
        "osm_way_id": 1041703789,
        "reference_class": "building",
        "last_edit": "2022-03-19T15:24:04Z",
        "source": "OpenStreetMap contributors"
      },
      "geometry": {
        "type": "Polygon",
        "coordinates": [
          [
            [
              51.554102,
              25.3751675
            ],
            [
              51.5540121,
              25.3751808
            ],
            [
              51.5540028,
              25.3751233
            ],
            [
              51.5540899,
              25.3751106
            ],
            [
              51.554102,
              25.3751675
            ]
          ]
        ]
      }
    },
    {
      "type": "Feature",
      "properties": {
        "osm_way_id": 1042959130,
        "reference_class": "building",
        "last_edit": "2026-02-01T07:09:00Z",
        "source": "OpenStreetMap contributors"
      },
      "geometry": {
        "type": "Polygon",
        "coordinates": [
          [
            [
              51.5428424,
              25.3626333
            ],
            [
              51.542759,
              25.3626137
            ],
            [
              51.5427782,
              25.3625469
            ],
            [
              51.5427585,
              25.3625423
            ],
            [
              51.5427909,
              25.3624297
            ],
            [
              51.5428129,
              25.3624348
            ],
            [
              51.542833,
              25.3623648
            ],
            [
              51.5429161,
              25.3623843
            ],
            [
              51.5429363,
              25.3623137
            ],
            [
              51.5434191,
              25.362427
            ],
            [
              51.543578,
              25.3624643
            ],
            [
              51.5435541,
              25.3625475
            ],
            [
              51.5437065,
              25.3625832
            ],
            [
              51.5436889,
              25.3626443
            ],
            [
              51.5437228,
              25.3626523
            ],
            [
              51.5436924,
              25.3627582
            ],
            [
              51.5436601,
              25.3627506
            ],
            [
              51.54364,
              25.3628205
            ],
            [
              51.5436007,
              25.3628113
            ],
            [
              51.543585,
              25.3628661
            ],
            [
              51.5433004,
              25.3627994
            ],
            [
              51.5433216,
              25.3627257
            ],
            [
              51.5430294,
              25.3626571
            ],
            [
              51.5430056,
              25.3627401
            ],
            [
              51.542824,
              25.3626974
            ],
            [
              51.5428424,
              25.3626333
            ]
          ]
        ]
      }
    },
    {
      "type": "Feature",
      "properties": {
        "osm_way_id": 1044780487,
        "reference_class": "building",
        "last_edit": "2024-03-23T20:21:22Z",
        "source": "OpenStreetMap contributors"
      },
      "geometry": {
        "type": "Polygon",
        "coordinates": [
          [
            [
              51.5399453,
              25.374135
            ],
            [
              51.5396652,
              25.3745293
            ],
            [
              51.5403062,
              25.3749016
            ],
            [
              51.5404967,
              25.3746267
            ],
            [
              51.5405505,
              25.3745489
            ],
            [
              51.5405827,
              25.3745024
            ],
            [
              51.5399453,
              25.374135
            ]
          ]
        ]
      }
    },
    {
      "type": "Feature",
      "properties": {
        "osm_way_id": 1050528870,
        "reference_class": "building",
        "last_edit": "2022-04-09T13:30:04Z",
        "source": "OpenStreetMap contributors"
      },
      "geometry": {
        "type": "Polygon",
        "coordinates": [
          [
            [
              51.5384231,
              25.3731283
            ],
            [
              51.5382595,
              25.373035
            ],
            [
              51.538226,
              25.3730774
            ],
            [
              51.5377995,
              25.3729611
            ],
            [
              51.5378961,
              25.3727139
            ],
            [
              51.5380704,
              25.3727672
            ],
            [
              51.5380879,
              25.3727527
            ],
            [
              51.5382019,
              25.3728169
            ],
            [
              51.5382434,
              25.3727587
            ],
            [
              51.5385438,
              25.3729587
            ],
            [
              51.5384231,
              25.3731283
            ]
          ]
        ]
      }
    },
    {
      "type": "Feature",
      "properties": {
        "osm_way_id": 1050566981,
        "reference_class": "building",
        "last_edit": "2022-04-09T16:12:55Z",
        "source": "OpenStreetMap contributors"
      },
      "geometry": {
        "type": "Polygon",
        "coordinates": [
          [
            [
              51.5381114,
              25.3744265
            ],
            [
              51.5378083,
              25.3741939
            ],
            [
              51.5375655,
              25.3740315
            ],
            [
              51.5371672,
              25.3738013
            ],
            [
              51.5371002,
              25.3738982
            ],
            [
              51.5375092,
              25.3741296
            ],
            [
              51.5377479,
              25.3742726
            ],
            [
              51.5380443,
              25.3744992
            ],
            [
              51.5380792,
              25.374458
            ],
            [
              51.5381114,
              25.3744265
            ]
          ]
        ]
      }
    },
    {
      "type": "Feature",
      "properties": {
        "osm_way_id": 1052359212,
        "reference_class": "building",
        "last_edit": "2022-04-26T04:09:02Z",
        "source": "OpenStreetMap contributors"
      },
      "geometry": {
        "type": "Polygon",
        "coordinates": [
          [
            [
              51.5394373,
              25.3679014
            ],
            [
              51.5396165,
              25.3679708
            ],
            [
              51.539862,
              25.3674831
            ],
            [
              51.5400525,
              25.3671446
            ],
            [
              51.5401235,
              25.3670292
            ],
            [
              51.5399609,
              25.3669365
            ],
            [
              51.5394373,
              25.3679014
            ]
          ]
        ]
      }
    },
    {
      "type": "Feature",
      "properties": {
        "osm_way_id": 1053211434,
        "reference_class": "building",
        "last_edit": "2022-04-20T04:20:14Z",
        "source": "OpenStreetMap contributors"
      },
      "geometry": {
        "type": "Polygon",
        "coordinates": [
          [
            [
              51.5480989,
              25.3724882
            ],
            [
              51.5475889,
              25.3721277
            ],
            [
              51.5479253,
              25.3716914
            ],
            [
              51.5484229,
              25.3719806
            ],
            [
              51.5484998,
              25.3720253
            ],
            [
              51.5481364,
              25.372445
            ],
            [
              51.5480989,
              25.3724882
            ]
          ]
        ]
      }
    },
    {
      "type": "Feature",
      "properties": {
        "osm_way_id": 1053211435,
        "reference_class": "building",
        "last_edit": "2022-05-06T02:04:16Z",
        "source": "OpenStreetMap contributors"
      },
      "geometry": {
        "type": "Polygon",
        "coordinates": [
          [
            [
              51.5466411,
              25.3718992
            ],
            [
              51.5472278,
              25.372312
            ],
            [
              51.5477026,
              25.371774
            ],
            [
              51.5478206,
              25.3716262
            ],
            [
              51.5475363,
              25.3714492
            ],
            [
              51.547429,
              25.3716165
            ],
            [
              51.5474933,
              25.3716649
            ],
            [
              51.5474149,
              25.3717518
            ],
            [
              51.5474102,
              25.371757
            ],
            [
              51.5472583,
              25.3716344
            ],
            [
              51.547054,
              25.3714694
            ],
            [
              51.546918,
              25.3716109
            ],
            [
              51.5468789,
              25.3716517
            ],
            [
              51.5468388,
              25.3716934
            ],
            [
              51.5466411,
              25.3718992
            ]
          ]
        ]
      }
    },
    {
      "type": "Feature",
      "properties": {
        "osm_way_id": 1053366483,
        "reference_class": "building",
        "last_edit": "2022-04-24T03:30:23Z",
        "source": "OpenStreetMap contributors"
      },
      "geometry": {
        "type": "Polygon",
        "coordinates": [
          [
            [
              51.5390925,
              25.3701418
            ],
            [
              51.5390583,
              25.3701459
            ],
            [
              51.5384939,
              25.3702136
            ],
            [
              51.5384452,
              25.3702195
            ],
            [
              51.5383517,
              25.3695833
            ],
            [
              51.5389673,
              25.3695094
            ],
            [
              51.5389989,
              25.3695056
            ],
            [
              51.5390925,
              25.3701418
            ]
          ]
        ]
      }
    },
    {
      "type": "Feature",
      "properties": {
        "osm_way_id": 1053404362,
        "reference_class": "building",
        "last_edit": "2026-02-01T07:09:00Z",
        "source": "OpenStreetMap contributors"
      },
      "geometry": {
        "type": "Polygon",
        "coordinates": [
          [
            [
              51.5429573,
              25.3640806
            ],
            [
              51.5430171,
              25.3637154
            ],
            [
              51.5435601,
              25.3637948
            ],
            [
              51.5435215,
              25.3640108
            ],
            [
              51.5434954,
              25.3641567
            ],
            [
              51.543495,
              25.3641587
            ],
            [
              51.5431736,
              25.3641117
            ],
            [
              51.5430216,
              25.3640895
            ],
            [
              51.5429573,
              25.3640806
            ]
          ]
        ]
      }
    },
    {
      "type": "Feature",
      "properties": {
        "osm_way_id": 1053406563,
        "reference_class": "building",
        "last_edit": "2022-04-24T03:30:23Z",
        "source": "OpenStreetMap contributors"
      },
      "geometry": {
        "type": "Polygon",
        "coordinates": [
          [
            [
              51.5398369,
              25.3717513
            ],
            [
              51.5397812,
              25.3717766
            ],
            [
              51.5392217,
              25.3720311
            ],
            [
              51.5389301,
              25.3715332
            ],
            [
              51.5394836,
              25.3712731
            ],
            [
              51.5395579,
              25.3712382
            ],
            [
              51.5395751,
              25.3712698
            ],
            [
              51.5398369,
              25.3717513
            ]
          ]
        ]
      }
    },
    {
      "type": "Feature",
      "properties": {
        "osm_way_id": 1053408772,
        "reference_class": "building",
        "last_edit": "2022-04-25T03:46:06Z",
        "source": "OpenStreetMap contributors"
      },
      "geometry": {
        "type": "Polygon",
        "coordinates": [
          [
            [
              51.5449571,
              25.3643556
            ],
            [
              51.5448976,
              25.3650203
            ],
            [
              51.544256,
              25.3649734
            ],
            [
              51.5442571,
              25.3649517
            ],
            [
              51.5443071,
              25.3644007
            ],
            [
              51.5443154,
              25.3643087
            ],
            [
              51.5449571,
              25.3643556
            ]
          ]
        ]
      }
    },
    {
      "type": "Feature",
      "properties": {
        "osm_way_id": 1053930052,
        "reference_class": "building",
        "last_edit": "2022-04-23T03:47:22Z",
        "source": "OpenStreetMap contributors"
      },
      "geometry": {
        "type": "Polygon",
        "coordinates": [
          [
            [
              51.5396116,
              25.3659763
            ],
            [
              51.5396817,
              25.3660182
            ],
            [
              51.5401346,
              25.3662885
            ],
            [
              51.540167,
              25.3663078
            ],
            [
              51.5399629,
              25.3665907
            ],
            [
              51.5399287,
              25.3665703
            ],
            [
              51.5394037,
              25.3662672
            ],
            [
              51.5396116,
              25.3659763
            ]
          ]
        ]
      }
    },
    {
      "type": "Feature",
      "properties": {
        "osm_way_id": 1053967047,
        "reference_class": "building",
        "last_edit": "2022-04-27T13:31:34Z",
        "source": "OpenStreetMap contributors"
      },
      "geometry": {
        "type": "Polygon",
        "coordinates": [
          [
            [
              51.539895,
              25.371251
            ],
            [
              51.5399364,
              25.3713209
            ],
            [
              51.5401112,
              25.3716159
            ],
            [
              51.5399238,
              25.3717065
            ],
            [
              51.5397077,
              25.3713416
            ],
            [
              51.539895,
              25.371251
            ]
          ]
        ]
      }
    },
    {
      "type": "Feature",
      "properties": {
        "osm_way_id": 1054156847,
        "reference_class": "building",
        "last_edit": "2022-04-23T09:20:24Z",
        "source": "OpenStreetMap contributors"
      },
      "geometry": {
        "type": "Polygon",
        "coordinates": [
          [
            [
              51.5416403,
              25.372914
            ],
            [
              51.5417744,
              25.3727395
            ],
            [
              51.5410397,
              25.3722128
            ],
            [
              51.5404869,
              25.3717228
            ],
            [
              51.5403032,
              25.3719009
            ],
            [
              51.5408906,
              25.3724414
            ],
            [
              51.5416403,
              25.372914
            ]
          ]
        ]
      }
    },
    {
      "type": "Feature",
      "properties": {
        "osm_way_id": 1056592847,
        "reference_class": "building",
        "last_edit": "2022-07-27T13:37:17Z",
        "source": "OpenStreetMap contributors"
      },
      "geometry": {
        "type": "Polygon",
        "coordinates": [
          [
            [
              51.5453923,
              25.3760296
            ],
            [
              51.5453916,
              25.3758454
            ],
            [
              51.5456109,
              25.3758448
            ],
            [
              51.5456008,
              25.3756327
            ],
            [
              51.5455183,
              25.37558
            ],
            [
              51.5456592,
              25.3754092
            ],
            [
              51.5458214,
              25.3755328
            ],
            [
              51.5458322,
              25.3760175
            ],
            [
              51.5453923,
              25.3760296
            ]
          ]
        ]
      }
    },
    {
      "type": "Feature",
      "properties": {
        "osm_way_id": 1083244827,
        "reference_class": "building",
        "last_edit": "2022-08-02T14:51:36Z",
        "source": "OpenStreetMap contributors"
      },
      "geometry": {
        "type": "Polygon",
        "coordinates": [
          [
            [
              51.5523141,
              25.3680333
            ],
            [
              51.5526048,
              25.3679829
            ],
            [
              51.5525753,
              25.3678332
            ],
            [
              51.5522886,
              25.3678897
            ],
            [
              51.5523141,
              25.3680333
            ]
          ]
        ]
      }
    },
    {
      "type": "Feature",
      "properties": {
        "osm_way_id": 1265637402,
        "reference_class": "building",
        "last_edit": "2026-02-01T07:09:00Z",
        "source": "OpenStreetMap contributors"
      },
      "geometry": {
        "type": "Polygon",
        "coordinates": [
          [
            [
              51.5396111,
              25.3749131
            ],
            [
              51.5400602,
              25.3750152
            ],
            [
              51.540117,
              25.3748112
            ],
            [
              51.5396679,
              25.3747091
            ],
            [
              51.5396111,
              25.3749131
            ]
          ]
        ]
      }
    },
    {
      "type": "Feature",
      "properties": {
        "osm_way_id": 1319896349,
        "reference_class": "building",
        "last_edit": "2024-10-01T15:03:10Z",
        "source": "OpenStreetMap contributors"
      },
      "geometry": {
        "type": "Polygon",
        "coordinates": [
          [
            [
              51.5400825,
              25.3787601
            ],
            [
              51.5402811,
              25.3785816
            ],
            [
              51.5398493,
              25.3781894
            ],
            [
              51.5396507,
              25.3783679
            ],
            [
              51.5400825,
              25.3787601
            ]
          ]
        ]
      }
    },
    {
      "type": "Feature",
      "properties": {
        "osm_way_id": 1319896350,
        "reference_class": "building",
        "last_edit": "2024-10-01T15:03:10Z",
        "source": "OpenStreetMap contributors"
      },
      "geometry": {
        "type": "Polygon",
        "coordinates": [
          [
            [
              51.5390542,
              25.3778442
            ],
            [
              51.5392353,
              25.3776516
            ],
            [
              51.5397095,
              25.3780156
            ],
            [
              51.5395283,
              25.3782082
            ],
            [
              51.5390542,
              25.3778442
            ]
          ]
        ]
      }
    },
    {
      "type": "Feature",
      "properties": {
        "osm_way_id": 1319896351,
        "reference_class": "building",
        "last_edit": "2024-10-01T15:03:10Z",
        "source": "OpenStreetMap contributors"
      },
      "geometry": {
        "type": "Polygon",
        "coordinates": [
          [
            [
              51.5380135,
              25.3774943
            ],
            [
              51.5380959,
              25.3772878
            ],
            [
              51.538529,
              25.3774287
            ],
            [
              51.5385473,
              25.3773828
            ],
            [
              51.5387627,
              25.3774529
            ],
            [
              51.5387425,
              25.3775038
            ],
            [
              51.5389859,
              25.377583
            ],
            [
              51.5389055,
              25.3777846
            ],
            [
              51.5380135,
              25.3774943
            ]
          ]
        ]
      }
    },
    {
      "type": "Feature",
      "properties": {
        "osm_way_id": 1319896377,
        "reference_class": "building",
        "last_edit": "2024-10-01T15:03:10Z",
        "source": "OpenStreetMap contributors"
      },
      "geometry": {
        "type": "Polygon",
        "coordinates": [
          [
            [
              51.5395072,
              25.3790602
            ],
            [
              51.539601,
              25.3789788
            ],
            [
              51.5393314,
              25.3787255
            ],
            [
              51.5395135,
              25.3785673
            ],
            [
              51.5396076,
              25.3786557
            ],
            [
              51.5395904,
              25.3786707
            ],
            [
              51.5396436,
              25.3787208
            ],
            [
              51.5396588,
              25.3787076
            ],
            [
              51.5399051,
              25.378939
            ],
            [
              51.5397762,
              25.3790511
            ],
            [
              51.5398183,
              25.3790907
            ],
            [
              51.5396736,
              25.3792165
            ],
            [
              51.5395072,
              25.3790602
            ]
          ]
        ]
      }
    },
    {
      "type": "Feature",
      "properties": {
        "osm_way_id": 1319896378,
        "reference_class": "building",
        "last_edit": "2024-10-01T15:03:10Z",
        "source": "OpenStreetMap contributors"
      },
      "geometry": {
        "type": "Polygon",
        "coordinates": [
          [
            [
              51.5380861,
              25.3786909
            ],
            [
              51.538165,
              25.3787493
            ],
            [
              51.5381412,
              25.3787755
            ],
            [
              51.5386261,
              25.379134
            ],
            [
              51.5388108,
              25.3789302
            ],
            [
              51.5387932,
              25.3789172
            ],
            [
              51.5389068,
              25.3787919
            ],
            [
              51.5387175,
              25.378652
            ],
            [
              51.5385932,
              25.3787893
            ],
            [
              51.5384704,
              25.3786985
            ],
            [
              51.5384785,
              25.3786896
            ],
            [
              51.5383245,
              25.3785757
            ],
            [
              51.5383018,
              25.3786008
            ],
            [
              51.5382215,
              25.3785415
            ],
            [
              51.5380861,
              25.3786909
            ]
          ]
        ]
      }
    },
    {
      "type": "Feature",
      "properties": {
        "osm_way_id": 1319896379,
        "reference_class": "building",
        "last_edit": "2024-10-01T15:03:10Z",
        "source": "OpenStreetMap contributors"
      },
      "geometry": {
        "type": "Polygon",
        "coordinates": [
          [
            [
              51.538588,
              25.3782148
            ],
            [
              51.5389297,
              25.3784674
            ],
            [
              51.5388266,
              25.3785813
            ],
            [
              51.5390111,
              25.3787177
            ],
            [
              51.5391,
              25.3786196
            ],
            [
              51.539085,
              25.3786085
            ],
            [
              51.5391251,
              25.3785643
            ],
            [
              51.5391413,
              25.3785763
            ],
            [
              51.5392432,
              25.3784637
            ],
            [
              51.5392157,
              25.3784434
            ],
            [
              51.5392697,
              25.3783838
            ],
            [
              51.5387697,
              25.3780142
            ],
            [
              51.538588,
              25.3782148
            ]
          ]
        ]
      }
    },
    {
      "type": "Feature",
      "properties": {
        "osm_way_id": 1319896380,
        "reference_class": "building",
        "last_edit": "2024-10-01T15:03:10Z",
        "source": "OpenStreetMap contributors"
      },
      "geometry": {
        "type": "Polygon",
        "coordinates": [
          [
            [
              51.5376307,
              25.3779455
            ],
            [
              51.537961,
              25.3780634
            ],
            [
              51.5379541,
              25.3780815
            ],
            [
              51.5380476,
              25.3781107
            ],
            [
              51.538033,
              25.3781535
            ],
            [
              51.5382276,
              25.3782243
            ],
            [
              51.5382601,
              25.3781391
            ],
            [
              51.5383454,
              25.3781658
            ],
            [
              51.5384141,
              25.3779861
            ],
            [
              51.5383399,
              25.377963
            ],
            [
              51.538357,
              25.3779182
            ],
            [
              51.538151,
              25.3778539
            ],
            [
              51.5381452,
              25.3778692
            ],
            [
              51.537708,
              25.3777327
            ],
            [
              51.5376307,
              25.3779455
            ]
          ]
        ]
      }
    },
    {
      "type": "Feature",
      "properties": {
        "osm_way_id": 1319896381,
        "reference_class": "building",
        "last_edit": "2024-10-01T15:03:10Z",
        "source": "OpenStreetMap contributors"
      },
      "geometry": {
        "type": "Polygon",
        "coordinates": [
          [
            [
              51.5374332,
              25.3781719
            ],
            [
              51.5375125,
              25.3782309
            ],
            [
              51.5374804,
              25.3782662
            ],
            [
              51.5378768,
              25.378561
            ],
            [
              51.5379022,
              25.3785331
            ],
            [
              51.5379618,
              25.3785774
            ],
            [
              51.5379839,
              25.3785532
            ],
            [
              51.5379943,
              25.3785609
            ],
            [
              51.5380865,
              25.3784597
            ],
            [
              51.5380669,
              25.3784451
            ],
            [
              51.5380891,
              25.3784208
            ],
            [
              51.5377876,
              25.3781966
            ],
            [
              51.5378502,
              25.3781279
            ],
            [
              51.5376877,
              25.3780071
            ],
            [
              51.5376223,
              25.3780789
            ],
            [
              51.5375601,
              25.3780326
            ],
            [
              51.5374332,
              25.3781719
            ]
          ]
        ]
      }
    },
    {
      "type": "Feature",
      "properties": {
        "osm_way_id": 1430847961,
        "reference_class": "building",
        "last_edit": "2025-09-18T10:42:49Z",
        "source": "OpenStreetMap contributors"
      },
      "geometry": {
        "type": "Polygon",
        "coordinates": [
          [
            [
              51.5532083,
              25.3738889
            ],
            [
              51.5532728,
              25.3739575
            ],
            [
              51.5534152,
              25.3738482
            ],
            [
              51.5533508,
              25.3737796
            ],
            [
              51.5532083,
              25.3738889
            ]
          ]
        ]
      }
    },
    {
      "type": "Feature",
      "properties": {
        "osm_way_id": 1430847962,
        "reference_class": "building",
        "last_edit": "2025-09-18T10:42:49Z",
        "source": "OpenStreetMap contributors"
      },
      "geometry": {
        "type": "Polygon",
        "coordinates": [
          [
            [
              51.5533597,
              25.3739946
            ],
            [
              51.5534241,
              25.3740632
            ],
            [
              51.5535666,
              25.373954
            ],
            [
              51.5535022,
              25.3738854
            ],
            [
              51.5533597,
              25.3739946
            ]
          ]
        ]
      }
    },
    {
      "type": "Feature",
      "properties": {
        "osm_way_id": 1430847963,
        "reference_class": "building",
        "last_edit": "2025-09-18T10:42:49Z",
        "source": "OpenStreetMap contributors"
      },
      "geometry": {
        "type": "Polygon",
        "coordinates": [
          [
            [
              51.5534823,
              25.3741177
            ],
            [
              51.5535543,
              25.3741799
            ],
            [
              51.5536834,
              25.3740579
            ],
            [
              51.5536115,
              25.3739957
            ],
            [
              51.5534823,
              25.3741177
            ]
          ]
        ]
      }
    },
    {
      "type": "Feature",
      "properties": {
        "osm_way_id": 1430847964,
        "reference_class": "building",
        "last_edit": "2025-09-18T10:42:49Z",
        "source": "OpenStreetMap contributors"
      },
      "geometry": {
        "type": "Polygon",
        "coordinates": [
          [
            [
              51.5535961,
              25.3742091
            ],
            [
              51.5536681,
              25.3742713
            ],
            [
              51.5537973,
              25.3741493
            ],
            [
              51.5537253,
              25.3740871
            ],
            [
              51.5535961,
              25.3742091
            ]
          ]
        ]
      }
    },
    {
      "type": "Feature",
      "properties": {
        "osm_way_id": 1430847965,
        "reference_class": "building",
        "last_edit": "2025-09-18T10:42:49Z",
        "source": "OpenStreetMap contributors"
      },
      "geometry": {
        "type": "Polygon",
        "coordinates": [
          [
            [
              51.5537248,
              25.374297
            ],
            [
              51.5537967,
              25.3743592
            ],
            [
              51.5539259,
              25.3742372
            ],
            [
              51.553854,
              25.374175
            ],
            [
              51.5537248,
              25.374297
            ]
          ]
        ]
      }
    },
    {
      "type": "Feature",
      "properties": {
        "osm_way_id": 1430847966,
        "reference_class": "building",
        "last_edit": "2025-09-18T10:42:49Z",
        "source": "OpenStreetMap contributors"
      },
      "geometry": {
        "type": "Polygon",
        "coordinates": [
          [
            [
              51.5538498,
              25.3743989
            ],
            [
              51.5539249,
              25.3744579
            ],
            [
              51.5540475,
              25.3743303
            ],
            [
              51.5539723,
              25.3742714
            ],
            [
              51.5538498,
              25.3743989
            ]
          ]
        ]
      }
    },
    {
      "type": "Feature",
      "properties": {
        "osm_way_id": 1430847967,
        "reference_class": "building",
        "last_edit": "2025-09-18T10:42:49Z",
        "source": "OpenStreetMap contributors"
      },
      "geometry": {
        "type": "Polygon",
        "coordinates": [
          [
            [
              51.5539832,
              25.3744854
            ],
            [
              51.5540584,
              25.3745444
            ],
            [
              51.5541809,
              25.3744168
            ],
            [
              51.5541058,
              25.3743579
            ],
            [
              51.5539832,
              25.3744854
            ]
          ]
        ]
      }
    },
    {
      "type": "Feature",
      "properties": {
        "osm_way_id": 1430847968,
        "reference_class": "building",
        "last_edit": "2025-09-18T10:42:49Z",
        "source": "OpenStreetMap contributors"
      },
      "geometry": {
        "type": "Polygon",
        "coordinates": [
          [
            [
              51.554135,
              25.3745845
            ],
            [
              51.5542158,
              25.374637
            ],
            [
              51.5543249,
              25.3744999
            ],
            [
              51.5542441,
              25.3744474
            ],
            [
              51.554135,
              25.3745845
            ]
          ]
        ]
      }
    },
    {
      "type": "Feature",
      "properties": {
        "osm_way_id": 1430847969,
        "reference_class": "building",
        "last_edit": "2025-09-18T10:42:49Z",
        "source": "OpenStreetMap contributors"
      },
      "geometry": {
        "type": "Polygon",
        "coordinates": [
          [
            [
              51.5536813,
              25.3737761
            ],
            [
              51.5537544,
              25.3738394
            ],
            [
              51.5538941,
              25.3737076
            ],
            [
              51.553821,
              25.3736443
            ],
            [
              51.5536813,
              25.3737761
            ]
          ]
        ]
      }
    },
    {
      "type": "Feature",
      "properties": {
        "osm_way_id": 1430847970,
        "reference_class": "building",
        "last_edit": "2025-09-18T10:42:49Z",
        "source": "OpenStreetMap contributors"
      },
      "geometry": {
        "type": "Polygon",
        "coordinates": [
          [
            [
              51.5538129,
              25.3738854
            ],
            [
              51.553886,
              25.3739487
            ],
            [
              51.5540258,
              25.3738169
            ],
            [
              51.5539527,
              25.3737536
            ],
            [
              51.5538129,
              25.3738854
            ]
          ]
        ]
      }
    },
    {
      "type": "Feature",
      "properties": {
        "osm_way_id": 1430847971,
        "reference_class": "building",
        "last_edit": "2025-09-18T10:42:49Z",
        "source": "OpenStreetMap contributors"
      },
      "geometry": {
        "type": "Polygon",
        "coordinates": [
          [
            [
              51.553944,
              25.3739789
            ],
            [
              51.554021,
              25.3740383
            ],
            [
              51.5541521,
              25.3738995
            ],
            [
              51.554075,
              25.3738401
            ],
            [
              51.553944,
              25.3739789
            ]
          ]
        ]
      }
    },
    {
      "type": "Feature",
      "properties": {
        "osm_way_id": 1430847972,
        "reference_class": "building",
        "last_edit": "2025-09-18T10:42:49Z",
        "source": "OpenStreetMap contributors"
      },
      "geometry": {
        "type": "Polygon",
        "coordinates": [
          [
            [
              51.5540741,
              25.3740702
            ],
            [
              51.5541511,
              25.3741295
            ],
            [
              51.5542822,
              25.3739907
            ],
            [
              51.5542052,
              25.3739313
            ],
            [
              51.5540741,
              25.3740702
            ]
          ]
        ]
      }
    },
    {
      "type": "Feature",
      "properties": {
        "osm_way_id": 1430847973,
        "reference_class": "building",
        "last_edit": "2025-09-18T10:42:49Z",
        "source": "OpenStreetMap contributors"
      },
      "geometry": {
        "type": "Polygon",
        "coordinates": [
          [
            [
              51.5542062,
              25.3741773
            ],
            [
              51.5542832,
              25.3742366
            ],
            [
              51.5544143,
              25.3740978
            ],
            [
              51.5543373,
              25.3740384
            ],
            [
              51.5542062,
              25.3741773
            ]
          ]
        ]
      }
    },
    {
      "type": "Feature",
      "properties": {
        "osm_way_id": 1430847974,
        "reference_class": "building",
        "last_edit": "2025-09-18T10:42:49Z",
        "source": "OpenStreetMap contributors"
      },
      "geometry": {
        "type": "Polygon",
        "coordinates": [
          [
            [
              51.5543543,
              25.3742695
            ],
            [
              51.5544414,
              25.3743162
            ],
            [
              51.5545444,
              25.3741592
            ],
            [
              51.5544573,
              25.3741125
            ],
            [
              51.5543543,
              25.3742695
            ]
          ]
        ]
      }
    },
    {
      "type": "Feature",
      "properties": {
        "osm_way_id": 1430847975,
        "reference_class": "building",
        "last_edit": "2025-09-18T10:42:49Z",
        "source": "OpenStreetMap contributors"
      },
      "geometry": {
        "type": "Polygon",
        "coordinates": [
          [
            [
              51.5540536,
              25.3737553
            ],
            [
              51.5541406,
              25.3737086
            ],
            [
              51.5540375,
              25.3735517
            ],
            [
              51.5539504,
              25.3735984
            ],
            [
              51.5540536,
              25.3737553
            ]
          ]
        ]
      }
    },
    {
      "type": "Feature",
      "properties": {
        "osm_way_id": 1430847976,
        "reference_class": "building",
        "last_edit": "2025-09-18T10:42:49Z",
        "source": "OpenStreetMap contributors"
      },
      "geometry": {
        "type": "Polygon",
        "coordinates": [
          [
            [
              51.554187,
              25.3736988
            ],
            [
              51.554274,
              25.3736521
            ],
            [
              51.5541709,
              25.3734952
            ],
            [
              51.5540838,
              25.373542
            ],
            [
              51.554187,
              25.3736988
            ]
          ]
        ]
      }
    },
    {
      "type": "Feature",
      "properties": {
        "osm_way_id": 1430847977,
        "reference_class": "building",
        "last_edit": "2025-09-18T10:42:49Z",
        "source": "OpenStreetMap contributors"
      },
      "geometry": {
        "type": "Polygon",
        "coordinates": [
          [
            [
              51.5543261,
              25.3736161
            ],
            [
              51.5544131,
              25.3735694
            ],
            [
              51.55431,
              25.3734125
            ],
            [
              51.5542229,
              25.3734592
            ],
            [
              51.5543261,
              25.3736161
            ]
          ]
        ]
      }
    },
    {
      "type": "Feature",
      "properties": {
        "osm_way_id": 1430847978,
        "reference_class": "building",
        "last_edit": "2025-09-18T10:42:49Z",
        "source": "OpenStreetMap contributors"
      },
      "geometry": {
        "type": "Polygon",
        "coordinates": [
          [
            [
              51.5544581,
              25.3735399
            ],
            [
              51.5545451,
              25.3734932
            ],
            [
              51.554442,
              25.3733363
            ],
            [
              51.5543549,
              25.373383
            ],
            [
              51.5544581,
              25.3735399
            ]
          ]
        ]
      }
    },
    {
      "type": "Feature",
      "properties": {
        "osm_way_id": 1430847979,
        "reference_class": "building",
        "last_edit": "2025-09-18T10:42:49Z",
        "source": "OpenStreetMap contributors"
      },
      "geometry": {
        "type": "Polygon",
        "coordinates": [
          [
            [
              51.5545963,
              25.3734639
            ],
            [
              51.5546868,
              25.3734228
            ],
            [
              51.554596,
              25.3732597
            ],
            [
              51.5545055,
              25.3733009
            ],
            [
              51.5545963,
              25.3734639
            ]
          ]
        ]
      }
    },
    {
      "type": "Feature",
      "properties": {
        "osm_way_id": 1430847980,
        "reference_class": "building",
        "last_edit": "2025-09-18T10:42:49Z",
        "source": "OpenStreetMap contributors"
      },
      "geometry": {
        "type": "Polygon",
        "coordinates": [
          [
            [
              51.553379,
              25.3736312
            ],
            [
              51.553467,
              25.373586
            ],
            [
              51.5533671,
              25.3734274
            ],
            [
              51.553279,
              25.3734727
            ],
            [
              51.553379,
              25.3736312
            ]
          ]
        ]
      }
    },
    {
      "type": "Feature",
      "properties": {
        "osm_way_id": 1430847981,
        "reference_class": "building",
        "last_edit": "2025-09-18T10:42:49Z",
        "source": "OpenStreetMap contributors"
      },
      "geometry": {
        "type": "Polygon",
        "coordinates": [
          [
            [
              51.5535054,
              25.3735615
            ],
            [
              51.5535933,
              25.3735162
            ],
            [
              51.5534934,
              25.3733576
            ],
            [
              51.5534054,
              25.3734029
            ],
            [
              51.5535054,
              25.3735615
            ]
          ]
        ]
      }
    },
    {
      "type": "Feature",
      "properties": {
        "osm_way_id": 1430847982,
        "reference_class": "building",
        "last_edit": "2025-09-18T10:42:49Z",
        "source": "OpenStreetMap contributors"
      },
      "geometry": {
        "type": "Polygon",
        "coordinates": [
          [
            [
              51.5536444,
              25.3734851
            ],
            [
              51.5537324,
              25.3734399
            ],
            [
              51.5536325,
              25.3732813
            ],
            [
              51.5535445,
              25.3733266
            ],
            [
              51.5536444,
              25.3734851
            ]
          ]
        ]
      }
    },
    {
      "type": "Feature",
      "properties": {
        "osm_way_id": 1430847983,
        "reference_class": "building",
        "last_edit": "2025-09-18T10:42:49Z",
        "source": "OpenStreetMap contributors"
      },
      "geometry": {
        "type": "Polygon",
        "coordinates": [
          [
            [
              51.5537836,
              25.3734105
            ],
            [
              51.5538716,
              25.3733652
            ],
            [
              51.5537717,
              25.3732066
            ],
            [
              51.5536837,
              25.3732519
            ],
            [
              51.5537836,
              25.3734105
            ]
          ]
        ]
      }
    },
    {
      "type": "Feature",
      "properties": {
        "osm_way_id": 1430847984,
        "reference_class": "building",
        "last_edit": "2025-09-18T10:42:49Z",
        "source": "OpenStreetMap contributors"
      },
      "geometry": {
        "type": "Polygon",
        "coordinates": [
          [
            [
              51.5539052,
              25.3733389
            ],
            [
              51.5539932,
              25.3732936
            ],
            [
              51.5538933,
              25.373135
            ],
            [
              51.5538053,
              25.3731803
            ],
            [
              51.5539052,
              25.3733389
            ]
          ]
        ]
      }
    },
    {
      "type": "Feature",
      "properties": {
        "osm_way_id": 1430847985,
        "reference_class": "building",
        "last_edit": "2025-09-18T10:42:49Z",
        "source": "OpenStreetMap contributors"
      },
      "geometry": {
        "type": "Polygon",
        "coordinates": [
          [
            [
              51.5540481,
              25.3732753
            ],
            [
              51.554136,
              25.37323
            ],
            [
              51.5540361,
              25.3730714
            ],
            [
              51.5539481,
              25.3731167
            ],
            [
              51.5540481,
              25.3732753
            ]
          ]
        ]
      }
    },
    {
      "type": "Feature",
      "properties": {
        "osm_way_id": 1430847986,
        "reference_class": "building",
        "last_edit": "2025-09-18T10:42:49Z",
        "source": "OpenStreetMap contributors"
      },
      "geometry": {
        "type": "Polygon",
        "coordinates": [
          [
            [
              51.5542012,
              25.3732021
            ],
            [
              51.5542892,
              25.3731569
            ],
            [
              51.5541893,
              25.3729983
            ],
            [
              51.5541013,
              25.3730436
            ],
            [
              51.5542012,
              25.3732021
            ]
          ]
        ]
      }
    },
    {
      "type": "Feature",
      "properties": {
        "osm_way_id": 1430847987,
        "reference_class": "building",
        "last_edit": "2025-09-18T10:42:49Z",
        "source": "OpenStreetMap contributors"
      },
      "geometry": {
        "type": "Polygon",
        "coordinates": [
          [
            [
              51.554344,
              25.3731226
            ],
            [
              51.554432,
              25.3730773
            ],
            [
              51.554332,
              25.3729188
            ],
            [
              51.554244,
              25.372964
            ],
            [
              51.554344,
              25.3731226
            ]
          ]
        ]
      }
    },
    {
      "type": "Feature",
      "properties": {
        "osm_way_id": 1430847988,
        "reference_class": "building",
        "last_edit": "2025-09-18T10:42:49Z",
        "source": "OpenStreetMap contributors"
      },
      "geometry": {
        "type": "Polygon",
        "coordinates": [
          [
            [
              51.5544825,
              25.3730572
            ],
            [
              51.5545769,
              25.373024
            ],
            [
              51.5545037,
              25.372854
            ],
            [
              51.5544093,
              25.3728871
            ],
            [
              51.5544825,
              25.3730572
            ]
          ]
        ]
      }
    },
    {
      "type": "Feature",
      "properties": {
        "osm_way_id": 1430847989,
        "reference_class": "building",
        "last_edit": "2025-09-18T10:42:49Z",
        "source": "OpenStreetMap contributors"
      },
      "geometry": {
        "type": "Polygon",
        "coordinates": [
          [
            [
              51.5546244,
              25.3730008
            ],
            [
              51.5547215,
              25.372975
            ],
            [
              51.5546646,
              25.3727999
            ],
            [
              51.5545675,
              25.3728257
            ],
            [
              51.5546244,
              25.3730008
            ]
          ]
        ]
      }
    },
    {
      "type": "Feature",
      "properties": {
        "osm_way_id": 1430847990,
        "reference_class": "building",
        "last_edit": "2025-09-18T10:42:49Z",
        "source": "OpenStreetMap contributors"
      },
      "geometry": {
        "type": "Polygon",
        "coordinates": [
          [
            [
              51.5547774,
              25.3729543
            ],
            [
              51.5548769,
              25.3729372
            ],
            [
              51.5548391,
              25.372758
            ],
            [
              51.5547396,
              25.3727751
            ],
            [
              51.5547774,
              25.3729543
            ]
          ]
        ]
      }
    },
    {
      "type": "Feature",
      "properties": {
        "osm_way_id": 1430847991,
        "reference_class": "building",
        "last_edit": "2025-09-18T10:42:49Z",
        "source": "OpenStreetMap contributors"
      },
      "geometry": {
        "type": "Polygon",
        "coordinates": [
          [
            [
              51.5547305,
              25.3734011
            ],
            [
              51.5546658,
              25.3732498
            ],
            [
              51.5547891,
              25.3732067
            ],
            [
              51.5548538,
              25.373358
            ],
            [
              51.5547305,
              25.3734011
            ]
          ]
        ]
      }
    },
    {
      "type": "Feature",
      "properties": {
        "osm_way_id": 1430847992,
        "reference_class": "building",
        "last_edit": "2025-09-18T10:42:49Z",
        "source": "OpenStreetMap contributors"
      },
      "geometry": {
        "type": "Polygon",
        "coordinates": [
          [
            [
              51.554752,
              25.3736698
            ],
            [
              51.5545773,
              25.3736326
            ],
            [
              51.5546077,
              25.3735163
            ],
            [
              51.5547823,
              25.3735535
            ],
            [
              51.554752,
              25.3736698
            ]
          ]
        ]
      }
    },
    {
      "type": "Feature",
      "properties": {
        "osm_way_id": 1430847993,
        "reference_class": "building",
        "last_edit": "2025-09-18T10:42:49Z",
        "source": "OpenStreetMap contributors"
      },
      "geometry": {
        "type": "Polygon",
        "coordinates": [
          [
            [
              51.5546825,
              25.3738194
            ],
            [
              51.5545112,
              25.3737711
            ],
            [
              51.5545507,
              25.373657
            ],
            [
              51.554722,
              25.3737054
            ],
            [
              51.5546825,
              25.3738194
            ]
          ]
        ]
      }
    },
    {
      "type": "Feature",
      "properties": {
        "osm_way_id": 1430847994,
        "reference_class": "building",
        "last_edit": "2025-09-18T10:42:49Z",
        "source": "OpenStreetMap contributors"
      },
      "geometry": {
        "type": "Polygon",
        "coordinates": [
          [
            [
              51.5546322,
              25.3739618
            ],
            [
              51.5544609,
              25.3739134
            ],
            [
              51.5545004,
              25.3737994
            ],
            [
              51.5546717,
              25.3738478
            ],
            [
              51.5546322,
              25.3739618
            ]
          ]
        ]
      }
    },
    {
      "type": "Feature",
      "properties": {
        "osm_way_id": 1430847995,
        "reference_class": "building",
        "last_edit": "2025-09-18T10:42:49Z",
        "source": "OpenStreetMap contributors"
      },
      "geometry": {
        "type": "Polygon",
        "coordinates": [
          [
            [
              51.5545807,
              25.3740929
            ],
            [
              51.5544094,
              25.3740445
            ],
            [
              51.5544489,
              25.3739305
            ],
            [
              51.5546202,
              25.3739789
            ],
            [
              51.5545807,
              25.3740929
            ]
          ]
        ]
      }
    },
    {
      "type": "Feature",
      "properties": {
        "osm_way_id": 1430847998,
        "reference_class": "building",
        "last_edit": "2025-09-18T10:42:49Z",
        "source": "OpenStreetMap contributors"
      },
      "geometry": {
        "type": "Polygon",
        "coordinates": [
          [
            [
              51.5546372,
              25.3747834
            ],
            [
              51.5546893,
              25.3747067
            ],
            [
              51.5545299,
              25.3746184
            ],
            [
              51.5544779,
              25.3746951
            ],
            [
              51.5546372,
              25.3747834
            ]
          ]
        ]
      }
    },
    {
      "type": "Feature",
      "properties": {
        "osm_way_id": 1430847999,
        "reference_class": "building",
        "last_edit": "2025-09-18T10:42:49Z",
        "source": "OpenStreetMap contributors"
      },
      "geometry": {
        "type": "Polygon",
        "coordinates": [
          [
            [
              51.5547231,
              25.3746402
            ],
            [
              51.5547704,
              25.374561
            ],
            [
              51.5546059,
              25.3744808
            ],
            [
              51.5545586,
              25.37456
            ],
            [
              51.5547231,
              25.3746402
            ]
          ]
        ]
      }
    },
    {
      "type": "Feature",
      "properties": {
        "osm_way_id": 1430848000,
        "reference_class": "building",
        "last_edit": "2025-09-18T10:42:49Z",
        "source": "OpenStreetMap contributors"
      },
      "geometry": {
        "type": "Polygon",
        "coordinates": [
          [
            [
              51.5548146,
              25.3745156
            ],
            [
              51.5548619,
              25.3744364
            ],
            [
              51.5546974,
              25.3743562
            ],
            [
              51.5546501,
              25.3744353
            ],
            [
              51.5548146,
              25.3745156
            ]
          ]
        ]
      }
    },
    {
      "type": "Feature",
      "properties": {
        "osm_way_id": 1430848001,
        "reference_class": "building",
        "last_edit": "2025-09-18T10:42:49Z",
        "source": "OpenStreetMap contributors"
      },
      "geometry": {
        "type": "Polygon",
        "coordinates": [
          [
            [
              51.5548946,
              25.3743735
            ],
            [
              51.5549281,
              25.3742887
            ],
            [
              51.554752,
              25.374232
            ],
            [
              51.5547186,
              25.3743168
            ],
            [
              51.5548946,
              25.3743735
            ]
          ]
        ]
      }
    },
    {
      "type": "Feature",
      "properties": {
        "osm_way_id": 1430848002,
        "reference_class": "building",
        "last_edit": "2025-09-18T10:42:49Z",
        "source": "OpenStreetMap contributors"
      },
      "geometry": {
        "type": "Polygon",
        "coordinates": [
          [
            [
              51.5549784,
              25.3742366
            ],
            [
              51.5550118,
              25.3741518
            ],
            [
              51.5548357,
              25.3740951
            ],
            [
              51.5548023,
              25.3741798
            ],
            [
              51.5549784,
              25.3742366
            ]
          ]
        ]
      }
    },
    {
      "type": "Feature",
      "properties": {
        "osm_way_id": 1430848003,
        "reference_class": "building",
        "last_edit": "2025-09-18T10:42:49Z",
        "source": "OpenStreetMap contributors"
      },
      "geometry": {
        "type": "Polygon",
        "coordinates": [
          [
            [
              51.5550411,
              25.3741062
            ],
            [
              51.5550746,
              25.3740214
            ],
            [
              51.5548985,
              25.3739647
            ],
            [
              51.5548651,
              25.3740495
            ],
            [
              51.5550411,
              25.3741062
            ]
          ]
        ]
      }
    },
    {
      "type": "Feature",
      "properties": {
        "osm_way_id": 1430848004,
        "reference_class": "building",
        "last_edit": "2025-09-18T10:42:49Z",
        "source": "OpenStreetMap contributors"
      },
      "geometry": {
        "type": "Polygon",
        "coordinates": [
          [
            [
              51.5551004,
              25.3739554
            ],
            [
              51.5551247,
              25.3738682
            ],
            [
              51.5549434,
              25.373827
            ],
            [
              51.5549191,
              25.3739142
            ],
            [
              51.5551004,
              25.3739554
            ]
          ]
        ]
      }
    },
    {
      "type": "Feature",
      "properties": {
        "osm_way_id": 1430848005,
        "reference_class": "building",
        "last_edit": "2025-09-18T10:42:49Z",
        "source": "OpenStreetMap contributors"
      },
      "geometry": {
        "type": "Polygon",
        "coordinates": [
          [
            [
              51.5551612,
              25.3738169
            ],
            [
              51.5551855,
              25.3737296
            ],
            [
              51.5550042,
              25.3736885
            ],
            [
              51.55498,
              25.3737757
            ],
            [
              51.5551612,
              25.3738169
            ]
          ]
        ]
      }
    },
    {
      "type": "Feature",
      "properties": {
        "osm_way_id": 1430848006,
        "reference_class": "building",
        "last_edit": "2025-09-18T10:42:49Z",
        "source": "OpenStreetMap contributors"
      },
      "geometry": {
        "type": "Polygon",
        "coordinates": [
          [
            [
              51.555205,
              25.373663
            ],
            [
              51.5552236,
              25.3735746
            ],
            [
              51.55504,
              25.3735431
            ],
            [
              51.5550214,
              25.3736315
            ],
            [
              51.555205,
              25.373663
            ]
          ]
        ]
      }
    },
    {
      "type": "Feature",
      "properties": {
        "osm_way_id": 1430848007,
        "reference_class": "building",
        "last_edit": "2025-09-18T10:42:49Z",
        "source": "OpenStreetMap contributors"
      },
      "geometry": {
        "type": "Polygon",
        "coordinates": [
          [
            [
              51.5552306,
              25.3735065
            ],
            [
              51.5552385,
              25.3734168
            ],
            [
              51.5550522,
              25.3734034
            ],
            [
              51.5550443,
              25.373493
            ],
            [
              51.5552306,
              25.3735065
            ]
          ]
        ]
      }
    },
    {
      "type": "Feature",
      "properties": {
        "osm_way_id": 1430848008,
        "reference_class": "building",
        "last_edit": "2025-09-18T10:42:49Z",
        "source": "OpenStreetMap contributors"
      },
      "geometry": {
        "type": "Polygon",
        "coordinates": [
          [
            [
              51.5552666,
              25.3733668
            ],
            [
              51.5552746,
              25.3732771
            ],
            [
              51.5550882,
              25.3732636
            ],
            [
              51.5550803,
              25.3733533
            ],
            [
              51.5552666,
              25.3733668
            ]
          ]
        ]
      }
    },
    {
      "type": "Feature",
      "properties": {
        "osm_way_id": 1430848009,
        "reference_class": "building",
        "last_edit": "2025-09-18T10:42:49Z",
        "source": "OpenStreetMap contributors"
      },
      "geometry": {
        "type": "Polygon",
        "coordinates": [
          [
            [
              51.5552854,
              25.3732145
            ],
            [
              51.5552869,
              25.3731246
            ],
            [
              51.5551,
              25.373122
            ],
            [
              51.5550985,
              25.3732119
            ],
            [
              51.5552854,
              25.3732145
            ]
          ]
        ]
      }
    },
    {
      "type": "Feature",
      "properties": {
        "osm_way_id": 1430848010,
        "reference_class": "building",
        "last_edit": "2025-09-18T10:42:49Z",
        "source": "OpenStreetMap contributors"
      },
      "geometry": {
        "type": "Polygon",
        "coordinates": [
          [
            [
              51.5552971,
              25.3730817
            ],
            [
              51.5552986,
              25.3729917
            ],
            [
              51.5551117,
              25.3729892
            ],
            [
              51.5551102,
              25.3730791
            ],
            [
              51.5552971,
              25.3730817
            ]
          ]
        ]
      }
    },
    {
      "type": "Feature",
      "properties": {
        "osm_way_id": 1430848011,
        "reference_class": "building",
        "last_edit": "2025-09-18T10:42:49Z",
        "source": "OpenStreetMap contributors"
      },
      "geometry": {
        "type": "Polygon",
        "coordinates": [
          [
            [
              51.5553032,
              25.3729197
            ],
            [
              51.5553047,
              25.3728297
            ],
            [
              51.5551178,
              25.3728272
            ],
            [
              51.5551163,
              25.3729171
            ],
            [
              51.5553032,
              25.3729197
            ]
          ]
        ]
      }
    },
    {
      "type": "Feature",
      "properties": {
        "osm_way_id": 1430849832,
        "reference_class": "building",
        "last_edit": "2026-02-01T07:09:00Z",
        "source": "OpenStreetMap contributors"
      },
      "geometry": {
        "type": "Polygon",
        "coordinates": [
          [
            [
              51.5545661,
              25.3697071
            ],
            [
              51.5547573,
              25.3694648
            ],
            [
              51.554823,
              25.3695072
            ],
            [
              51.5548686,
              25.3694495
            ],
            [
              51.555094,
              25.3695947
            ],
            [
              51.5550417,
              25.3696609
            ],
            [
              51.5550967,
              25.3696962
            ],
            [
              51.5549121,
              25.3699301
            ],
            [
              51.5545661,
              25.3697071
            ]
          ]
        ]
      }
    },
    {
      "type": "Feature",
      "properties": {
        "osm_way_id": 1430849833,
        "reference_class": "building",
        "last_edit": "2026-02-01T07:09:00Z",
        "source": "OpenStreetMap contributors"
      },
      "geometry": {
        "type": "Polygon",
        "coordinates": [
          [
            [
              51.5540497,
              25.3692436
            ],
            [
              51.5542934,
              25.3690434
            ],
            [
              51.5543477,
              25.3690975
            ],
            [
              51.5544058,
              25.3690497
            ],
            [
              51.554592,
              25.3692349
            ],
            [
              51.5545254,
              25.3692895
            ],
            [
              51.5545708,
              25.3693346
            ],
            [
              51.5543355,
              25.3695277
            ],
            [
              51.5540497,
              25.3692436
            ]
          ]
        ]
      }
    },
    {
      "type": "Feature",
      "properties": {
        "osm_way_id": 1430849834,
        "reference_class": "building",
        "last_edit": "2026-02-01T07:09:00Z",
        "source": "OpenStreetMap contributors"
      },
      "geometry": {
        "type": "Polygon",
        "coordinates": [
          [
            [
              51.5536283,
              25.368658
            ],
            [
              51.5539129,
              25.3685082
            ],
            [
              51.5539535,
              25.3685713
            ],
            [
              51.5540213,
              25.3685355
            ],
            [
              51.5541607,
              25.3687517
            ],
            [
              51.554083,
              25.3687926
            ],
            [
              51.5541169,
              25.3688452
            ],
            [
              51.5538423,
              25.3689898
            ],
            [
              51.5536283,
              25.368658
            ]
          ]
        ]
      }
    },
    {
      "type": "Feature",
      "properties": {
        "osm_way_id": 1430849835,
        "reference_class": "building",
        "last_edit": "2026-02-01T07:09:00Z",
        "source": "OpenStreetMap contributors"
      },
      "geometry": {
        "type": "Polygon",
        "coordinates": [
          [
            [
              51.5533113,
              25.3680123
            ],
            [
              51.5536195,
              25.3679074
            ],
            [
              51.5536479,
              25.3679757
            ],
            [
              51.5537214,
              25.3679507
            ],
            [
              51.5538191,
              25.3681847
            ],
            [
              51.5537349,
              25.3682134
            ],
            [
              51.5537587,
              25.3682704
            ],
            [
              51.5534613,
              25.3683717
            ],
            [
              51.5533113,
              25.3680123
            ]
          ]
        ]
      }
    },
    {
      "type": "Feature",
      "properties": {
        "osm_way_id": 1430849836,
        "reference_class": "building",
        "last_edit": "2026-02-01T07:09:00Z",
        "source": "OpenStreetMap contributors"
      },
      "geometry": {
        "type": "Polygon",
        "coordinates": [
          [
            [
              51.5531887,
              25.3673482
            ],
            [
              51.553514,
              25.3673017
            ],
            [
              51.5535265,
              25.3673738
            ],
            [
              51.5536041,
              25.3673627
            ],
            [
              51.5536473,
              25.3676098
            ],
            [
              51.5535585,
              25.3676225
            ],
            [
              51.553569,
              25.3676827
            ],
            [
              51.553255,
              25.3677275
            ],
            [
              51.5531887,
              25.3673482
            ]
          ]
        ]
      }
    },
    {
      "type": "Feature",
      "properties": {
        "osm_way_id": 1430849837,
        "reference_class": "building",
        "last_edit": "2026-02-01T07:09:00Z",
        "source": "OpenStreetMap contributors"
      },
      "geometry": {
        "type": "Polygon",
        "coordinates": [
          [
            [
              51.5531435,
              25.3666642
            ],
            [
              51.5534728,
              25.3666618
            ],
            [
              51.5534734,
              25.3667347
            ],
            [
              51.5535519,
              25.3667341
            ],
            [
              51.5535542,
              25.3669843
            ],
            [
              51.5534643,
              25.3669849
            ],
            [
              51.5534649,
              25.3670459
            ],
            [
              51.553147,
              25.3670482
            ],
            [
              51.5531435,
              25.3666642
            ]
          ]
        ]
      }
    },
    {
      "type": "Feature",
      "properties": {
        "osm_way_id": 1430849838,
        "reference_class": "building",
        "last_edit": "2026-02-01T07:09:00Z",
        "source": "OpenStreetMap contributors"
      },
      "geometry": {
        "type": "Polygon",
        "coordinates": [
          [
            [
              51.5532496,
              25.3659913
            ],
            [
              51.5535736,
              25.3660446
            ],
            [
              51.5535591,
              25.3661163
            ],
            [
              51.5536363,
              25.3661291
            ],
            [
              51.5535867,
              25.3663752
            ],
            [
              51.5534982,
              25.3663606
            ],
            [
              51.5534861,
              25.3664205
            ],
            [
              51.5531735,
              25.3663691
            ],
            [
              51.5532496,
              25.3659913
            ]
          ]
        ]
      }
    }
  ]
}